00:00:00.006878 VirtualBox VM 7.2.8 r173730 linux.amd64 (Apr 20 2026 11:18:10) release log
00:00:00.006879 Log opened 2026-05-14T02:59:03.051565000Z
00:00:00.006879 Build Type: release
00:00:00.006880 OS Product: Linux
00:00:00.006880 OS Release: 7.0.0-15-generic
00:00:00.006881 OS Version: #15-Ubuntu SMP PREEMPT_DYNAMIC Wed Apr 22 16:06:43 UTC 2026
00:00:00.006893 DMI Product Name: System Product Name
00:00:00.006895 DMI Product Version: System Version
00:00:00.006897 Firmware type: UEFI
00:00:00.007049 Secure Boot: Disabled
00:00:00.007066 Host RAM: 93988MB (91.7GB) total, 69005MB (67.3GB) available
00:00:00.007067 Executable: /opt/VirtualBox/VBoxHeadless
00:00:00.007067 Process ID: 1295404
00:00:00.007067 Package type: LINUX_64BITS_GENERIC
00:00:00.008904 Installed Extension Packs:
00:00:00.008907   None installed!
00:00:00.009366 Console: Machine state changed to 'Starting'
00:00:00.010180 SUP: Opened VMMR0.r0 (/opt/VirtualBox/VMMR0.r0) at 0xXXXXXXXXXXXXXXXX.
00:00:00.011344 Guest architecture: x86
00:00:00.011344 Guest OS type: 'Linux26_64'
00:00:00.013264 fHMForced=true - No raw-mode support in this build!
00:00:00.013270 Using execution engine 1
00:00:00.016428 File system of '/home/xxx/dev.environment/resources/software/virtualbox/clustering/virtualbox-v2/talos-cluster-worker-1/talos-cluster-worker-1.vdi' is ext4
00:00:00.017261 File system of '/home/xxx/dev.environment/resources/software/virtualbox/clustering/virtualbox-v2/talos-v1.8.3-metal-amd64.iso' (DVD) is ext4
00:00:00.026329 Shared Clipboard: Service loaded
00:00:00.026349 Shared Clipboard: Mode: Off
00:00:00.026398 Shared Clipboard: Service running in headless mode
00:00:00.026781 Drag and drop service loaded
00:00:00.026783 Drag and drop mode: Off
00:00:00.033453 Audio: Detected default audio driver type is 'ALSAAudio'
00:00:00.037991 ************************* CFGM dump *************************
00:00:00.037992 [/] (level 0)
00:00:00.037993   CpuExecutionCap   <integer> = 0x0000000000000064 (100)
00:00:00.037995   EnablePAE         <integer> = 0x0000000000000001 (1)
00:00:00.037995   HMEnabled         <integer> = 0x0000000000000001 (1)
00:00:00.037995   MemBalloonSize    <integer> = 0x0000000000000000 (0, 0 B)
00:00:00.037997   Name              <string>  = "talos-cluster-worker-1" (cb=23)
00:00:00.037997   NumCPUs           <integer> = 0x0000000000000002 (2)
00:00:00.037997   PageFusionAllowed <integer> = 0x0000000000000000 (0)
00:00:00.037998   RamHoleSize       <integer> = 0x0000000020000000 (536 870 912, 512.0 MiB)
00:00:00.037998   RamSize           <integer> = 0x0000000080000000 (2 147 483 648, 2.0 GiB)
00:00:00.037999   TimerMillies      <integer> = 0x000000000000000a (10)
00:00:00.037999   UUID              <bytes>   = "22 b5 fb 9d 22 c6 c5 44 b9 a3 0d 6a 0e ee b9 92" (cb=16)
00:00:00.038003 
00:00:00.038003 [/CPUM/] (level 1)
00:00:00.038004   Enable64bit        <integer> = 0x0000000000000001 (1)
00:00:00.038004   GuestCpuName       <string>  = "host" (cb=5)
00:00:00.038005   NestedHWVirt       <integer> = 0x0000000000000000 (0)
00:00:00.038005   PortableCpuIdLevel <integer> = 0x0000000000000000 (0)
00:00:00.038005   SpecCtrl           <integer> = 0x0000000000000000 (0)
00:00:00.038006 
00:00:00.038006 [/CPUM/IsaExts/] (level 2)
00:00:00.038006 
00:00:00.038006 [/DBGC/] (level 1)
00:00:00.038007   GlobalInitScript <string>  = "/home/xxx/.config/VirtualBox/dbgc-init" (cb=39)
00:00:00.038007   HistoryFile      <string>  = "/home/xxx/.config/VirtualBox/dbgc-history" (cb=42)
00:00:00.038007   LocalInitScript  <string>  = "/home/xxx/dev.environment/resources/software/virtualbox/clustering/virtualbox-v2/talos-cluster-worker-1/dbgc-init" (cb=114)
00:00:00.038008 
00:00:00.038008 [/DBGF/] (level 1)
00:00:00.038008   Path <string>  = "/home/xxx/dev.environment/resources/software/virtualbox/clustering/virtualbox-v2/talos-cluster-worker-1/debug/;/home/xxx/dev.environment/resources/software/virtualbox/clustering/virtualbox-v2/talos-cluster-worker-1/;cache*/home/xxx/dev.environment/resources/software/virtualbox/clustering/virtualbox-v2/talos-cluster-worker-1/dbgcache/;/home/xxx/" (cb=347)
00:00:00.038008 
00:00:00.038008 [/Devices/] (level 1)
00:00:00.038009 
00:00:00.038009 [/Devices/3c501/] (level 2)
00:00:00.038009 
00:00:00.038009 [/Devices/8237A/] (level 2)
00:00:00.038010 
00:00:00.038010 [/Devices/8237A/0/] (level 3)
00:00:00.038010   Trusted <integer> = 0x0000000000000001 (1)
00:00:00.038010 
00:00:00.038010 [/Devices/GIMDev/] (level 2)
00:00:00.038011 
00:00:00.038011 [/Devices/GIMDev/0/] (level 3)
00:00:00.038011   Trusted <integer> = 0x0000000000000001 (1)
00:00:00.038011 
00:00:00.038011 [/Devices/VMMDev/] (level 2)
00:00:00.038012 
00:00:00.038012 [/Devices/VMMDev/0/] (level 3)
00:00:00.038012   PCIBusNo      <integer> = 0x0000000000000000 (0)
00:00:00.038013   PCIDeviceNo   <integer> = 0x0000000000000004 (4)
00:00:00.038013   PCIFunctionNo <integer> = 0x0000000000000000 (0)
00:00:00.038013   Trusted       <integer> = 0x0000000000000001 (1)
00:00:00.038013 
00:00:00.038013 [/Devices/VMMDev/0/Config/] (level 4)
00:00:00.038014   GuestCoreDumpDir <string>  = "/home/xxx/dev.environment/resources/software/virtualbox/clustering/virtualbox-v2/talos-cluster-worker-1/Snapshots" (cb=114)
00:00:00.038014 
00:00:00.038014 [/Devices/VMMDev/0/LUN#0/] (level 4)
00:00:00.038015   Driver <string>  = "HGCM" (cb=5)
00:00:00.038015 
00:00:00.038015 [/Devices/VMMDev/0/LUN#0/Config/] (level 5)
00:00:00.038015 
00:00:00.038016 [/Devices/VMMDev/0/LUN#999/] (level 4)
00:00:00.038016   Driver <string>  = "MainStatus" (cb=11)
00:00:00.038016 
00:00:00.038016 [/Devices/VMMDev/0/LUN#999/Config/] (level 5)
00:00:00.038017   First                <integer> = 0x0000000000000000 (0)
00:00:00.038017   HasMediumAttachments <integer> = 0x0000000000000000 (0)
00:00:00.038017   Last                 <integer> = 0x0000000000000000 (0)
00:00:00.038018   iLedSet              <integer> = 0x0000000000000005 (5)
00:00:00.038018 
00:00:00.038018 [/Devices/acpi/] (level 2)
00:00:00.038018 
00:00:00.038018 [/Devices/acpi/0/] (level 3)
00:00:00.038019   PCIBusNo      <integer> = 0x0000000000000000 (0)
00:00:00.038019   PCIDeviceNo   <integer> = 0x0000000000000007 (7)
00:00:00.038019   PCIFunctionNo <integer> = 0x0000000000000000 (0)
00:00:00.038020   Trusted       <integer> = 0x0000000000000001 (1)
00:00:00.038020 
00:00:00.038020 [/Devices/acpi/0/Config/] (level 4)
00:00:00.038020   CpuHotPlug          <integer> = 0x0000000000000000 (0)
00:00:00.038021   FdcEnabled          <integer> = 0x0000000000000000 (0)
00:00:00.038021   HostBusPciAddress   <integer> = 0x0000000000000000 (0)
00:00:00.038021   HpetEnabled         <integer> = 0x0000000000000000 (0)
00:00:00.038022   IOAPIC              <integer> = 0x0000000000000001 (1)
00:00:00.038022   IocPciAddress       <integer> = 0x0000000000010000 (65 536)
00:00:00.038022   NumCPUs             <integer> = 0x0000000000000002 (2)
00:00:00.038023   Parallel0IoPortBase <integer> = 0x0000000000000000 (0)
00:00:00.038023   Parallel0Irq        <integer> = 0x0000000000000000 (0)
00:00:00.038023   Parallel1IoPortBase <integer> = 0x0000000000000000 (0)
00:00:00.038023   Parallel1Irq        <integer> = 0x0000000000000000 (0)
00:00:00.038024   Serial0IoPortBase   <integer> = 0x0000000000000000 (0)
00:00:00.038024   Serial0Irq          <integer> = 0x0000000000000000 (0)
00:00:00.038024   Serial1IoPortBase   <integer> = 0x0000000000000000 (0)
00:00:00.038024   Serial1Irq          <integer> = 0x0000000000000000 (0)
00:00:00.038025   ShowCpu             <integer> = 0x0000000000000001 (1)
00:00:00.038025   ShowRtc             <integer> = 0x0000000000000000 (0)
00:00:00.038025   SmcEnabled          <integer> = 0x0000000000000000 (0)
00:00:00.038026 
00:00:00.038026 [/Devices/acpi/0/LUN#0/] (level 4)
00:00:00.038026   Driver <string>  = "ACPIHost" (cb=9)
00:00:00.038026 
00:00:00.038026 [/Devices/acpi/0/LUN#0/Config/] (level 5)
00:00:00.038027 
00:00:00.038027 [/Devices/acpi/0/LUN#1/] (level 4)
00:00:00.038027   Driver <string>  = "ACPICpu" (cb=8)
00:00:00.038027 
00:00:00.038028 [/Devices/acpi/0/LUN#1/Config/] (level 5)
00:00:00.038028 
00:00:00.038028 [/Devices/ahci/] (level 2)
00:00:00.038028 
00:00:00.038028 [/Devices/ahci/0/] (level 3)
00:00:00.038029   PCIBusNo      <integer> = 0x0000000000000000 (0)
00:00:00.038029   PCIDeviceNo   <integer> = 0x000000000000000d (13)
00:00:00.038029   PCIFunctionNo <integer> = 0x0000000000000000 (0)
00:00:00.038030   Trusted       <integer> = 0x0000000000000001 (1)
00:00:00.038030 
00:00:00.038030 [/Devices/ahci/0/Config/] (level 4)
00:00:00.038030   Bootable  <integer> = 0x0000000000000001 (1)
00:00:00.038031   PortCount <integer> = 0x000000000000001e (30)
00:00:00.038031 
00:00:00.038031 [/Devices/ahci/0/Config/Port0/] (level 5)
00:00:00.038032   Hotpluggable <integer> = 0x0000000000000000 (0)
00:00:00.038032 
00:00:00.038032 [/Devices/ahci/0/LUN#0/] (level 4)
00:00:00.038032   Driver <string>  = "VD" (cb=3)
00:00:00.038032 
00:00:00.038032 [/Devices/ahci/0/LUN#0/Config/] (level 5)
00:00:00.038033   BlockCache <integer> = 0x0000000000000001 (1)
00:00:00.038033   Format     <string>  = "VDI" (cb=4)
00:00:00.038034   Mountable  <integer> = 0x0000000000000000 (0)
00:00:00.038034   Path       <string>  = "/home/xxx/dev.environment/resources/software/virtualbox/clustering/virtualbox-v2/talos-cluster-worker-1/talos-cluster-worker-1.vdi" (cb=131)
00:00:00.038034   Type       <string>  = "HardDisk" (cb=9)
00:00:00.038035   UseNewIo   <integer> = 0x0000000000000001 (1)
00:00:00.038035 
00:00:00.038035 [/Devices/ahci/0/LUN#0/Config/VDConfig/] (level 6)
00:00:00.038036   AllocationBlockSize <string>  = "1048576" (cb=8)
00:00:00.038036 
00:00:00.038036 [/Devices/ahci/0/LUN#999/] (level 4)
00:00:00.038036   Driver <string>  = "MainStatus" (cb=11)
00:00:00.038037 
00:00:00.038037 [/Devices/ahci/0/LUN#999/Config/] (level 5)
00:00:00.038037   DeviceInstance       <string>  = "ahci/0" (cb=7)
00:00:00.038037   First                <integer> = 0x0000000000000000 (0)
00:00:00.038038   HasMediumAttachments <integer> = 0x0000000000000001 (1)
00:00:00.038038   Last                 <integer> = 0x000000000000001d (29)
00:00:00.038038   iLedSet              <integer> = 0x0000000000000001 (1)
00:00:00.038039 
00:00:00.038039 [/Devices/apic/] (level 2)
00:00:00.038039 
00:00:00.038039 [/Devices/apic/0/] (level 3)
00:00:00.038039   Trusted <integer> = 0x0000000000000001 (1)
00:00:00.038040 
00:00:00.038040 [/Devices/apic/0/Config/] (level 4)
00:00:00.038040   IOAPIC  <integer> = 0x0000000000000001 (1)
00:00:00.038040   Mode    <integer> = 0x0000000000000003 (3)
00:00:00.038041   NumCPUs <integer> = 0x0000000000000002 (2)
00:00:00.038041 
00:00:00.038041 [/Devices/dp8390/] (level 2)
00:00:00.038041 
00:00:00.038041 [/Devices/e1000/] (level 2)
00:00:00.038042 
00:00:00.038042 [/Devices/e1000/0/] (level 3)
00:00:00.038042   PCIBusNo      <integer> = 0x0000000000000000 (0)
00:00:00.038042   PCIDeviceNo   <integer> = 0x0000000000000003 (3)
00:00:00.038043   PCIFunctionNo <integer> = 0x0000000000000000 (0)
00:00:00.038043   Trusted       <integer> = 0x0000000000000001 (1)
00:00:00.038043 
00:00:00.038043 [/Devices/e1000/0/Config/] (level 4)
00:00:00.038044   AdapterType    <integer> = 0x0000000000000000 (0)
00:00:00.038044   CableConnected <integer> = 0x0000000000000001 (1)
00:00:00.038044   LineSpeed      <integer> = 0x0000000000000000 (0)
00:00:00.038044   MAC            <bytes>   = "08 00 27 9c a9 1d" (cb=6)
00:00:00.038045 
00:00:00.038045 [/Devices/e1000/0/LUN#0/] (level 4)
00:00:00.038046   Driver <string>  = "NAT" (cb=4)
00:00:00.038046 
00:00:00.038046 [/Devices/e1000/0/LUN#0/Config/] (level 5)
00:00:00.038046   AliasMode          <integer> = 0x0000000000000000 (0)
00:00:00.038047   DNSProxy           <integer> = 0x0000000000000000 (0)
00:00:00.038047   EnableTFTP         <integer> = 0x0000000000000000 (0)
00:00:00.038047   ForwardBroadcast   <integer> = 0x0000000000000000 (0)
00:00:00.038047   LocalhostReachable <integer> = 0x0000000000000000 (0)
00:00:00.038048   Network            <string>  = "10.0.2.0/24" (cb=12)
00:00:00.038048   PassDomain         <integer> = 0x0000000000000001 (1)
00:00:00.038048   UseHostResolver    <integer> = 0x0000000000000000 (0)
00:00:00.038049 
00:00:00.038049 [/Devices/e1000/0/LUN#999/] (level 4)
00:00:00.038049   Driver <string>  = "MainStatus" (cb=11)
00:00:00.038049 
00:00:00.038049 [/Devices/e1000/0/LUN#999/Config/] (level 5)
00:00:00.038050   First                <integer> = 0x0000000000000000 (0)
00:00:00.038050   HasMediumAttachments <integer> = 0x0000000000000000 (0)
00:00:00.038050   Last                 <integer> = 0x0000000000000000 (0)
00:00:00.038051   iLedSet              <integer> = 0x0000000000000003 (3)
00:00:00.038051 
00:00:00.038051 [/Devices/e1000/1/] (level 3)
00:00:00.038052   PCIBusNo      <integer> = 0x0000000000000000 (0)
00:00:00.038052   PCIDeviceNo   <integer> = 0x0000000000000008 (8)
00:00:00.038052   PCIFunctionNo <integer> = 0x0000000000000000 (0)
00:00:00.038052   Trusted       <integer> = 0x0000000000000001 (1)
00:00:00.038053 
00:00:00.038053 [/Devices/e1000/1/Config/] (level 4)
00:00:00.038053   AdapterType    <integer> = 0x0000000000000000 (0)
00:00:00.038054   CableConnected <integer> = 0x0000000000000001 (1)
00:00:00.038054   LineSpeed      <integer> = 0x0000000000000000 (0)
00:00:00.038054   MAC            <bytes>   = "08 00 27 39 2b 01" (cb=6)
00:00:00.038054 
00:00:00.038055 [/Devices/e1000/1/LUN#0/] (level 4)
00:00:00.038055   Driver <string>  = "IntNet" (cb=7)
00:00:00.038055 
00:00:00.038055 [/Devices/e1000/1/LUN#0/Config/] (level 5)
00:00:00.038056   IfPolicyPromisc <string>  = "deny" (cb=5)
00:00:00.038056   Network         <string>  = "HostInterfaceNetworking-vboxnet0" (cb=33)
00:00:00.038056   Trunk           <string>  = "vboxnet0" (cb=9)
00:00:00.038056   TrunkType       <integer> = 0x0000000000000003 (3)
00:00:00.038057 
00:00:00.038057 [/Devices/e1000/1/LUN#999/] (level 4)
00:00:00.038057   Driver <string>  = "MainStatus" (cb=11)
00:00:00.038057 
00:00:00.038057 [/Devices/e1000/1/LUN#999/Config/] (level 5)
00:00:00.038058   First                <integer> = 0x0000000000000000 (0)
00:00:00.038058   HasMediumAttachments <integer> = 0x0000000000000000 (0)
00:00:00.038058   Last                 <integer> = 0x0000000000000000 (0)
00:00:00.038059   iLedSet              <integer> = 0x0000000000000004 (4)
00:00:00.038059 
00:00:00.038059 [/Devices/i8254/] (level 2)
00:00:00.038059 
00:00:00.038060 [/Devices/i8254/0/] (level 3)
00:00:00.038060 
00:00:00.038060 [/Devices/i8254/0/Config/] (level 4)
00:00:00.038060 
00:00:00.038060 [/Devices/i8259/] (level 2)
00:00:00.038061 
00:00:00.038061 [/Devices/i8259/0/] (level 3)
00:00:00.038061   Trusted <integer> = 0x0000000000000001 (1)
00:00:00.038061 
00:00:00.038062 [/Devices/i8259/0/Config/] (level 4)
00:00:00.038062 
00:00:00.038062 [/Devices/ichac97/] (level 2)
00:00:00.038062 
00:00:00.038062 [/Devices/ichac97/0/] (level 3)
00:00:00.038063   PCIBusNo      <integer> = 0x0000000000000000 (0)
00:00:00.038063   PCIDeviceNo   <integer> = 0x0000000000000005 (5)
00:00:00.038063   PCIFunctionNo <integer> = 0x0000000000000000 (0)
00:00:00.038063   Trusted       <integer> = 0x0000000000000001 (1)
00:00:00.038064 
00:00:00.038064 [/Devices/ichac97/0/AudioConfig/] (level 4)
00:00:00.038064 
00:00:00.038064 [/Devices/ichac97/0/Config/] (level 4)
00:00:00.038065   Codec        <string>  = "STAC9700" (cb=9)
00:00:00.038065   DebugEnabled <integer> = 0x0000000000000000 (0)
00:00:00.038065 
00:00:00.038065 [/Devices/ichac97/0/LUN#0/] (level 4)
00:00:00.038066   Driver <string>  = "AUDIO" (cb=6)
00:00:00.038066 
00:00:00.038066 [/Devices/ichac97/0/LUN#0/AttachedDriver/] (level 5)
00:00:00.038066   Driver <string>  = "ALSAAudio" (cb=10)
00:00:00.038067 
00:00:00.038067 [/Devices/ichac97/0/LUN#0/AttachedDriver/Config/] (level 6)
00:00:00.038067 
00:00:00.038067 [/Devices/ichac97/0/LUN#0/Config/] (level 5)
00:00:00.038068   DriverName    <string>  = "ALSAAudio" (cb=10)
00:00:00.038068   InputEnabled  <integer> = 0x0000000000000000 (0)
00:00:00.038068   OutputEnabled <integer> = 0x0000000000000000 (0)
00:00:00.038069 
00:00:00.038069 [/Devices/ichac97/0/LUN#1/] (level 4)
00:00:00.038069   Driver <string>  = "AUDIO" (cb=6)
00:00:00.038069 
00:00:00.038069 [/Devices/ichac97/0/LUN#2/] (level 4)
00:00:00.038070   Driver <string>  = "AUDIO" (cb=6)
00:00:00.038070 
00:00:00.038070 [/Devices/ioapic/] (level 2)
00:00:00.038070 
00:00:00.038070 [/Devices/ioapic/0/] (level 3)
00:00:00.038071   Trusted <integer> = 0x0000000000000001 (1)
00:00:00.038071 
00:00:00.038071 [/Devices/ioapic/0/Config/] (level 4)
00:00:00.038071   NumCPUs <integer> = 0x0000000000000002 (2)
00:00:00.038072 
00:00:00.038072 [/Devices/mc146818/] (level 2)
00:00:00.038072 
00:00:00.038072 [/Devices/mc146818/0/] (level 3)
00:00:00.038072 
00:00:00.038072 [/Devices/mc146818/0/Config/] (level 4)
00:00:00.038073   UseUTC <integer> = 0x0000000000000001 (1)
00:00:00.038073 
00:00:00.038073 [/Devices/parallel/] (level 2)
00:00:00.038073 
00:00:00.038074 [/Devices/pcarch/] (level 2)
00:00:00.038074 
00:00:00.038074 [/Devices/pcarch/0/] (level 3)
00:00:00.038074   Trusted <integer> = 0x0000000000000001 (1)
00:00:00.038075 
00:00:00.038075 [/Devices/pcarch/0/Config/] (level 4)
00:00:00.038075 
00:00:00.038075 [/Devices/pcbios/] (level 2)
00:00:00.038075 
00:00:00.038075 [/Devices/pcbios/0/] (level 3)
00:00:00.038076   Trusted <integer> = 0x0000000000000001 (1)
00:00:00.038076 
00:00:00.038076 [/Devices/pcbios/0/Config/] (level 4)
00:00:00.038077   APIC               <integer> = 0x0000000000000001 (1)
00:00:00.038077   BootDevice0        <string>  = "IDE" (cb=4)
00:00:00.038077   BootDevice1        <string>  = "DVD" (cb=4)
00:00:00.038077   BootDevice2        <string>  = "NONE" (cb=5)
00:00:00.038078   BootDevice3        <string>  = "NONE" (cb=5)
00:00:00.038078   DmiSystemSerial    <string>  = "VirtualBox-<DmiSystemUuid>" (cb=27)
00:00:00.038078   FloppyDevice       <string>  = "i82078" (cb=7)
00:00:00.038078   HardDiskDevice     <string>  = "piix3ide" (cb=9)
00:00:00.038079   IOAPIC             <integer> = 0x0000000000000001 (1)
00:00:00.038079   McfgBase           <integer> = 0x0000000000000000 (0)
00:00:00.038079   McfgLength         <integer> = 0x0000000000000000 (0)
00:00:00.038080   NumCPUs            <integer> = 0x0000000000000002 (2)
00:00:00.038080   PXEDebug           <integer> = 0x0000000000000000 (0)
00:00:00.038080   SataHardDiskDevice <string>  = "ahci" (cb=5)
00:00:00.038080   SataLUN1           <integer> = 0x0000000000000000 (0)
00:00:00.038081   UUID               <bytes>   = "22 b5 fb 9d 22 c6 c5 44 b9 a3 0d 6a 0e ee b9 92" (cb=16)
00:00:00.038082   UuidLe             <integer> = 0x0000000000000001 (1)
00:00:00.038082 
00:00:00.038082 [/Devices/pcbios/0/Config/NetBoot/] (level 5)
00:00:00.038082 
00:00:00.038082 [/Devices/pcbios/0/Config/NetBoot/0/] (level 6)
00:00:00.038083   NIC           <integer> = 0x0000000000000000 (0)
00:00:00.038083   PCIBusNo      <integer> = 0x0000000000000000 (0)
00:00:00.038084   PCIDeviceNo   <integer> = 0x0000000000000003 (3)
00:00:00.038084   PCIFunctionNo <integer> = 0x0000000000000000 (0)
00:00:00.038084 
00:00:00.038084 [/Devices/pci/] (level 2)
00:00:00.038084 
00:00:00.038085 [/Devices/pci/0/] (level 3)
00:00:00.038085   Trusted <integer> = 0x0000000000000001 (1)
00:00:00.038085 
00:00:00.038085 [/Devices/pci/0/Config/] (level 4)
00:00:00.038086   IOAPIC <integer> = 0x0000000000000001 (1)
00:00:00.038086 
00:00:00.038086 [/Devices/pcibridge/] (level 2)
00:00:00.038086 
00:00:00.038086 [/Devices/pckbd/] (level 2)
00:00:00.038087 
00:00:00.038087 [/Devices/pckbd/0/] (level 3)
00:00:00.038087   Trusted <integer> = 0x0000000000000001 (1)
00:00:00.038087 
00:00:00.038087 [/Devices/pckbd/0/Config/] (level 4)
00:00:00.038088 
00:00:00.038088 [/Devices/pckbd/0/LUN#0/] (level 4)
00:00:00.038088   Driver <string>  = "KeyboardQueue" (cb=14)
00:00:00.038088 
00:00:00.038088 [/Devices/pckbd/0/LUN#0/AttachedDriver/] (level 5)
00:00:00.038089   Driver <string>  = "MainKeyboard" (cb=13)
00:00:00.038089 
00:00:00.038089 [/Devices/pckbd/0/LUN#0/Config/] (level 5)
00:00:00.038090   QueueSize <integer> = 0x0000000000000040 (64, 64 B)
00:00:00.038090 
00:00:00.038090 [/Devices/pckbd/0/LUN#1/] (level 4)
00:00:00.038090   Driver <string>  = "MouseQueue" (cb=11)
00:00:00.038091 
00:00:00.038091 [/Devices/pckbd/0/LUN#1/AttachedDriver/] (level 5)
00:00:00.038091   Driver <string>  = "MainMouse" (cb=10)
00:00:00.038091 
00:00:00.038091 [/Devices/pckbd/0/LUN#1/Config/] (level 5)
00:00:00.038092   QueueSize <integer> = 0x0000000000000080 (128, 128 B)
00:00:00.038092 
00:00:00.038092 [/Devices/pcnet/] (level 2)
00:00:00.038093 
00:00:00.038093 [/Devices/piix3ide/] (level 2)
00:00:00.038093 
00:00:00.038093 [/Devices/piix3ide/0/] (level 3)
00:00:00.038094   PCIBusNo      <integer> = 0x0000000000000000 (0)
00:00:00.038094   PCIDeviceNo   <integer> = 0x0000000000000001 (1)
00:00:00.038094   PCIFunctionNo <integer> = 0x0000000000000001 (1)
00:00:00.038094   Trusted       <integer> = 0x0000000000000001 (1)
00:00:00.038095 
00:00:00.038095 [/Devices/piix3ide/0/Config/] (level 4)
00:00:00.038095   Type <string>  = "PIIX4" (cb=6)
00:00:00.038095 
00:00:00.038095 [/Devices/piix3ide/0/LUN#0/] (level 4)
00:00:00.038096   Driver <string>  = "VD" (cb=3)
00:00:00.038096 
00:00:00.038096 [/Devices/piix3ide/0/LUN#0/Config/] (level 5)
00:00:00.038097   Format    <string>  = "RAW" (cb=4)
00:00:00.038097   Mountable <integer> = 0x0000000000000001 (1)
00:00:00.038097   Path      <string>  = "/home/xxx/dev.environment/resources/software/virtualbox/clustering/virtualbox-v2/talos-v1.8.3-metal-amd64.iso" (cb=110)
00:00:00.038097   ReadOnly  <integer> = 0x0000000000000001 (1)
00:00:00.038098   Type      <string>  = "DVD" (cb=4)
00:00:00.038098 
00:00:00.038098 [/Devices/piix3ide/0/LUN#999/] (level 4)
00:00:00.038098   Driver <string>  = "MainStatus" (cb=11)
00:00:00.038099 
00:00:00.038099 [/Devices/piix3ide/0/LUN#999/Config/] (level 5)
00:00:00.038099   DeviceInstance       <string>  = "piix3ide/0" (cb=11)
00:00:00.038099   First                <integer> = 0x0000000000000000 (0)
00:00:00.038100   HasMediumAttachments <integer> = 0x0000000000000001 (1)
00:00:00.038100   Last                 <integer> = 0x0000000000000003 (3)
00:00:00.038100   iLedSet              <integer> = 0x0000000000000002 (2)
00:00:00.038100 
00:00:00.038101 [/Devices/serial/] (level 2)
00:00:00.038101 
00:00:00.038101 [/Devices/vga/] (level 2)
00:00:00.038101 
00:00:00.038101 [/Devices/vga/0/] (level 3)
00:00:00.038102   PCIBusNo      <integer> = 0x0000000000000000 (0)
00:00:00.038102   PCIDeviceNo   <integer> = 0x0000000000000002 (2)
00:00:00.038102   PCIFunctionNo <integer> = 0x0000000000000000 (0)
00:00:00.038102   Trusted       <integer> = 0x0000000000000001 (1)
00:00:00.038103 
00:00:00.038103 [/Devices/vga/0/Config/] (level 4)
00:00:00.038103   3DEnabled             <integer> = 0x0000000000000000 (0)
00:00:00.038104   CustomVideoModes      <integer> = 0x0000000000000000 (0)
00:00:00.038104   FadeIn                <integer> = 0x0000000000000001 (1)
00:00:00.038104   FadeOut               <integer> = 0x0000000000000001 (1)
00:00:00.038105   HeightReduction       <integer> = 0x0000000000000000 (0)
00:00:00.038105   LogoFile              <string>  = "" (cb=1)
00:00:00.038105   LogoTime              <integer> = 0x0000000000000000 (0)
00:00:00.038106   MonitorCount          <integer> = 0x0000000000000001 (1)
00:00:00.038106   ShowBootMenu          <integer> = 0x0000000000000002 (2)
00:00:00.038106   VMSVGA3dEnabled       <integer> = 0x0000000000000000 (0)
00:00:00.038106   VMSVGAEnabled         <integer> = 0x0000000000000001 (1)
00:00:00.038107   VMSVGAPciBarLayout    <integer> = 0x0000000000000001 (1)
00:00:00.038107   VMSVGAPciId           <integer> = 0x0000000000000001 (1)
00:00:00.038107   VRamSize              <integer> = 0x0000000001000000 (16 777 216, 16.0 MiB)
00:00:00.038108   VmSvga3               <integer> = 0x0000000000000000 (0)
00:00:00.038108   VmSvgaExposeLegacyVga <integer> = 0x0000000000000001 (1)
00:00:00.038108 
00:00:00.038109 [/Devices/vga/0/LUN#0/] (level 4)
00:00:00.038109   Driver <string>  = "MainDisplay" (cb=12)
00:00:00.038109 
00:00:00.038109 [/Devices/vga/0/LUN#0/Config/] (level 5)
00:00:00.038110 
00:00:00.038110 [/Devices/vga/0/LUN#999/] (level 4)
00:00:00.038110   Driver <string>  = "MainStatus" (cb=11)
00:00:00.038110 
00:00:00.038110 [/Devices/vga/0/LUN#999/Config/] (level 5)
00:00:00.038111   First                <integer> = 0x0000000000000000 (0)
00:00:00.038111   HasMediumAttachments <integer> = 0x0000000000000000 (0)
00:00:00.038111   Last                 <integer> = 0x0000000000000000 (0)
00:00:00.038112   iLedSet              <integer> = 0x0000000000000000 (0)
00:00:00.038112 
00:00:00.038112 [/Devices/virtio-net/] (level 2)
00:00:00.038112 
00:00:00.038112 [/EM/] (level 1)
00:00:00.038113   TripleFaultReset <integer> = 0x0000000000000000 (0)
00:00:00.038113 
00:00:00.038113 [/GCM/] (level 1)
00:00:00.038113   MesaVmsvgaDrv <integer> = 0x0000000000000001 (1)
00:00:00.038114 
00:00:00.038114 [/GIM/] (level 1)
00:00:00.038114   Provider <string>  = "KVM" (cb=4)
00:00:00.038114 
00:00:00.038114 [/HM/] (level 1)
00:00:00.038115   64bitEnabled            <integer> = 0x0000000000000001 (1)
00:00:00.038115   EnableLargePages        <integer> = 0x0000000000000000 (0)
00:00:00.038115   EnableNestedPaging      <integer> = 0x0000000000000001 (1)
00:00:00.038116   EnableUX                <integer> = 0x0000000000000001 (1)
00:00:00.038116   EnableVPID              <integer> = 0x0000000000000001 (1)
00:00:00.038116   Exclusive               <integer> = 0x0000000000000001 (1)
00:00:00.038116   HMForced                <integer> = 0x0000000000000001 (1)
00:00:00.038117   IBPBOnVMEntry           <integer> = 0x0000000000000000 (0)
00:00:00.038117   IBPBOnVMExit            <integer> = 0x0000000000000000 (0)
00:00:00.038117   L1DFlushOnSched         <integer> = 0x0000000000000001 (1)
00:00:00.038118   L1DFlushOnVMEntry       <integer> = 0x0000000000000000 (0)
00:00:00.038118   LovelyMesaDrvWorkaround <integer> = 0x0000000000000001 (1)
00:00:00.038118   MDSClearOnSched         <integer> = 0x0000000000000001 (1)
00:00:00.038118   MDSClearOnVMEntry       <integer> = 0x0000000000000000 (0)
00:00:00.038119   SpecCtrlByHost          <integer> = 0x0000000000000000 (0)
00:00:00.038119   SvmVirtVmsaveVmload     <integer> = 0x0000000000000000 (0)
00:00:00.038119   UseNEMInstead           <integer> = 0x0000000000000000 (0)
00:00:00.038120 
00:00:00.038120 [/MM/] (level 1)
00:00:00.038120   CanUseLargerHeap <integer> = 0x0000000000000000 (0)
00:00:00.038120 
00:00:00.038120 [/NEM/] (level 1)
00:00:00.038121   Allow64BitGuests        <integer> = 0x0000000000000001 (1)
00:00:00.038121   IBPBOnVMEntry           <integer> = 0x0000000000000000 (0)
00:00:00.038121   IBPBOnVMExit            <integer> = 0x0000000000000000 (0)
00:00:00.038121   L1DFlushOnSched         <integer> = 0x0000000000000001 (1)
00:00:00.038122   L1DFlushOnVMEntry       <integer> = 0x0000000000000000 (0)
00:00:00.038122   LovelyMesaDrvWorkaround <integer> = 0x0000000000000001 (1)
00:00:00.038122   MDSClearOnSched         <integer> = 0x0000000000000001 (1)
00:00:00.038123   MDSClearOnVMEntry       <integer> = 0x0000000000000000 (0)
00:00:00.038123 
00:00:00.038123 [/PDM/] (level 1)
00:00:00.038123 
00:00:00.038123 [/PDM/AsyncCompletion/] (level 2)
00:00:00.038124 
00:00:00.038124 [/PDM/AsyncCompletion/File/] (level 3)
00:00:00.038124 
00:00:00.038124 [/PDM/AsyncCompletion/File/BwGroups/] (level 4)
00:00:00.038125 
00:00:00.038125 [/PDM/BlkCache/] (level 2)
00:00:00.038125   CacheSize <integer> = 0x0000000000500000 (5 242 880, 5.0 MiB)
00:00:00.038125 
00:00:00.038125 [/PDM/Devices/] (level 2)
00:00:00.038126 
00:00:00.038126 [/PDM/Drivers/] (level 2)
00:00:00.038126 
00:00:00.038126 [/PDM/Drivers/VBoxC/] (level 3)
00:00:00.038127   Path <string>  = "/opt/VirtualBox/components/VBoxC" (cb=33)
00:00:00.038127 
00:00:00.038127 [/PDM/NetworkShaper/] (level 2)
00:00:00.038127 
00:00:00.038127 [/PDM/NetworkShaper/BwGroups/] (level 3)
00:00:00.038128 
00:00:00.038128 [/TM/] (level 1)
00:00:00.038128   UTCOffset <integer> = 0x0000000000000000 (0)
00:00:00.038128 
00:00:00.038128 ********************* End of CFGM dump **********************
00:00:00.038213 HM: HMR3Init: VT-x w/ nested paging and unrestricted guest execution hw support
00:00:00.038242 CPUM: fXStateHostMask=0x7; host XCR0=0x207
00:00:00.039489 CPUM: Matched host CPU INTEL 0x6/0x97/0x2 Intel_Core7_AlderLake with CPU DB entry 'Intel Core i7-6700K' (INTEL 0x6/0x5e/0x3 Intel_Core7_Skylake)
00:00:00.039505 CPUM: MXCSR_MASK=0xffff (host: 0xffff)
00:00:00.039509 CPUM: Microcode revision 0x0000003E
00:00:00.039512 CPUM: Changing leaf 13[0]: EBX=0xa88 -> 0x340, ECX=0xa88 -> 0x340
00:00:00.039517 CPUM: MSR/CPUID reconciliation insert: 0x0000010b IA32_FLUSH_CMD
00:00:00.039518 CPUM: MSR/CPUID reconciliation insert: 0x0000010a IA32_ARCH_CAPABILITIES
00:00:00.039520 CPUM: MSR fudge: 0x00000122 IA32_TSX_CTRL
00:00:00.039521 CPUM: MSR fudge: 0x00000123 IA32_MCU_OPT_CTRL
00:00:00.039528 CPUM: SetGuestCpuIdFeature: Enabled SYSENTER/EXIT
00:00:00.039529 CPUM: SetGuestCpuIdFeature: Enabled SYSCALL/RET
00:00:00.039529 CPUM: SetGuestCpuIdFeature: Enabled PAE
00:00:00.039530 CPUM: SetGuestCpuIdFeature: Enabled LAHF/SAHF
00:00:00.039530 CPUM: SetGuestCpuIdFeature: Enabled NX
00:00:00.039531 CPUM: SetGuestCpuIdFeature: Enabled LONG MODE
00:00:00.039531 CPUM: Enabled MTRR read-write support
00:00:00.039532 CPUM: Enabled fixed-range MTRRs and 16 (virtualized) variable-range MTRRs
00:00:00.040013 PGM: Host paging mode: AMD64+PGE+NX
00:00:00.040016 PGM: PGMPool: cMaxPages=1280 (u64MaxPages=1058)
00:00:00.040016 PGM: pgmR3PoolInit: cMaxPages=0x500 cMaxUsers=0xa00 cMaxPhysExts=0xa00 fCacheEnable=true
00:00:00.040338 PGM: /proc/sys/vm/max_map_count = 1048576 (rc2=VWRN_TRAILING_CHARS); cGuessNeeded=16384
00:00:00.042653 TM: GIP - u32Mode=3 (Invariant) u32UpdateHz=100 u32UpdateIntervalNS=10000000 enmUseTscDelta=3 (Roughly Zero) fGetGipCpu=0x1b cCpus=24
00:00:00.042656 TM: GIP - u64CpuHz=3 187 082 946 (0xbdf706c2)  SUPGetCpuHzFromGip => 3 187 082 946
00:00:00.042658 TM: GIP - CPU: iCpuSet=0x0 idCpu=0x0 idApic=0x0 iGipCpu=0x8 i64TSCDelta=0 enmState=3 u64CpuHz=3187140190(*) cErrors=0
00:00:00.042659 TM: GIP - CPU: iCpuSet=0x1 idCpu=0x1 idApic=0x1 iGipCpu=0x0 i64TSCDelta=0 enmState=3 u64CpuHz=3187082946(*) cErrors=0
00:00:00.042660 TM: GIP - CPU: iCpuSet=0x2 idCpu=0x2 idApic=0x8 iGipCpu=0x4 i64TSCDelta=0 enmState=3 u64CpuHz=3187140115(*) cErrors=0
00:00:00.042661 TM: GIP - CPU: iCpuSet=0x3 idCpu=0x3 idApic=0x9 iGipCpu=0x5 i64TSCDelta=0 enmState=3 u64CpuHz=3187140176(*) cErrors=0
00:00:00.042661 TM: GIP - CPU: iCpuSet=0x4 idCpu=0x4 idApic=0x10 iGipCpu=0xf i64TSCDelta=0 enmState=3 u64CpuHz=3187129509(*) cErrors=0
00:00:00.042662 TM: GIP - CPU: iCpuSet=0x5 idCpu=0x5 idApic=0x11 iGipCpu=0x11 i64TSCDelta=0 enmState=3 u64CpuHz=3187129509(*) cErrors=0
00:00:00.042663 TM: GIP - CPU: iCpuSet=0x6 idCpu=0x6 idApic=0x18 iGipCpu=0x6 i64TSCDelta=0 enmState=3 u64CpuHz=3187140148(*) cErrors=0
00:00:00.042663 TM: GIP - CPU: iCpuSet=0x7 idCpu=0x7 idApic=0x19 iGipCpu=0x9 i64TSCDelta=0 enmState=3 u64CpuHz=3187140198(*) cErrors=0
00:00:00.042664 TM: GIP - CPU: iCpuSet=0x8 idCpu=0x8 idApic=0x20 iGipCpu=0xa i64TSCDelta=0 enmState=3 u64CpuHz=3187140218(*) cErrors=0
00:00:00.042665 TM: GIP - CPU: iCpuSet=0x9 idCpu=0x9 idApic=0x21 iGipCpu=0xb i64TSCDelta=0 enmState=3 u64CpuHz=3187140192(*) cErrors=0
00:00:00.042665 TM: GIP - CPU: iCpuSet=0xa idCpu=0xa idApic=0x28 iGipCpu=0x7 i64TSCDelta=0 enmState=3 u64CpuHz=3187140125(*) cErrors=0
00:00:00.042666 TM: GIP - CPU: iCpuSet=0xb idCpu=0xb idApic=0x29 iGipCpu=0x3 i64TSCDelta=0 enmState=3 u64CpuHz=3187140334(*) cErrors=0
00:00:00.042667 TM: GIP - CPU: iCpuSet=0xc idCpu=0xc idApic=0x30 iGipCpu=0x2 i64TSCDelta=0 enmState=3 u64CpuHz=3187140272(*) cErrors=0
00:00:00.042667 TM: GIP - CPU: iCpuSet=0xd idCpu=0xd idApic=0x31 iGipCpu=0x1 i64TSCDelta=0 enmState=3 u64CpuHz=3187129509(*) cErrors=0
00:00:00.042668 TM: GIP - CPU: iCpuSet=0xe idCpu=0xe idApic=0x38 iGipCpu=0xd i64TSCDelta=0 enmState=3 u64CpuHz=3187105617(*) cErrors=0
00:00:00.042669 TM: GIP - CPU: iCpuSet=0xf idCpu=0xf idApic=0x39 iGipCpu=0xc i64TSCDelta=0 enmState=3 u64CpuHz=3187134454(*) cErrors=0
00:00:00.042669 TM: GIP - CPU: iCpuSet=0x10 idCpu=0x10 idApic=0x40 iGipCpu=0x10 i64TSCDelta=0 enmState=3 u64CpuHz=3187129509(*) cErrors=0
00:00:00.042670 TM: GIP - CPU: iCpuSet=0x11 idCpu=0x11 idApic=0x42 iGipCpu=0xe i64TSCDelta=0 enmState=3 u64CpuHz=3187082946(*) cErrors=0
00:00:00.042671 TM: GIP - CPU: iCpuSet=0x12 idCpu=0x12 idApic=0x44 iGipCpu=0x13 i64TSCDelta=68 enmState=3 u64CpuHz=3187129509(*) cErrors=0
00:00:00.042674 TM: GIP - CPU: iCpuSet=0x13 idCpu=0x13 idApic=0x46 iGipCpu=0x12 i64TSCDelta=0 enmState=3 u64CpuHz=3187129509(*) cErrors=0
00:00:00.042675 TM: GIP - CPU: iCpuSet=0x14 idCpu=0x14 idApic=0x48 iGipCpu=0x14 i64TSCDelta=0 enmState=3 u64CpuHz=3187129509(*) cErrors=0
00:00:00.042676 TM: GIP - CPU: iCpuSet=0x15 idCpu=0x15 idApic=0x4a iGipCpu=0x17 i64TSCDelta=0 enmState=3 u64CpuHz=3187129509(*) cErrors=0
00:00:00.042676 TM: GIP - CPU: iCpuSet=0x16 idCpu=0x16 idApic=0x4c iGipCpu=0x16 i64TSCDelta=0 enmState=3 u64CpuHz=3187129509(*) cErrors=0
00:00:00.042677 TM: GIP - CPU: iCpuSet=0x17 idCpu=0x17 idApic=0x4e iGipCpu=0x15 i64TSCDelta=0 enmState=3 u64CpuHz=3187129509(*) cErrors=0
00:00:00.042681 TM:     cTSCTicksPerSecond=3 187 082 946 (0xbdf706c2) enmTSCMode=1 (VirtTSCEmulated) TSCMultiplier=1
00:00:00.042682 TM: cTSCTicksPerSecondHost=3 187 082 946 (0xbdf706c2)
00:00:00.042682 TM: TSCTiedToExecution=false TSCNotTiedToHalt=false
00:00:00.042979 EMR3Init: fIemExecutesAll=false fGuruOnTripleFault=true
00:00:00.043041 IEM: TargetCpu=CURRENT, Microarch=Intel_Core7_AlderLake aidxTargetCpuEflFlavour={1,0}
00:00:00.043261 GIM: Using provider 'KVM' (Implementation version: 0)
00:00:00.043262 CPUM: SetGuestCpuIdFeature: Enabled Hypervisor Present bit
00:00:00.043268 GCM: Initialized - Fixer bits: 0x8 (MesaVmsvgaDrv)
00:00:00.076382 AIOMgr: Default manager type is 'Async'
00:00:00.076400 AIOMgr: Default file backend is 'NonBuffered'
00:00:00.076427 BlkCache: Cache successfully initialized. Cache size is 5242880 bytes
00:00:00.076428 BlkCache: Cache commit interval is 10000 ms
00:00:00.076429 BlkCache: Cache commit threshold is 2621440 bytes
00:00:00.076908 PcBios: [SMP] BIOS with 2 CPUs
00:00:00.076916 PcBios: Using the 386+ BIOS image.
00:00:00.076954 PcBios: MPS table at 000e1300
00:00:00.077315 PcBios: fCheckShutdownStatusForSoftReset=true  fClearShutdownStatusOnHardReset=true
00:00:00.077325 SUP: Opened VBoxDDR0.r0 (/opt/VirtualBox/VBoxDDR0.r0) at 0xXXXXXXXXXXXXXXXX.
00:00:00.077414 PDM: VirtualBox APIC backend registered
00:00:00.077418 CPUM: SetGuestCpuIdFeature: Enabled xAPIC
00:00:00.077419 CPUM: SetGuestCpuIdFeature: Enabled x2APIC
00:00:00.077791 IOAPIC: Version=2.0 ChipType=ICH9
00:00:00.077810 PIT: mode=3 count=0x10000 (65536) - 18.20 Hz (ch=0)
00:00:00.077891 VMMDev: cbDefaultBudget: 1 073 741 824 (40000000)
00:00:00.079433 Shared Folders service loaded
00:00:00.080090 Guest Control service loaded
00:00:00.083415 VGA: Using the 386+ BIOS image.
00:00:00.083915 DrvVD: Flushes will be ignored
00:00:00.083917 DrvVD: Async flushes will be passed to the disk
00:00:00.085230 VD: VDInit finished with VINF_SUCCESS
00:00:00.085404 AIOMgr: Endpoint for file '/home/xxx/dev.environment/resources/software/virtualbox/clustering/virtualbox-v2/talos-cluster-worker-1/talos-cluster-worker-1.vdi' (flags 000c0723) created successfully
00:00:00.086393 VD: Opening the disk took 1227791 ns
00:00:00.086409 AHCI: LUN#0: disk, PCHS=16383/16/63, total number of sectors 41943040
00:00:00.086461 AHCI: Port1: No driver attached
00:00:00.086462 AHCI: Port2: No driver attached
00:00:00.086463 AHCI: Port3: No driver attached
00:00:00.086464 AHCI: Port4: No driver attached
00:00:00.086465 AHCI: Port5: No driver attached
00:00:00.086466 AHCI: Port6: No driver attached
00:00:00.086466 AHCI: Port7: No driver attached
00:00:00.086467 AHCI: Port8: No driver attached
00:00:00.086468 AHCI: Port9: No driver attached
00:00:00.086468 AHCI: Port10: No driver attached
00:00:00.086469 AHCI: Port11: No driver attached
00:00:00.086470 AHCI: Port12: No driver attached
00:00:00.086470 AHCI: Port13: No driver attached
00:00:00.086471 AHCI: Port14: No driver attached
00:00:00.086472 AHCI: Port15: No driver attached
00:00:00.086472 AHCI: Port16: No driver attached
00:00:00.086473 AHCI: Port17: No driver attached
00:00:00.086473 AHCI: Port18: No driver attached
00:00:00.086474 AHCI: Port19: No driver attached
00:00:00.086475 AHCI: Port20: No driver attached
00:00:00.086480 AHCI: Port21: No driver attached
00:00:00.086480 AHCI: Port22: No driver attached
00:00:00.086481 AHCI: Port23: No driver attached
00:00:00.086482 AHCI: Port24: No driver attached
00:00:00.086482 AHCI: Port25: No driver attached
00:00:00.086483 AHCI: Port26: No driver attached
00:00:00.086484 AHCI: Port27: No driver attached
00:00:00.086484 AHCI: Port28: No driver attached
00:00:00.086485 AHCI: Port29: No driver attached
00:00:00.086490 AHCI#0: Reset the HBA
00:00:00.086491 VD#0: Cancelling all active requests
00:00:00.086966 DrvVD: Flushes will be ignored
00:00:00.086967 DrvVD: Async flushes will be passed to the disk
00:00:00.086978 VD: Opening the disk took 10030 ns
00:00:00.086988 PIIX3 ATA: LUN#0: CD/DVD, total number of sectors 51399, passthrough disabled
00:00:00.087776 PIIX3 ATA: LUN#1: no unit
00:00:00.087842 PIIX3 ATA: LUN#2: no unit
00:00:00.087842 PIIX3 ATA: LUN#3: no unit
00:00:00.087875 PIIX3 ATA: Ctl#0: finished processing RESET
00:00:00.087897 PIIX3 ATA: Ctl#1: finished processing RESET
00:00:00.087930 E1000#0: Chip=82540EM LinkUpDelay=5000ms EthernetCRC=on GSO=enabled Itr=disabled ItrRx=enabled TID=disabled R0=enabled RC=disabled
00:00:00.088129 E1000#1: Chip=82540EM LinkUpDelay=5000ms EthernetCRC=on GSO=enabled Itr=disabled ItrRx=enabled TID=disabled R0=enabled RC=disabled
00:00:00.088151 IntNet#0: szNetwork={HostInterfaceNetworking-vboxnet0} enmTrunkType=3 szTrunk={vboxnet0} fFlags=0x8000 cbRecv=325632 cbSend=196608 fIgnoreConnectFailure=false
00:00:00.088363 AC97: Using codec 'STAC9700'
00:00:00.088390 Audio: Initializing ALSA driver
00:00:00.101712 ALSA: The ALSAAudio plugin for pulse audio is being used (pulse).
00:00:00.101731 Audio: Found 76 devices for driver 'ALSA'
00:00:00.101734 Audio: Device 'Rate Converter Plugin Using Libav/FFmpeg Library':
00:00:00.101734 Audio:   ID              = lavrate
00:00:00.101734 Audio:   Usage           = duplex
00:00:00.101734 Audio:   Flags           = NONE
00:00:00.101734 Audio:   Input channels  = 2
00:00:00.101735 Audio:   Output channels = 2
00:00:00.101735 Audio: Device 'Rate Converter Plugin Using Samplerate Library':
00:00:00.101735 Audio:   ID              = samplerate
00:00:00.101736 Audio:   Usage           = duplex
00:00:00.101736 Audio:   Flags           = NONE
00:00:00.101736 Audio:   Input channels  = 2
00:00:00.101736 Audio:   Output channels = 2
00:00:00.101736 Audio: Device 'Rate Converter Plugin Using Speex Resampler':
00:00:00.101737 Audio:   ID              = speexrate
00:00:00.101737 Audio:   Usage           = duplex
00:00:00.101737 Audio:   Flags           = NONE
00:00:00.101737 Audio:   Input channels  = 2
00:00:00.101737 Audio:   Output channels = 2
00:00:00.101738 Audio: Device 'JACK Audio Connection Kit':
00:00:00.101738 Audio:   ID              = jack
00:00:00.101738 Audio:   Usage           = duplex
00:00:00.101738 Audio:   Flags           = NONE
00:00:00.101738 Audio:   Input channels  = 2
00:00:00.101738 Audio:   Output channels = 2
00:00:00.101739 Audio: Device 'Open Sound System':
00:00:00.101739 Audio:   ID              = oss
00:00:00.101739 Audio:   Usage           = duplex
00:00:00.101739 Audio:   Flags           = NONE
00:00:00.101739 Audio:   Input channels  = 2
00:00:00.101739 Audio:   Output channels = 2
00:00:00.101740 Audio: Device 'PipeWire Sound Server':
00:00:00.101740 Audio:   ID              = pipewire
00:00:00.101740 Audio:   Usage           = duplex
00:00:00.101740 Audio:   Flags           = NONE
00:00:00.101740 Audio:   Input channels  = 2
00:00:00.101740 Audio:   Output channels = 2
00:00:00.101741 Audio: Device 'PulseAudio Sound Server':
00:00:00.101741 Audio:   ID              = pulse
00:00:00.101741 Audio:   Usage           = duplex
00:00:00.101741 Audio:   Flags           = NONE
00:00:00.101741 Audio:   Input channels  = 2
00:00:00.101741 Audio:   Output channels = 2
00:00:00.101742 Audio: Device 'Plugin using Speex DSP (resample, agc, denoise, echo, dereverb)':
00:00:00.101742 Audio:   ID              = speex
00:00:00.101742 Audio:   Usage           = duplex
00:00:00.101742 Audio:   Flags           = NONE
00:00:00.101742 Audio:   Input channels  = 2
00:00:00.101742 Audio:   Output channels = 2
00:00:00.101747 Audio: Device 'Plugin for channel upmix (4,6,8)':
00:00:00.101748 Audio:   ID              = upmix
00:00:00.101748 Audio:   Usage           = duplex
00:00:00.101748 Audio:   Flags           = NONE
00:00:00.101748 Audio:   Input channels  = 2
00:00:00.101748 Audio:   Output channels = 2
00:00:00.101749 Audio: Device 'Plugin for channel downmix (stereo) with a simple spacialization':
00:00:00.101749 Audio:   ID              = vdownmix
00:00:00.101749 Audio:   Usage           = duplex
00:00:00.101749 Audio:   Flags           = NONE
00:00:00.101750 Audio:   Input channels  = 2
00:00:00.101750 Audio:   Output channels = 2
00:00:00.101750 Audio: Device 'Default ALSA Output (currently PipeWire Media Server)':
00:00:00.101750 Audio:   ID              = default
00:00:00.101750 Audio:   Usage           = duplex
00:00:00.101750 Audio:   Flags           = NONE
00:00:00.101751 Audio:   Input channels  = 2
00:00:00.101751 Audio:   Output channels = 2
00:00:00.101751 Audio: Device 'Front output / input':
00:00:00.101751 Audio:   ID              = front:CARD=PCH
00:00:00.101751 Audio:   Usage           = duplex
00:00:00.101752 Audio:   Flags           = NONE
00:00:00.101752 Audio:   Input channels  = 2
00:00:00.101752 Audio:   Output channels = 2
00:00:00.101752 Audio: Device '2.1 Surround output to Front and Subwoofer speakers':
00:00:00.101752 Audio:   ID              = surround21:CARD=PCH
00:00:00.101753 Audio:   Usage           = duplex
00:00:00.101753 Audio:   Flags           = NONE
00:00:00.101753 Audio:   Input channels  = 2
00:00:00.101753 Audio:   Output channels = 2
00:00:00.101753 Audio: Device '4.0 Surround output to Front and Rear speakers':
00:00:00.101753 Audio:   ID              = surround40:CARD=PCH
00:00:00.101754 Audio:   Usage           = duplex
00:00:00.101754 Audio:   Flags           = NONE
00:00:00.101754 Audio:   Input channels  = 2
00:00:00.101754 Audio:   Output channels = 2
00:00:00.101754 Audio: Device '4.1 Surround output to Front, Rear and Subwoofer speakers':
00:00:00.101754 Audio:   ID              = surround41:CARD=PCH
00:00:00.101755 Audio:   Usage           = duplex
00:00:00.101755 Audio:   Flags           = NONE
00:00:00.101755 Audio:   Input channels  = 2
00:00:00.101755 Audio:   Output channels = 2
00:00:00.101755 Audio: Device '5.0 Surround output to Front, Center and Rear speakers':
00:00:00.101755 Audio:   ID              = surround50:CARD=PCH
00:00:00.101756 Audio:   Usage           = duplex
00:00:00.101756 Audio:   Flags           = NONE
00:00:00.101756 Audio:   Input channels  = 2
00:00:00.101756 Audio:   Output channels = 2
00:00:00.101756 Audio: Device '5.1 Surround output to Front, Center, Rear and Subwoofer speakers':
00:00:00.101756 Audio:   ID              = surround51:CARD=PCH
00:00:00.101757 Audio:   Usage           = duplex
00:00:00.101757 Audio:   Flags           = NONE
00:00:00.101757 Audio:   Input channels  = 2
00:00:00.101757 Audio:   Output channels = 2
00:00:00.101757 Audio: Device '7.1 Surround output to Front, Center, Side, Rear and Woofer speakers':
00:00:00.101757 Audio:   ID              = surround71:CARD=PCH
00:00:00.101758 Audio:   Usage           = duplex
00:00:00.101758 Audio:   Flags           = NONE
00:00:00.101758 Audio:   Input channels  = 2
00:00:00.101758 Audio:   Output channels = 2
00:00:00.101758 Audio: Device 'USB Stream Output (HDA Intel PCH)':
00:00:00.101758 Audio:   ID              = usbstream:CARD=PCH
00:00:00.101759 Audio:   Usage           = duplex
00:00:00.101759 Audio:   Flags           = NONE
00:00:00.101759 Audio:   Input channels  = 2
00:00:00.101759 Audio:   Output channels = 2
00:00:00.101759 Audio: Device 'Direct hardware device without any conversions (USB Audio, USB Audio)':
00:00:00.101759 Audio:   ID              = hw:CARD=Audio,DEV=0
00:00:00.101760 Audio:   Usage           = duplex
00:00:00.101760 Audio:   Flags           = NONE
00:00:00.101760 Audio:   Input channels  = 2
00:00:00.101760 Audio:   Output channels = 2
00:00:00.101761 Audio: Device 'Direct hardware device without any conversions (USB Audio, USB Audio #1)':
00:00:00.101761 Audio:   ID              = hw:CARD=Audio,DEV=1
00:00:00.101762 Audio:   Usage           = duplex
00:00:00.101762 Audio:   Flags           = NONE
00:00:00.101762 Audio:   Input channels  = 2
00:00:00.101762 Audio:   Output channels = 2
00:00:00.101762 Audio: Device 'Direct hardware device without any conversions (USB Audio, USB Audio #2)':
00:00:00.101762 Audio:   ID              = hw:CARD=Audio,DEV=2
00:00:00.101763 Audio:   Usage           = duplex
00:00:00.101763 Audio:   Flags           = NONE
00:00:00.101763 Audio:   Input channels  = 2
00:00:00.101763 Audio:   Output channels = 2
00:00:00.101763 Audio: Device 'Direct hardware device without any conversions (USB Audio, USB Audio #3)':
00:00:00.101763 Audio:   ID              = hw:CARD=Audio,DEV=3
00:00:00.101764 Audio:   Usage           = output
00:00:00.101764 Audio:   Flags           = NONE
00:00:00.101764 Audio:   Input channels  = 0
00:00:00.101764 Audio:   Output channels = 2
00:00:00.101764 Audio: Device 'Hardware device with all software conversions (USB Audio, USB Audio)':
00:00:00.101764 Audio:   ID              = plughw:CARD=Audio,DEV=0
00:00:00.101765 Audio:   Usage           = duplex
00:00:00.101765 Audio:   Flags           = NONE
00:00:00.101765 Audio:   Input channels  = 2
00:00:00.101765 Audio:   Output channels = 2
00:00:00.101765 Audio: Device 'Hardware device with all software conversions (USB Audio, USB Audio #1)':
00:00:00.101765 Audio:   ID              = plughw:CARD=Audio,DEV=1
00:00:00.101766 Audio:   Usage           = duplex
00:00:00.101766 Audio:   Flags           = NONE
00:00:00.101766 Audio:   Input channels  = 2
00:00:00.101766 Audio:   Output channels = 2
00:00:00.101766 Audio: Device 'Hardware device with all software conversions (USB Audio, USB Audio #2)':
00:00:00.101767 Audio:   ID              = plughw:CARD=Audio,DEV=2
00:00:00.101767 Audio:   Usage           = duplex
00:00:00.101767 Audio:   Flags           = NONE
00:00:00.101767 Audio:   Input channels  = 2
00:00:00.101767 Audio:   Output channels = 2
00:00:00.101767 Audio: Device 'Hardware device with all software conversions (USB Audio, USB Audio #3)':
00:00:00.101768 Audio:   ID              = plughw:CARD=Audio,DEV=3
00:00:00.101768 Audio:   Usage           = output
00:00:00.101768 Audio:   Flags           = NONE
00:00:00.101768 Audio:   Input channels  = 0
00:00:00.101768 Audio:   Output channels = 2
00:00:00.101768 Audio: Device 'Default Audio Device (USB Audio, USB Audio)':
00:00:00.101769 Audio:   ID              = sysdefault:CARD=Audio
00:00:00.101769 Audio:   Usage           = duplex
00:00:00.101769 Audio:   Flags           = NONE
00:00:00.101769 Audio:   Input channels  = 2
00:00:00.101769 Audio:   Output channels = 2
00:00:00.101769 Audio: Device 'Front output / input (USB Audio, USB Audio)':
00:00:00.101770 Audio:   ID              = front:CARD=Audio,DEV=0
00:00:00.101770 Audio:   Usage           = duplex
00:00:00.101770 Audio:   Flags           = NONE
00:00:00.101770 Audio:   Input channels  = 2
00:00:00.101770 Audio:   Output channels = 2
00:00:00.101770 Audio: Device '2.1 Surround output to Front and Subwoofer speakers (USB Audio, USB Audio)':
00:00:00.101771 Audio:   ID              = surround21:CARD=Audio,DEV=0
00:00:00.101771 Audio:   Usage           = output
00:00:00.101771 Audio:   Flags           = NONE
00:00:00.101771 Audio:   Input channels  = 0
00:00:00.101771 Audio:   Output channels = 2
00:00:00.101771 Audio: Device '4.0 Surround output to Front and Rear speakers (USB Audio, USB Audio)':
00:00:00.101772 Audio:   ID              = surround40:CARD=Audio,DEV=0
00:00:00.101772 Audio:   Usage           = output
00:00:00.101772 Audio:   Flags           = NONE
00:00:00.101772 Audio:   Input channels  = 0
00:00:00.101772 Audio:   Output channels = 2
00:00:00.101772 Audio: Device '4.1 Surround output to Front, Rear and Subwoofer speakers (USB Audio, USB Audio)':
00:00:00.101773 Audio:   ID              = surround41:CARD=Audio,DEV=0
00:00:00.101773 Audio:   Usage           = output
00:00:00.101773 Audio:   Flags           = NONE
00:00:00.101773 Audio:   Input channels  = 0
00:00:00.101773 Audio:   Output channels = 2
00:00:00.101774 Audio: Device '5.0 Surround output to Front, Center and Rear speakers (USB Audio, USB Audio)':
00:00:00.101774 Audio:   ID              = surround50:CARD=Audio,DEV=0
00:00:00.101775 Audio:   Usage           = output
00:00:00.101775 Audio:   Flags           = NONE
00:00:00.101775 Audio:   Input channels  = 0
00:00:00.101775 Audio:   Output channels = 2
00:00:00.101775 Audio: Device '5.1 Surround output to Front, Center, Rear and Subwoofer speakers (USB Audio, USB Audio)':
00:00:00.101775 Audio:   ID              = surround51:CARD=Audio,DEV=0
00:00:00.101776 Audio:   Usage           = output
00:00:00.101776 Audio:   Flags           = NONE
00:00:00.101776 Audio:   Input channels  = 0
00:00:00.101776 Audio:   Output channels = 2
00:00:00.101776 Audio: Device '7.1 Surround output to Front, Center, Side, Rear and Woofer speakers (USB Audio, USB Audio)':
00:00:00.101776 Audio:   ID              = surround71:CARD=Audio,DEV=0
00:00:00.101777 Audio:   Usage           = output
00:00:00.101777 Audio:   Flags           = NONE
00:00:00.101777 Audio:   Input channels  = 0
00:00:00.101777 Audio:   Output channels = 2
00:00:00.101777 Audio: Device 'IEC958 (S/PDIF) Digital Audio Output (USB Audio, USB Audio)':
00:00:00.101777 Audio:   ID              = iec958:CARD=Audio,DEV=0
00:00:00.101778 Audio:   Usage           = output
00:00:00.101778 Audio:   Flags           = NONE
00:00:00.101778 Audio:   Input channels  = 0
00:00:00.101778 Audio:   Output channels = 2
00:00:00.101778 Audio: Device 'IEC958 (S/PDIF) Digital Audio Output (USB Audio, USB Audio #1)':
00:00:00.101778 Audio:   ID              = iec958:CARD=Audio,DEV=1
00:00:00.101779 Audio:   Usage           = output
00:00:00.101779 Audio:   Flags           = NONE
00:00:00.101779 Audio:   Input channels  = 0
00:00:00.101779 Audio:   Output channels = 2
00:00:00.101779 Audio: Device 'Direct sample mixing device (USB Audio, USB Audio)':
00:00:00.101779 Audio:   ID              = dmix:CARD=Audio,DEV=0
00:00:00.101780 Audio:   Usage           = output
00:00:00.101780 Audio:   Flags           = NONE
00:00:00.101780 Audio:   Input channels  = 0
00:00:00.101780 Audio:   Output channels = 2
00:00:00.101780 Audio: Device 'Direct sample mixing device (USB Audio, USB Audio #1)':
00:00:00.101780 Audio:   ID              = dmix:CARD=Audio,DEV=1
00:00:00.101781 Audio:   Usage           = output
00:00:00.101781 Audio:   Flags           = NONE
00:00:00.101781 Audio:   Input channels  = 0
00:00:00.101781 Audio:   Output channels = 2
00:00:00.101781 Audio: Device 'Direct sample mixing device (USB Audio, USB Audio #2)':
00:00:00.101781 Audio:   ID              = dmix:CARD=Audio,DEV=2
00:00:00.101782 Audio:   Usage           = output
00:00:00.101782 Audio:   Flags           = NONE
00:00:00.101782 Audio:   Input channels  = 0
00:00:00.101782 Audio:   Output channels = 2
00:00:00.101782 Audio: Device 'Direct sample mixing device (USB Audio, USB Audio #3)':
00:00:00.101782 Audio:   ID              = dmix:CARD=Audio,DEV=3
00:00:00.101783 Audio:   Usage           = output
00:00:00.101783 Audio:   Flags           = NONE
00:00:00.101783 Audio:   Input channels  = 0
00:00:00.101783 Audio:   Output channels = 2
00:00:00.101783 Audio: Device 'Direct sample snooping device (USB Audio, USB Audio)':
00:00:00.101783 Audio:   ID              = dsnoop:CARD=Audio,DEV=0
00:00:00.101784 Audio:   Usage           = input
00:00:00.101784 Audio:   Flags           = NONE
00:00:00.101784 Audio:   Input channels  = 2
00:00:00.101784 Audio:   Output channels = 0
00:00:00.101785 Audio: Device 'Direct sample snooping device (USB Audio, USB Audio #1)':
00:00:00.101785 Audio:   ID              = dsnoop:CARD=Audio,DEV=1
00:00:00.101785 Audio:   Usage           = input
00:00:00.101785 Audio:   Flags           = NONE
00:00:00.101785 Audio:   Input channels  = 2
00:00:00.101785 Audio:   Output channels = 0
00:00:00.101786 Audio: Device 'Direct sample snooping device (USB Audio, USB Audio #2)':
00:00:00.101786 Audio:   ID              = dsnoop:CARD=Audio,DEV=2
00:00:00.101786 Audio:   Usage           = input
00:00:00.101786 Audio:   Flags           = NONE
00:00:00.101786 Audio:   Input channels  = 2
00:00:00.101786 Audio:   Output channels = 0
00:00:00.101788 Audio: Device 'USB Stream Output (USB Audio)':
00:00:00.101788 Audio:   ID              = usbstream:CARD=Audio
00:00:00.101788 Audio:   Usage           = duplex
00:00:00.101788 Audio:   Flags           = NONE
00:00:00.101788 Audio:   Input channels  = 2
00:00:00.101788 Audio:   Output channels = 2
00:00:00.101789 Audio: Device 'Direct hardware device without any conversions (HDA NVidia, DELL S2721NX)':
00:00:00.101789 Audio:   ID              = hw:CARD=NVidia,DEV=3
00:00:00.101789 Audio:   Usage           = output
00:00:00.101789 Audio:   Flags           = NONE
00:00:00.101789 Audio:   Input channels  = 0
00:00:00.101789 Audio:   Output channels = 2
00:00:00.101790 Audio: Device 'Direct hardware device without any conversions (HDA NVidia, HDMI 1)':
00:00:00.101790 Audio:   ID              = hw:CARD=NVidia,DEV=7
00:00:00.101790 Audio:   Usage           = output
00:00:00.101790 Audio:   Flags           = NONE
00:00:00.101790 Audio:   Input channels  = 0
00:00:00.101790 Audio:   Output channels = 2
00:00:00.101791 Audio: Device 'Direct hardware device without any conversions (HDA NVidia, HDMI 2)':
00:00:00.101791 Audio:   ID              = hw:CARD=NVidia,DEV=8
00:00:00.101791 Audio:   Usage           = output
00:00:00.101791 Audio:   Flags           = NONE
00:00:00.101791 Audio:   Input channels  = 0
00:00:00.101791 Audio:   Output channels = 2
00:00:00.101792 Audio: Device 'Direct hardware device without any conversions (HDA NVidia, HDMI 3)':
00:00:00.101792 Audio:   ID              = hw:CARD=NVidia,DEV=9
00:00:00.101792 Audio:   Usage           = output
00:00:00.101792 Audio:   Flags           = NONE
00:00:00.101792 Audio:   Input channels  = 0
00:00:00.101792 Audio:   Output channels = 2
00:00:00.101793 Audio: Device 'Hardware device with all software conversions (HDA NVidia, DELL S2721NX)':
00:00:00.101793 Audio:   ID              = plughw:CARD=NVidia,DEV=3
00:00:00.101793 Audio:   Usage           = output
00:00:00.101793 Audio:   Flags           = NONE
00:00:00.101793 Audio:   Input channels  = 0
00:00:00.101793 Audio:   Output channels = 2
00:00:00.101794 Audio: Device 'Hardware device with all software conversions (HDA NVidia, HDMI 1)':
00:00:00.101794 Audio:   ID              = plughw:CARD=NVidia,DEV=7
00:00:00.101794 Audio:   Usage           = output
00:00:00.101794 Audio:   Flags           = NONE
00:00:00.101794 Audio:   Input channels  = 0
00:00:00.101794 Audio:   Output channels = 2
00:00:00.101795 Audio: Device 'Hardware device with all software conversions (HDA NVidia, HDMI 2)':
00:00:00.101795 Audio:   ID              = plughw:CARD=NVidia,DEV=8
00:00:00.101795 Audio:   Usage           = output
00:00:00.101795 Audio:   Flags           = NONE
00:00:00.101795 Audio:   Input channels  = 0
00:00:00.101795 Audio:   Output channels = 2
00:00:00.101796 Audio: Device 'Hardware device with all software conversions (HDA NVidia, HDMI 3)':
00:00:00.101796 Audio:   ID              = plughw:CARD=NVidia,DEV=9
00:00:00.101796 Audio:   Usage           = output
00:00:00.101796 Audio:   Flags           = NONE
00:00:00.101796 Audio:   Input channels  = 0
00:00:00.101796 Audio:   Output channels = 2
00:00:00.101797 Audio: Device 'HDMI Audio Output (HDA NVidia, DELL S2721NX)':
00:00:00.101797 Audio:   ID              = hdmi:CARD=NVidia,DEV=0
00:00:00.101797 Audio:   Usage           = output
00:00:00.101797 Audio:   Flags           = NONE
00:00:00.101797 Audio:   Input channels  = 0
00:00:00.101797 Audio:   Output channels = 2
00:00:00.101798 Audio: Device 'HDMI Audio Output (HDA NVidia, HDMI 1)':
00:00:00.101798 Audio:   ID              = hdmi:CARD=NVidia,DEV=1
00:00:00.101798 Audio:   Usage           = output
00:00:00.101798 Audio:   Flags           = NONE
00:00:00.101798 Audio:   Input channels  = 0
00:00:00.101798 Audio:   Output channels = 2
00:00:00.101800 Audio: Device 'HDMI Audio Output (HDA NVidia, HDMI 2)':
00:00:00.101800 Audio:   ID              = hdmi:CARD=NVidia,DEV=2
00:00:00.101800 Audio:   Usage           = output
00:00:00.101800 Audio:   Flags           = NONE
00:00:00.101800 Audio:   Input channels  = 0
00:00:00.101800 Audio:   Output channels = 2
00:00:00.101801 Audio: Device 'HDMI Audio Output (HDA NVidia, HDMI 3)':
00:00:00.101801 Audio:   ID              = hdmi:CARD=NVidia,DEV=3
00:00:00.101801 Audio:   Usage           = output
00:00:00.101801 Audio:   Flags           = NONE
00:00:00.101801 Audio:   Input channels  = 0
00:00:00.101801 Audio:   Output channels = 2
00:00:00.101801 Audio: Device 'Direct sample mixing device (HDA NVidia, DELL S2721NX)':
00:00:00.101802 Audio:   ID              = dmix:CARD=NVidia,DEV=3
00:00:00.101802 Audio:   Usage           = output
00:00:00.101802 Audio:   Flags           = NONE
00:00:00.101802 Audio:   Input channels  = 0
00:00:00.101802 Audio:   Output channels = 2
00:00:00.101803 Audio: Device 'Direct sample mixing device (HDA NVidia, HDMI 1)':
00:00:00.101803 Audio:   ID              = dmix:CARD=NVidia,DEV=7
00:00:00.101803 Audio:   Usage           = output
00:00:00.101803 Audio:   Flags           = NONE
00:00:00.101803 Audio:   Input channels  = 0
00:00:00.101803 Audio:   Output channels = 2
00:00:00.101803 Audio: Device 'Direct sample mixing device (HDA NVidia, HDMI 2)':
00:00:00.101804 Audio:   ID              = dmix:CARD=NVidia,DEV=8
00:00:00.101804 Audio:   Usage           = output
00:00:00.101804 Audio:   Flags           = NONE
00:00:00.101804 Audio:   Input channels  = 0
00:00:00.101804 Audio:   Output channels = 2
00:00:00.101804 Audio: Device 'Direct sample mixing device (HDA NVidia, HDMI 3)':
00:00:00.101805 Audio:   ID              = dmix:CARD=NVidia,DEV=9
00:00:00.101805 Audio:   Usage           = output
00:00:00.101805 Audio:   Flags           = NONE
00:00:00.101805 Audio:   Input channels  = 0
00:00:00.101805 Audio:   Output channels = 2
00:00:00.101805 Audio: Device 'USB Stream Output (HDA NVidia)':
00:00:00.101806 Audio:   ID              = usbstream:CARD=NVidia
00:00:00.101806 Audio:   Usage           = duplex
00:00:00.101806 Audio:   Flags           = NONE
00:00:00.101806 Audio:   Input channels  = 2
00:00:00.101806 Audio:   Output channels = 2
00:00:00.101806 Audio: Device 'Direct hardware device without any conversions (USB Audio Device, USB Audio)':
00:00:00.101807 Audio:   ID              = hw:CARD=Device,DEV=0
00:00:00.101807 Audio:   Usage           = duplex
00:00:00.101807 Audio:   Flags           = NONE
00:00:00.101807 Audio:   Input channels  = 2
00:00:00.101807 Audio:   Output channels = 2
00:00:00.101807 Audio: Device 'Hardware device with all software conversions (USB Audio Device, USB Audio)':
00:00:00.101808 Audio:   ID              = plughw:CARD=Device,DEV=0
00:00:00.101808 Audio:   Usage           = duplex
00:00:00.101808 Audio:   Flags           = NONE
00:00:00.101808 Audio:   Input channels  = 2
00:00:00.101808 Audio:   Output channels = 2
00:00:00.101808 Audio: Device 'Default Audio Device (USB Audio Device, USB Audio)':
00:00:00.101809 Audio:   ID              = sysdefault:CARD=Device
00:00:00.101809 Audio:   Usage           = duplex
00:00:00.101809 Audio:   Flags           = NONE
00:00:00.101809 Audio:   Input channels  = 2
00:00:00.101809 Audio:   Output channels = 2
00:00:00.101809 Audio: Device 'Front output / input (USB Audio Device, USB Audio)':
00:00:00.101810 Audio:   ID              = front:CARD=Device,DEV=0
00:00:00.101810 Audio:   Usage           = duplex
00:00:00.101810 Audio:   Flags           = NONE
00:00:00.101810 Audio:   Input channels  = 2
00:00:00.101810 Audio:   Output channels = 2
00:00:00.101810 Audio: Device '2.1 Surround output to Front and Subwoofer speakers (USB Audio Device, USB Audio)':
00:00:00.101811 Audio:   ID              = surround21:CARD=Device,DEV=0
00:00:00.101811 Audio:   Usage           = output
00:00:00.101811 Audio:   Flags           = NONE
00:00:00.101811 Audio:   Input channels  = 0
00:00:00.101811 Audio:   Output channels = 2
00:00:00.101813 Audio: Device '4.0 Surround output to Front and Rear speakers (USB Audio Device, USB Audio)':
00:00:00.101813 Audio:   ID              = surround40:CARD=Device,DEV=0
00:00:00.101813 Audio:   Usage           = output
00:00:00.101813 Audio:   Flags           = NONE
00:00:00.101813 Audio:   Input channels  = 0
00:00:00.101813 Audio:   Output channels = 2
00:00:00.101814 Audio: Device '4.1 Surround output to Front, Rear and Subwoofer speakers (USB Audio Device, USB Audio)':
00:00:00.101814 Audio:   ID              = surround41:CARD=Device,DEV=0
00:00:00.101814 Audio:   Usage           = output
00:00:00.101814 Audio:   Flags           = NONE
00:00:00.101814 Audio:   Input channels  = 0
00:00:00.101814 Audio:   Output channels = 2
00:00:00.101815 Audio: Device '5.0 Surround output to Front, Center and Rear speakers (USB Audio Device, USB Audio)':
00:00:00.101815 Audio:   ID              = surround50:CARD=Device,DEV=0
00:00:00.101815 Audio:   Usage           = output
00:00:00.101815 Audio:   Flags           = NONE
00:00:00.101815 Audio:   Input channels  = 0
00:00:00.101815 Audio:   Output channels = 2
00:00:00.101816 Audio: Device '5.1 Surround output to Front, Center, Rear and Subwoofer speakers (USB Audio Device, USB Audio)':
00:00:00.101816 Audio:   ID              = surround51:CARD=Device,DEV=0
00:00:00.101816 Audio:   Usage           = output
00:00:00.101816 Audio:   Flags           = NONE
00:00:00.101816 Audio:   Input channels  = 0
00:00:00.101816 Audio:   Output channels = 2
00:00:00.101817 Audio: Device '7.1 Surround output to Front, Center, Side, Rear and Woofer speakers (USB Audio Device, USB Audio)':
00:00:00.101817 Audio:   ID              = surround71:CARD=Device,DEV=0
00:00:00.101817 Audio:   Usage           = output
00:00:00.101817 Audio:   Flags           = NONE
00:00:00.101817 Audio:   Input channels  = 0
00:00:00.101817 Audio:   Output channels = 2
00:00:00.101818 Audio: Device 'IEC958 (S/PDIF) Digital Audio Output (USB Audio Device, USB Audio)':
00:00:00.101818 Audio:   ID              = iec958:CARD=Device,DEV=0
00:00:00.101818 Audio:   Usage           = output
00:00:00.101818 Audio:   Flags           = NONE
00:00:00.101818 Audio:   Input channels  = 0
00:00:00.101818 Audio:   Output channels = 2
00:00:00.101819 Audio: Device 'Direct sample mixing device (USB Audio Device, USB Audio)':
00:00:00.101819 Audio:   ID              = dmix:CARD=Device,DEV=0
00:00:00.101819 Audio:   Usage           = output
00:00:00.101819 Audio:   Flags           = NONE
00:00:00.101819 Audio:   Input channels  = 0
00:00:00.101819 Audio:   Output channels = 2
00:00:00.101820 Audio: Device 'Direct sample snooping device (USB Audio Device, USB Audio)':
00:00:00.101820 Audio:   ID              = dsnoop:CARD=Device,DEV=0
00:00:00.101820 Audio:   Usage           = input
00:00:00.101820 Audio:   Flags           = NONE
00:00:00.101820 Audio:   Input channels  = 2
00:00:00.101820 Audio:   Output channels = 0
00:00:00.101821 Audio: Device 'USB Stream Output (USB Audio Device)':
00:00:00.101821 Audio:   ID              = usbstream:CARD=Device
00:00:00.101821 Audio:   Usage           = duplex
00:00:00.101821 Audio:   Flags           = NONE
00:00:00.101821 Audio:   Input channels  = 2
00:00:00.101821 Audio:   Output channels = 2
00:00:00.101854 AC97: Reset
00:00:00.101855 AC97: Mixer reset (EAID=0x809, EACS=0x9)
00:00:00.101856 AC97: Record select to left=mic, right=mic
00:00:00.101857 Audio Mixer: MUTING master volume of 'AC'97 Mixer' -- channel volumes: ff ff ff ff ff ff ff ff ff ff ff ff
00:00:00.101859 Audio Mixer: MUTING sink 'AC'97 Mixer/Line In' -- channel volumes: 00 00 00 00 00 00 00 00 00 00 00 00
00:00:00.101860 Audio Mixer: MUTING sink 'AC'97 Mixer/Microphone In' -- channel volumes: 00 00 00 00 00 00 00 00 00 00 00 00
00:00:00.101861 Audio Mixer: MUTING sink 'AC'97 Mixer/PCM Output' -- channel volumes: 00 00 00 00 00 00 00 00 00 00 00 00
00:00:00.101862 Audio Mixer: MUTING sink 'AC'97 Mixer/PCM Output' -- channel volumes: 00 00 00 00 00 00 00 00 00 00 00 00
00:00:00.101863 Audio Mixer: MUTING sink 'AC'97 Mixer/Line In' -- channel volumes: 00 00 00 00 00 00 00 00 00 00 00 00
00:00:00.101865 Audio Mixer: MUTING sink 'AC'97 Mixer/Line In' -- channel volumes: 00 00 00 00 00 00 00 00 00 00 00 00
00:00:00.101866 Audio Mixer: MUTING sink 'AC'97 Mixer/Microphone In' -- channel volumes: 00 00 00 00 00 00 00 00 00 00 00 00
00:00:00.102071 PGM: The CPU physical address width is 46 bits
00:00:00.102073 PGM: PGMR3InitFinalize: 4 MB PSE mask 00003fffffffffff -> VINF_SUCCESS
00:00:00.102077 TM: TMR3InitFinalize: fTSCModeSwitchAllowed=true
00:00:00.102130 CPUM: Mapped 1.0MiB (1048576 bytes) of RAM using fixed-range MTRRs
00:00:00.102132 CPUM: Mapped 2.0GiB (2147483648 bytes) of RAM using 1 variable-range MTRRs
00:00:00.102188 CPUM: Host IA32_ARCH_CAPABILITIES  = 0x14c8fd6b
00:00:00.102191 CPUM: Guest IA32_ARCH_CAPABILITIES = 0x1408e169
00:00:00.102225 VMM: Enabled thread-context hooks
00:00:00.102225 VMM: RTThreadPreemptIsPending() can be trusted
00:00:00.102226 VMM: Kernel preemption is possible
00:00:00.102244 HM: Host MSR_IA32_FEATURE_CONTROL = 0x5
00:00:00.102245 HM: fWorldSwitcher=0x0 (fIbpbOnVmExit=false fIbpbOnVmEntry=false fL1dFlushOnVmEntry=false); fL1dFlushOnSched=false fMdsClearOnVmEntry=false
00:00:00.102247 HM: Using VT-x implementation 3.0
00:00:00.102247 HM: Max resume loops                  = 8192
00:00:00.102247 HM: Host CR0                          = 0x80050033
00:00:00.102248 HM: Host CR4                          = 0xf72ef0
00:00:00.102248 HM: Host EFER                         = 0xd01
00:00:00.102248 HM: Host SMM_MONITOR_CTL              = 0x0
00:00:00.102248 HM: Host CORE_CAPABILITIES            = 0xfd
00:00:00.102249 HM: Host MEMORY_CTRL                  = 0x20000000 - split-lock disable!
00:00:00.102249 HM: Host DR6 zero'ed                  = 0xffff0ff0
00:00:00.102250 HM: MSR_IA32_FEATURE_CONTROL          = 0x5
00:00:00.102250 HM:   LOCK
00:00:00.102250 HM:   VMXON
00:00:00.102250 HM: MSR_IA32_VMX_BASIC                = 0x3da050000000013
00:00:00.102250 HM:   VMCS id                           = 0x13
00:00:00.102251 HM:   VMCS size                         = 1280 bytes
00:00:00.102251 HM:   VMCS physical address limit       = None
00:00:00.102251 HM:   VMCS memory type                  = Write Back (WB)
00:00:00.102251 HM:   Dual-monitor treatment support    = true
00:00:00.102252 HM:   OUTS & INS instruction-info       = true
00:00:00.102252 HM:   Supports true-capability MSRs     = true
00:00:00.102252 HM:   VM-entry Xcpt error-code optional = true
00:00:00.102252 HM: MSR_IA32_VMX_PINBASED_CTLS        = 0xff00000016
00:00:00.102253 HM:   EXT_INT_EXIT
00:00:00.102253 HM:   NMI_EXIT
00:00:00.102253 HM:   VIRTUAL_NMI
00:00:00.102253 HM:   PREEMPT_TIMER
00:00:00.102254 HM:   POSTED_INT
00:00:00.102254 HM: MSR_IA32_VMX_PROCBASED_CTLS       = 0xfffbfffe0401e172
00:00:00.102254 HM:   INT_WINDOW_EXIT
00:00:00.102254 HM:   USE_TSC_OFFSETTING
00:00:00.102255 HM:   HLT_EXIT
00:00:00.102255 HM:   INVLPG_EXIT
00:00:00.102255 HM:   MWAIT_EXIT
00:00:00.102255 HM:   RDPMC_EXIT
00:00:00.102255 HM:   RDTSC_EXIT
00:00:00.102256 HM:   CR3_LOAD_EXIT (must be set)
00:00:00.102256 HM:   CR3_STORE_EXIT (must be set)
00:00:00.102256 HM:   USE_TERTIARY_CTLS
00:00:00.102256 HM:   CR8_LOAD_EXIT
00:00:00.102256 HM:   CR8_STORE_EXIT
00:00:00.102257 HM:   USE_TPR_SHADOW
00:00:00.102257 HM:   NMI_WINDOW_EXIT
00:00:00.102257 HM:   MOV_DR_EXIT
00:00:00.102257 HM:   UNCOND_IO_EXIT
00:00:00.102257 HM:   USE_IO_BITMAPS
00:00:00.102258 HM:   MONITOR_TRAP_FLAG
00:00:00.102258 HM:   USE_MSR_BITMAPS
00:00:00.102258 HM:   MONITOR_EXIT
00:00:00.102258 HM:   PAUSE_EXIT
00:00:00.102258 HM:   USE_SECONDARY_CTLS
00:00:00.102258 HM: MSR_IA32_VMX_PROCBASED_CTLS2      = 0xf5d7fff00000000
00:00:00.102259 HM:   VIRT_APIC_ACCESS
00:00:00.102259 HM:   EPT
00:00:00.102259 HM:   DESC_TABLE_EXIT
00:00:00.102259 HM:   RDTSCP
00:00:00.102260 HM:   VIRT_X2APIC_MODE
00:00:00.102260 HM:   VPID
00:00:00.102260 HM:   WBINVD_EXIT
00:00:00.102260 HM:   UNRESTRICTED_GUEST
00:00:00.102260 HM:   APIC_REG_VIRT
00:00:00.102261 HM:   VIRT_INT_DELIVERY
00:00:00.102261 HM:   PAUSE_LOOP_EXIT
00:00:00.102261 HM:   RDRAND_EXIT
00:00:00.102261 HM:   INVPCID
00:00:00.102261 HM:   VMFUNC
00:00:00.102261 HM:   VMCS_SHADOWING
00:00:00.102262 HM:   ENCLS_EXIT (must be cleared)
00:00:00.102262 HM:   RDSEED_EXIT
00:00:00.102262 HM:   PML (must be cleared)
00:00:00.102262 HM:   EPT_XCPT_VE
00:00:00.102263 HM:   CONCEAL_VMX_FROM_PT
00:00:00.102263 HM:   XSAVES_XRSTORS
00:00:00.102263 HM:   PASID_TRANSLATE (must be cleared)
00:00:00.102263 HM:   MODE_BASED_EPT_PERM
00:00:00.102263 HM:   SPP_EPT (must be cleared)
00:00:00.102263 HM:   PT_EPT
00:00:00.102264 HM:   TSC_SCALING
00:00:00.102264 HM:   USER_WAIT_PAUSE
00:00:00.102264 HM:   PCONFIG
00:00:00.102264 HM:   ENCLV_EXIT (must be cleared)
00:00:00.102264 HM:   BUS_LOCK_DETECT (must be cleared)
00:00:00.102264 HM:   INSTR_TIMEOUT (must be cleared)
00:00:00.102264 HM: MSR_IA32_VMX_PROCBASED_CTLS3      = 0xf
00:00:00.102265 HM:   LOADIWKEY_EXIT                    = true
00:00:00.102265 HM:   HLAT                              = true
00:00:00.102265 HM:   EPT_PAGING_WRITE                  = true
00:00:00.102265 HM:   GST_PAGING_VERIFY                 = true
00:00:00.102266 HM:   IPI_VIRT                          = false
00:00:00.102266 HM:   VIRT_SPEC_CTRL                    = false
00:00:00.102266 HM: MSR_IA32_VMX_ENTRY_CTLS           = 0x76ffff000011ff
00:00:00.102266 HM:   LOAD_DEBUG (must be set)
00:00:00.102267 HM:   IA32E_MODE_GUEST
00:00:00.102267 HM:   ENTRY_TO_SMM
00:00:00.102267 HM:   DEACTIVATE_DUAL_MON
00:00:00.102267 HM:   LOAD_PERF_MSR
00:00:00.102267 HM:   LOAD_PAT_MSR
00:00:00.102267 HM:   LOAD_EFER_MSR
00:00:00.102268 HM:   LOAD_BNDCFGS_MSR (must be cleared)
00:00:00.102268 HM:   CONCEAL_VMX_FROM_PT
00:00:00.102268 HM:   LOAD_RTIT_CTL_MSR
00:00:00.102268 HM:   LOAD_UINV (must be cleared)
00:00:00.102268 HM:   LOAD_CET_STATE
00:00:00.102268 HM:   LOAD_LBR_CTL_MSR
00:00:00.102268 HM:   LOAD_PKRS_MSR
00:00:00.102269 HM: MSR_IA32_VMX_EXIT_CTLS            = 0xf77fffff00036dff
00:00:00.102269 HM:   SAVE_DEBUG (must be set)
00:00:00.102269 HM:   HOST_ADDR_SPACE_SIZE
00:00:00.102269 HM:   LOAD_PERF_MSR
00:00:00.102269 HM:   ACK_EXT_INT
00:00:00.102270 HM:   SAVE_PAT_MSR
00:00:00.102270 HM:   LOAD_PAT_MSR
00:00:00.102270 HM:   SAVE_EFER_MSR
00:00:00.102270 HM:   LOAD_EFER_MSR
00:00:00.102270 HM:   SAVE_PREEMPT_TIMER
00:00:00.102270 HM:   CLEAR_BNDCFGS_MSR (must be cleared)
00:00:00.102271 HM:   CONCEAL_VMX_FROM_PT
00:00:00.102271 HM:   CLEAR_RTIT_CTL_MSR
00:00:00.102271 HM:   CLEAR_LBR_CTL_MSR
00:00:00.102271 HM:   CLEAR_UINV (must be cleared)
00:00:00.102271 HM:   LOAD_CET_STATE
00:00:00.102271 HM:   LOAD_PKRS_MSR
00:00:00.102272 HM:   SAVE_PERF_MSR
00:00:00.102272 HM: MSR_IA32_VMX_TRUE_PINBASED_CTLS   = 0xff00000016
00:00:00.102272 HM: MSR_IA32_VMX_TRUE_PROCBASED_CTLS  = 0xfffbfffe04006172
00:00:00.102273 HM: MSR_IA32_VMX_TRUE_ENTRY_CTLS      = 0x76ffff000011fb
00:00:00.102273 HM: MSR_IA32_VMX_TRUE_EXIT_CTLS       = 0xf77fffff00036dfb
00:00:00.102273 HM: MSR_IA32_VMX_MISC                 = 0x7004c1e7
00:00:00.102274 HM:   PREEMPT_TIMER_TSC                 = 0x7
00:00:00.102274 HM:   EXIT_SAVE_EFER_LMA                = true
00:00:00.102274 HM:   ACTIVITY_STATES                   = 0x7 ( HLT SHUTDOWN SIPI_WAIT )
00:00:00.102274 HM:   INTEL_PT                          = true
00:00:00.102275 HM:   SMM_READ_SMBASE_MSR               = true
00:00:00.102275 HM:   CR3_TARGET                        = 0x4
00:00:00.102275 HM:   MAX_MSR                           = 0x0 ( 512 )
00:00:00.102275 HM:   VMXOFF_BLOCK_SMI                  = true
00:00:00.102275 HM:   VMWRITE_ALL                       = true
00:00:00.102276 HM:   ENTRY_INJECT_SOFT_INT             = 0x1
00:00:00.102276 HM:   MSEG_ID                           = 0x0
00:00:00.102276 HM: MSR_IA32_VMX_VMCS_ENUM            = 0x2e
00:00:00.102276 HM:   HIGHEST_IDX                       = 0x17
00:00:00.102276 HM: MSR_IA32_VMX_EPT_VPID_CAP         = 0x10f0106f34141
00:00:00.102277 HM:   RWX_X_ONLY
00:00:00.102277 HM:   PAGE_WALK_LENGTH_4
00:00:00.102277 HM:   MEMTYPE_UC
00:00:00.102277 HM:   MEMTYPE_WB
00:00:00.102277 HM:   PDE_2M
00:00:00.102278 HM:   PDPTE_1G
00:00:00.102278 HM:   INVEPT
00:00:00.102278 HM:   ACCESS_DIRTY
00:00:00.102278 HM:   ADVEXITINFO_EPT_VIOLATION
00:00:00.102278 HM:   SUPER_SHW_STACK
00:00:00.102278 HM:   INVEPT_SINGLE_CONTEXT
00:00:00.102278 HM:   INVEPT_ALL_CONTEXTS
00:00:00.102278 HM:   INVVPID
00:00:00.102279 HM:   INVVPID_INDIV_ADDR
00:00:00.102279 HM:   INVVPID_SINGLE_CONTEXT
00:00:00.102279 HM:   INVVPID_ALL_CONTEXTS
00:00:00.102279 HM:   INVVPID_SINGLE_CONTEXT_RETAIN_GLOBALS
00:00:00.102279 HM: MSR_IA32_VMX_VMFUNC               = 0x1
00:00:00.102279 HM:   EPTP_SWITCHING
00:00:00.102279 HM: MSR_IA32_VMX_CR0_FIXED0           = 0x80000021
00:00:00.102280 HM: MSR_IA32_VMX_CR0_FIXED1           = 0xffffffff
00:00:00.102280 HM: MSR_IA32_VMX_CR4_FIXED0           = 0x2000
00:00:00.102280 HM: MSR_IA32_VMX_CR4_FIXED1           = 0x1ff6fff
00:00:00.102281 HM: Guest support: 32-bit and 64-bit
00:00:00.102282 HM: Supports VMCS EFER fields         = true
00:00:00.102283 HM: Enabled VMX
00:00:00.102284 HM: Enabled nested paging
00:00:00.102284 HM:   EPT flush type                  = Single context
00:00:00.102285 HM: Enabled unrestricted guest execution
00:00:00.102285 HM: Enabled VPID
00:00:00.102285 HM:   VPID flush type                 = Single context
00:00:00.102285 HM: Enabled VMX-preemption timer (cPreemptTimerShift=7)
00:00:00.102285 HM: VT-x/AMD-V init method: Global
00:00:00.102286 HM: VT-x/AMD-V enable method: Host API
00:00:00.102286 EM: Exit history optimizations: enabled=true enabled-r0=true enabled-r0-no-preemption=false
00:00:00.104357 PcBios: SATA LUN#0 LCHS=1024/255/63
00:00:00.104370 APIC: fPostedIntrsEnabled=false fVirtApicRegsEnabled=false fSupportsTscDeadline=false
00:00:00.104373 TMR3UtcNow: nsNow=1 778 727 543 149 062 000 nsPrev=0 -> cNsDelta=1 778 727 543 149 062 000 (offLag=0 offVirtualSync=0 offVirtualSyncGivenUp=0, NowAgain=1 778 727 543 149 062 000)
00:00:00.104376 VMM: fUsePeriodicPreemptionTimers=false
00:00:00.104524 CPUM: Logical host processors: 24 present, 24 max, 24 online, online mask: 0000000000ffffff
00:00:00.104655 CPUM: Physical host cores: 16
00:00:00.104655 ************************ CPUID dump *************************
00:00:00.105872          Raw Standard CPUID Leaves
00:00:00.105872      Leaf/sub-leaf  eax      ebx      ecx      edx
00:00:00.105872 Gst: 00000000/0000  00000016 756e6547 6c65746e 49656e69
00:00:00.105873 Hst:                00000020 756e6547 6c65746e 49656e69
00:00:00.105873 Gst: 00000001/0000  00090672 00020800 f6fa3203 178bfbff
00:00:00.105874 Hst:                00090672 20800800 7ffafbff bfebfbff
00:00:00.105874 Gst: 00000002/0000  00feff01 000000f0 00000000 00000000
00:00:00.105874 Hst:                00feff01 000000f0 00000000 00000000
00:00:00.105875 Gst: 00000003/0000  00000000 00000000 00000000 00000000
00:00:00.105875 Hst:                00000000 00000000 00000000 00000000
00:00:00.105875 Gst: 00000004/0000  04000121 02c0003f 0000003f 00000000
00:00:00.105876 Hst:                fc004121 02c0003f 0000003f 00000000
00:00:00.105876 Gst: 00000004/0001  04000122 01c0003f 0000003f 00000000
00:00:00.105876 Hst:                fc004122 01c0003f 0000003f 00000000
00:00:00.105877 Gst: 00000004/0002  04000143 0240003f 000007ff 00000000
00:00:00.105877 Hst:                fc01c143 0240003f 000007ff 00000000
00:00:00.105877 Gst: 00000004/0003  04000163 02c0003f 00009fff 00000004
00:00:00.105877 Hst:                fc1fc163 02c0003f 00009fff 00000004
00:00:00.105878 Gst: 00000004/0004  04000000 00000000 00000000 00000000
00:00:00.105878 Hst:                00000000 00000000 00000000 00000000
00:00:00.105878 Gst: 00000005/0000  00000000 00000000 00000000 00000000
00:00:00.105878 Hst:                00000040 00000040 00000003 10102020
00:00:00.105879 Gst: 00000006/0000  00000004 00000000 00000000 00000000
00:00:00.105879 Hst:                00dfcff7 00000002 00000409 00040003
00:00:00.105879 Gst: 00000007/0000  00000002 208c2569 00000000 30000400
00:00:00.105880 Hst:                00000002 239c27eb 98c027bc fc1cc410
00:00:00.105880 Gst: 00000007/0001  00000000 00000000 00000000 00000000
00:00:00.105880 Hst:                00400810 00000000 00000000 00040000
00:00:00.105880 Gst: 00000007/0002  00000000 00000000 00000000 00000000
00:00:00.105881 Hst:                00000000 00000000 00000000 00000097
00:00:00.105881 Gst: 00000007/0003  00000000 00000000 00000000 00000000
00:00:00.105881 Hst:                00000000 00000000 00000000 00000000
00:00:00.105882 Gst: 00000008/0000  00000000 00000000 00000000 00000000
00:00:00.105882 Hst:                00000000 00000000 00000000 00000000
00:00:00.105882 Gst: 00000009/0000  00000000 00000000 00000000 00000000
00:00:00.105882 Hst:                00000000 00000000 00000000 00000000
00:00:00.105882 Gst: 0000000a/0000  00000000 00000000 00000000 00000000
00:00:00.105883 Hst:                07300605 00000000 00000007 00008603
00:00:00.105883 Gst: 0000000b/0000  00000000 00000001 00000100 00000000
00:00:00.105883 Hst:                00000001 00000002 00000100 00000020
00:00:00.105884 Gst: 0000000b/0001  00000001 00000002 00000201 00000000
00:00:00.105884 Hst:                00000007 00000018 00000201 00000020
00:00:00.105884 Gst: 0000000b/0002  00000000 00000000 00000002 00000000
00:00:00.105885 Hst:                00000000 00000000 00000002 00000020
00:00:00.105885 Gst: 0000000c/0000  00000000 00000000 00000000 00000000
00:00:00.105885 Hst:                00000000 00000000 00000000 00000000
00:00:00.105885 Gst: 0000000d/0000  00000007 00000340 00000340 00000000
00:00:00.105886 Hst:                00000207 00000a88 00000a88 00000000
00:00:00.105886 Gst: 0000000d/0001  00000000 00000698 00000000 00000000
00:00:00.105886 Hst:                0000000f 00000698 00019900 00000000
00:00:00.105886 Gst: 0000000d/0002  00000100 00000240 00000000 00000000
00:00:00.105887 Hst:                00000100 00000240 00000000 00000000
00:00:00.105887 Gst: 0000000d/0003  00000000 00000000 00000000 00000000
00:00:00.105887 Hst:                00000000 00000000 00000000 00000000
00:00:00.105887 Gst: 0000000d/0004  00000000 00000000 00000000 00000000
00:00:00.105888 Hst:                00000000 00000000 00000000 00000000
00:00:00.105888 Gst: 0000000d/0005  00000000 00000000 00000000 00000000
00:00:00.105888 Hst:                00000000 00000000 00000000 00000000
00:00:00.105888 Gst: 0000000d/0006  00000000 00000000 00000000 00000000
00:00:00.105889 Hst:                00000000 00000000 00000000 00000000
00:00:00.105889 Gst: 0000000d/0007  00000000 00000000 00000000 00000000
00:00:00.105889 Hst:                00000000 00000000 00000000 00000000
00:00:00.105889 Gst: 0000000d/0008  00000000 00000000 00000000 00000000
00:00:00.105890 Hst:                00000080 00000000 00000001 00000000
00:00:00.105890 Gst: 0000000d/0009  00000000 00000000 00000000 00000000
00:00:00.105890 Hst:                00000008 00000a80 00000000 00000000
00:00:00.105890 Gst: 0000000d/000a  00000000 00000000 00000000 00000000
00:00:00.105891 Hst:                00000000 00000000 00000000 00000000
00:00:00.105891 Gst: 0000000d/000b  00000000 00000000 00000000 00000000
00:00:00.105891 Hst:                00000010 00000000 00000001 00000000
00:00:00.105891 Gst: 0000000d/000c  00000000 00000000 00000000 00000000
00:00:00.105892 Hst:                00000018 00000000 00000001 00000000
00:00:00.105892 Gst: 0000000d/000d  00000000 00000000 00000000 00000000
00:00:00.105892 Hst:                00000000 00000000 00000000 00000000
00:00:00.105892 Gst: 0000000d/000e  00000000 00000000 00000000 00000000
00:00:00.105893 Hst:                00000000 00000000 00000000 00000000
00:00:00.105893 Gst: 0000000d/000f  00000000 00000000 00000000 00000000
00:00:00.105893 Hst:                00000328 00000000 00000001 00000000
00:00:00.105893 Gst: 0000000d/0010  00000000 00000000 00000000 00000000
00:00:00.105894 Hst:                00000008 00000000 00000001 00000000
00:00:00.105894 Gst: 0000000d/0011  00000000 00000000 00000000 00000000
00:00:00.105894 Hst:                00000000 00000000 00000000 00000000
00:00:00.105894 Gst: 0000000e/0000  00000000 00000000 00000000 00000000
00:00:00.105895 Hst:                00000000 00000000 00000000 00000000
00:00:00.105895 Gst: 0000000f/0000  00000000 00000000 00000000 00000000
00:00:00.105895 Hst:                00000000 00000000 00000000 00000000
00:00:00.105895 Gst: 00000010/0000  00000000 00000000 00000000 00000000
00:00:00.105896 Hst:                00000000 00000000 00000000 00000000
00:00:00.105896 Gst: 00000011/0000  00000000 00000000 00000000 00000000
00:00:00.105896 Hst:                00000000 00000000 00000000 00000000
00:00:00.105896 Gst: 00000012/0000  00000000 00000000 00000000 00000000
00:00:00.105897 Hst:                00000000 00000000 00000000 00000000
00:00:00.105897 Gst: 00000013/0000  00000000 00000000 00000000 00000000
00:00:00.105897 Hst:                00000000 00000000 00000000 00000000
00:00:00.105897 Gst: 00000014/0000  00000000 00000000 00000000 00000000
00:00:00.105898 Hst:                00000001 0000005f 00000007 00000000
00:00:00.105898 Hst: 00000015/0000  00000002 000000a6 0249f000 00000000
00:00:00.105898 Hst: 00000016/0000  00000c80 00001450 00000064 00000000
00:00:00.105899 Hst: 00000017/0000  00000000 00000000 00000000 00000000
00:00:00.105899 Hst: 00000018/0000  00000008 00000000 00000000 00000000
00:00:00.105899 Hst: 00000019/0000  00000007 00000014 00000003 00000000
00:00:00.105899 Hst: 0000001a/0000  40000001 00000000 00000000 00000000
00:00:00.105900 Hst: 0000001b/0000  00000001 00000001 00000000 00000000
00:00:00.105900 Hst: 0000001c/0000  4000000b 00000007 00000007 00000000
00:00:00.105900 Hst: 0000001d/0000  00000000 00000000 00000000 00000000
00:00:00.105901 Hst: 0000001e/0000  00000000 00000000 00000000 00000000
00:00:00.105901 Hst: 0000001f/0000  00000001 00000002 00000100 00000020
00:00:00.105901 Hst: 00000020/0000  00000000 00000001 00000000 00000000
00:00:00.105902                                Name: GenuineIntel
00:00:00.105902                            Supports: 0x00000000-0x00000016
00:00:00.105903                              Family:  6 	Extended: 0 	Effective: 6
00:00:00.105904                               Model:  7 	Extended: 9 	Effective: 151
00:00:00.105904                            Stepping: 2
00:00:00.105904                                Type: 0 (primary)
00:00:00.105905                             APIC ID: 0x00
00:00:00.105905                        Logical CPUs: 2
00:00:00.105906                        CLFLUSH Size: 8
00:00:00.105906                            Brand ID: 0x00
00:00:00.105906 Features
00:00:00.105906   Mnemonic - Description                                  = Guest (Host)
00:00:00.105907   FPU - x87 FPU on Chip                                   = 1 (1)
00:00:00.105908   VME - Virtual 8086 Mode Enhancements                    = 1 (1)
00:00:00.105909   DE - Debugging extensions                               = 1 (1)
00:00:00.105909   PSE - Page Size Extension                               = 1 (1)
00:00:00.105909   TSC - Time Stamp Counter                                = 1 (1)
00:00:00.105910   MSR - Model Specific Registers                          = 1 (1)
00:00:00.105910   PAE - Physical Address Extension                        = 1 (1)
00:00:00.105911   MCE - Machine Check Exception                           = 1 (1)
00:00:00.105911   CX8 - CMPXCHG8B instruction                             = 1 (1)
00:00:00.105912   APIC - APIC On-Chip                                     = 1 (1)
00:00:00.105912   SEP - SYSENTER and SYSEXIT Present                      = 1 (1)
00:00:00.105912   MTRR - Memory Type Range Registers                      = 1 (1)
00:00:00.105913   PGE - PTE Global Bit                                    = 1 (1)
00:00:00.105913   MCA - Machine Check Architecture                        = 1 (1)
00:00:00.105914   CMOV - Conditional Move instructions                    = 1 (1)
00:00:00.105914   PAT - Page Attribute Table                              = 1 (1)
00:00:00.105914   PSE-36 - 36-bit Page Size Extension                     = 1 (1)
00:00:00.105915   PSN - Processor Serial Number                           = 0 (0)
00:00:00.105915   CLFSH - CLFLUSH instruction                             = 1 (1)
00:00:00.105915   DS - Debug Store                                        = 0 (1)
00:00:00.105916   ACPI - Thermal Mon. & Soft. Clock Ctrl.                 = 0 (1)
00:00:00.105916   MMX - Intel MMX Technology                              = 1 (1)
00:00:00.105917   FXSR - FXSAVE and FXRSTOR instructions                  = 1 (1)
00:00:00.105917   SSE - SSE support                                       = 1 (1)
00:00:00.105918   SSE2 - SSE2 support                                     = 1 (1)
00:00:00.105918   SS - Self Snoop                                         = 0 (1)
00:00:00.105918   HTT - Hyper-Threading Technology                        = 1 (1)
00:00:00.105919   TM - Therm. Monitor                                     = 0 (1)
00:00:00.105919   PBE - Pending Break Enabled                             = 0 (1)
00:00:00.105920   SSE3 - SSE3 support                                     = 1 (1)
00:00:00.105921   PCLMUL - PCLMULQDQ support (for AES-GCM)                = 1 (1)
00:00:00.105921   DTES64 - DS Area 64-bit Layout                          = 0 (1)
00:00:00.105921   MONITOR - MONITOR/MWAIT instructions                    = 0 (1)
00:00:00.105922   CPL-DS - CPL Qualified Debug Store                      = 0 (1)
00:00:00.105922   VMX - Virtual Machine Extensions                        = 0 (1)
00:00:00.105922   SMX - Safer Mode Extensions                             = 0 (1)
00:00:00.105923   EST - Enhanced SpeedStep Technology                     = 0 (1)
00:00:00.105923   TM2 - Terminal Monitor 2                                = 0 (1)
00:00:00.105923   SSSE3 - Supplemental Streaming SIMD Extensions 3        = 1 (1)
00:00:00.105924   CNTX-ID - L1 Context ID                                 = 0 (0)
00:00:00.105924   SDBG - Silicon Debug interface                          = 0 (1)
00:00:00.105925   FMA - Fused Multiply Add extensions                     = 1 (1)
00:00:00.105925   CX16 - CMPXCHG16B instruction                           = 1 (1)
00:00:00.105925   TPRUPDATE - xTPR Update Control                         = 0 (1)
00:00:00.105926   PDCM - Perf/Debug Capability MSR                        = 0 (1)
00:00:00.105926   PCID - Process Context Identifiers                      = 1 (1)
00:00:00.105927   DCA - Direct Cache Access                               = 0 (0)
00:00:00.105927   SSE4_1 - SSE4_1 support                                 = 1 (1)
00:00:00.105927   SSE4_2 - SSE4_2 support                                 = 1 (1)
00:00:00.105928   X2APIC - x2APIC support                                 = 1 (1)
00:00:00.105928   MOVBE - MOVBE instruction                               = 1 (1)
00:00:00.105929   POPCNT - POPCNT instruction                             = 1 (1)
00:00:00.105929   TSCDEADL - Time Stamp Counter Deadline                  = 0 (1)
00:00:00.105929   AES - AES instructions                                  = 1 (1)
00:00:00.105930   XSAVE - XSAVE instruction                               = 1 (1)
00:00:00.105930   OSXSAVE - OSXSAVE instruction                           = 0 (1)
00:00:00.105931   AVX - AVX support                                       = 1 (1)
00:00:00.105931   F16C - 16-bit floating point conversion instructions    = 1 (1)
00:00:00.105931   RDRAND - RDRAND instruction                             = 1 (1)
00:00:00.105932   HVP - Hypervisor Present (we're a guest)                = 1 (0)
00:00:00.105932 Structured Extended Feature Flags Enumeration (leaf 7):
00:00:00.105932 Sub-leaf 0
00:00:00.105933   Mnemonic - Description                                  = Guest (Host)
00:00:00.105933   FSGSBASE - RDFSBASE/RDGSBASE/WRFSBASE/WRGSBASE instr.   = 1 (1)
00:00:00.105934   TSCADJUST - Supports MSR_IA32_TSC_ADJUST                = 0 (1)
00:00:00.105934   SGX - Supports Software Guard Extensions                = 0 (0)
00:00:00.105934   BMI1 - Advanced Bit Manipulation extension 1            = 1 (1)
00:00:00.105935   HLE - Hardware Lock Elision                             = 0 (0)
00:00:00.105935   AVX2 - Advanced Vector Extensions 2                     = 1 (1)
00:00:00.105935   FDP_EXCPTN_ONLY - FPU DP only updated on exceptions     = 1 (1)
00:00:00.105936   SMEP - Supervisor Mode Execution Prevention             = 0 (1)
00:00:00.105936   BMI2 - Advanced Bit Manipulation extension 2            = 1 (1)
00:00:00.105936   ERMS - Enhanced REP MOVSB/STOSB instructions            = 0 (1)
00:00:00.105936   INVPCID - INVPCID instruction                           = 1 (1)
00:00:00.105937   RTM - Restricted Transactional Memory                   = 0 (0)
00:00:00.105937   PQM - Platform Quality of Service Monitoring            = 0 (0)
00:00:00.105938   DEPFPU_CS_DS - Deprecates FPU CS, FPU DS values if set  = 1 (1)
00:00:00.105938   MPE - Intel Memory Protection Extensions                = 0 (0)
00:00:00.105938   PQE - Platform Quality of Service Enforcement           = 0 (0)
00:00:00.105939   AVX512F - AVX512 Foundation instructions                = 0 (0)
00:00:00.105939   AVX512DQ - Supports the AVX512DQ instructions           = 0 (0)
00:00:00.105939   RDSEED - RDSEED instruction                             = 1 (1)
00:00:00.105940   ADX - ADCX/ADOX instructions                            = 1 (1)
00:00:00.105940   SMAP - Supervisor Mode Access Prevention                = 0 (1)
00:00:00.105940   AVX512_IFMA - Supports the AVX512_IFMA instructions     = 0 (0)
00:00:00.105941   CLFLUSHOPT - CLFLUSHOPT (Cache Line Flush) instruction  = 1 (1)
00:00:00.105941   CLWB - CLWB instruction                                 = 0 (1)
00:00:00.105941   INTEL_PT - Intel Processor Trace                        = 0 (1)
00:00:00.105942   AVX512PF - AVX512 Prefetch instructions                 = 0 (0)
00:00:00.105942   AVX512ER - AVX512 Exponential & Reciprocal instructions = 0 (0)
00:00:00.105942   AVX512CD - AVX512 Conflict Detection instructions       = 0 (0)
00:00:00.105943   SHA - Secure Hash Algorithm extensions                  = 1 (1)
00:00:00.105943   AVX512BW - Supports the AVX512BW instructions           = 0 (0)
00:00:00.105943   AVX512VL - Supports the AVX512VL instructions           = 0 (0)
00:00:00.105944   PREFETCHWT1 - PREFETCHWT1 instruction                   = 0 (0)
00:00:00.105944   AVX512_VBMI - Supports the AVX512_VBMI instructions     = 0 (0)
00:00:00.105944   UMIP - User mode insturction prevention                 = 0 (1)
00:00:00.105945   PKU - Protection Key for Usermode pages                 = 0 (1)
00:00:00.105945   OSPKE - CR4.PKU mirror                                  = 0 (1)
00:00:00.105945   WAITPKG - TPAUSE, UMONITOR & UMWAIT support             = 0 (1)
00:00:00.105946   AVX512_VBMI2 - Supports the AVX512_VBMI2 instructions   = 0 (0)
00:00:00.105946   CET_SS - CET shadow stack support                       = 0 (1)
00:00:00.105946   GFNI - Supports the GFNI instruction set                = 0 (1)
00:00:00.105947   VAES - Supports the VEX encoded AES instruction set     = 0 (1)
00:00:00.105947   VPCLMULQDQ - Supports the VPCLMULQDQ instruction        = 0 (1)
00:00:00.105947   AVX512_VNNI - Supports the AVX512_VNNI instructions     = 0 (0)
00:00:00.105947   AVX512_BITALG - Supports the AVX512_BITALG instructions = 0 (0)
00:00:00.105948   TME_EN - Supports 4 IA32_TME_ MSRs                      = 0 (1)
00:00:00.105948   AVX512_VPOPCNTDQ - Supports the AVX512_VPOPCNTDQ instructions = 0 (0)
00:00:00.105948   LA57 - 57-bit linear addresses                          = 0 (0)
00:00:00.105949   MAWAU - Value used by BNDLDX & BNDSTX                   = 0x0 (0x0)
00:00:00.105949   RDPID - Read processor ID support                       = 0 (1)
00:00:00.105949   KEY_LOCKER - Supports Key Locker                        = 0 (1)
00:00:00.105950   BUS_LOCK_DETECT - Supports OS bus-lock detection        = 0 (0)
00:00:00.105950   CLDEMOTE - Supports cache line demote                   = 0 (0)
00:00:00.105950   MOVDIRI - Supports the MOVDIRI instruction              = 0 (1)
00:00:00.105951   MOVDIRI64B - Supports the MOVDIRI64B instruction        = 0 (1)
00:00:00.105951   ENQCMD - Supports the Eqnqueue Stores                   = 0 (0)
00:00:00.105951   SGX_LC - Supports SGX Launch Configuration              = 0 (0)
00:00:00.105952   PKS - Supports protection keys for supervisor pages     = 0 (1)
00:00:00.105952   SGX_KEYS - Supports Attestation Service for Intel SGX   = 0 (0)
00:00:00.105952   AVX512_4VNNIW - Supports the AVX512_4VNNIW instructions = 0 (0)
00:00:00.105953   AVX512_4FMAPS - Supports the AVX512_4FMAPS instructions = 0 (0)
00:00:00.105953   FAST_SHORT_REP_MOVSB - Supports fast short REP MOVSB    = 0 (1)
00:00:00.105953   UINTR - Supports user interrupts                        = 0 (0)
00:00:00.105954   AVX512_VP2INTERSECT - Supports the AVX512_VP2INTERSECT instr. = 0 (0)
00:00:00.105954   MCU_OPT_CTRL - Supports IA32_MCU_OPT_CTRL               = 0 (0)
00:00:00.105954   MD_CLEAR - Supports MDS related buffer clearing         = 1 (1)
00:00:00.105954   RTM_ALWAYS_ABORT - XBEGIN always aborts and does fallback = 0 (0)
00:00:00.105955   RTM_FORCE_ABORT - Supports IA32_TSX_FORCE_ABORT         = 0 (0)
00:00:00.105955   SERIALIZE - Supports the SERIALIZE instruction          = 0 (1)
00:00:00.105955   HYBRID - Identifiers the CPU as a hybrid part           = 0 (1)
00:00:00.105956   TSXLDTRK - Supports susp/resume of TSX ld addr tracking = 0 (0)
00:00:00.105956   PCONFIG - Supports the PCONFIG instruction              = 0 (1)
00:00:00.105956   ARCH_LBRS - Supports architectural LBRs                 = 0 (1)
00:00:00.105957   CET_IBT - Supports indirect branch tracking w/ CET      = 0 (1)
00:00:00.105957   AMX_BF16 - Supports tile comp. ops on bfloat16 number   = 0 (0)
00:00:00.105957   AVX512_FP16 - Supports the FP16 data type with AVX512   = 0 (0)
00:00:00.105957   AMX_TILE - Supports the tile architecture               = 0 (0)
00:00:00.105958   AMX_INT8 - Supports tile comp. ops on 8-bit integers    = 0 (0)
00:00:00.105958   IBRS_IBPB - IA32_SPEC_CTRL.IBRS and IA32_PRED_CMD.IBPB  = 0 (1)
00:00:00.105958   STIBP - Supports IA32_SPEC_CTRL.STIBP                   = 0 (1)
00:00:00.105958   FLUSH_CMD - Supports IA32_FLUSH_CMD                     = 1 (1)
00:00:00.105959   ARCHCAP - Supports IA32_ARCH_CAP                        = 1 (1)
00:00:00.105959   CORECAP - Supports IA32_CORE_CAP                        = 0 (1)
00:00:00.105960   SSBD - Supports IA32_SPEC_CTRL.SSBD                     = 0 (1)
00:00:00.105960  Sub-leaf 2
00:00:00.105960   Mnemonic - Description                                  = Guest (Host)
00:00:00.105961   PSFD - Supports IA32_SPEC_CTRL[7] (PSFD)                = 0 (1)
00:00:00.105961   IPRED_CTRL - Supports IA32_SPEC_CTRL[4:3] (IPRED_DIS)   = 0 (1)
00:00:00.105961   RRSBA_CTRL - Supports IA32_SPEC_CTRL[6:5] (RRSBA_DIS)   = 0 (1)
00:00:00.105961   DDPD_U - Supports IA32_SPEC_CTRL[8] (DDPD_U)            = 0 (0)
00:00:00.105962   BHI_CTRL - Supports IA32_SPEC_CTRL[10] (BHI_DIS_S)      = 0 (1)
00:00:00.105962   MCDT_NO - No MXCSR Config Dependent Timing issues       = 0 (0)
00:00:00.105962   UC_LOCK_DIS - Supports UC-lock disable and causing #AC  = 0 (0)
00:00:00.105962   MONITOR_MITG_NO - No MONITOR/UMONITOR power issues      = 0 (1)
00:00:00.105963 Processor Extended State Enumeration (leaf 0xd):
00:00:00.105963    XSAVE area cur/max size by XCR0, Guest: 0x340/0x340
00:00:00.105963    XSAVE area cur/max size by XCR0,  Host: 0xa88/0xa88
00:00:00.105964                    Valid XCR0 bits, Guest: 0x00000000`00000007 ( x87 SSE YMM_Hi128 )
00:00:00.105965                    Valid XCR0 bits,  Host: 0x00000000`00000207 ( x87 SSE YMM_Hi128 9 )
00:00:00.105966                     XSAVE features, Guest
00:00:00.105967                     XSAVE features,  Host XSAVEOPT XSAVEC XGETBC1 XSAVES
00:00:00.105967       XSAVE area cur size XCR0|XSS, Guest: 0x698
00:00:00.105967       XSAVE area cur size XCR0|XSS,  Host: 0x698
00:00:00.105968                Valid IA32_XSS bits, Guest: 0x00000000`00000000
00:00:00.105968                Valid IA32_XSS bits,  Host: 0x00019900`00000000 ( 40 43 44 47 48 )
00:00:00.105969   State #2, Guest: off=0x0240, cb=0x0100 IA32_XSS-bit -- YMM_Hi128
00:00:00.105970   State #2,  Host:  off=0x0240, cb=0x0100 IA32_XSS-bit -- YMM_Hi128
00:00:00.105971   State #8,  Host:  off=0x0000, cb=0x0080 XCR0-bit -- 8
00:00:00.105971   State #9,  Host:  off=0x0a80, cb=0x0008 IA32_XSS-bit -- 9
00:00:00.105972   State #11,  Host:  off=0x0000, cb=0x0010 XCR0-bit -- 11
00:00:00.105972   State #12,  Host:  off=0x0000, cb=0x0018 XCR0-bit -- 12
00:00:00.105973   State #15,  Host:  off=0x0000, cb=0x0328 XCR0-bit -- 15
00:00:00.105973   State #16,  Host:  off=0x0000, cb=0x0008 XCR0-bit -- 16
00:00:00.105976          Raw Hypervisor CPUID Leaves
00:00:00.105977      Leaf/sub-leaf  eax      ebx      ecx      edx
00:00:00.105977 Gst: 40000000/0000  40000001 4b4d564b 564b4d56 0000004d
00:00:00.105977 Gst: 40000001/0000  01000089 00000000 00000000 00000000
00:00:00.105978          Raw Extended CPUID Leaves
00:00:00.105978      Leaf/sub-leaf  eax      ebx      ecx      edx
00:00:00.105978 Gst: 80000000/0000  80000008 00000000 00000000 00000000
00:00:00.105978 Hst:                80000008 00000000 00000000 00000000
00:00:00.105978 Gst: 80000001/0000  00000000 00000000 00000121 28100800
00:00:00.105979 Hst:                00000000 00000000 00000121 2c100800
00:00:00.105979 Gst: 80000002/0000  68743231 6e654720 746e4920 52286c65
00:00:00.105979 Hst:                68743231 6e654720 746e4920 52286c65
00:00:00.105980 Gst: 80000003/0000  6f432029 54286572 6920294d 32312d39
00:00:00.105980 Hst:                6f432029 54286572 6920294d 32312d39
00:00:00.105980 Gst: 80000004/0000  4b303039 00000000 00000000 00000000
00:00:00.105980 Hst:                4b303039 00000000 00000000 00000000
00:00:00.105981 Gst: 80000005/0000  00000000 00000000 00000000 00000000
00:00:00.105981 Hst:                00000000 00000000 00000000 00000000
00:00:00.105981 Gst: 80000006/0000  00000000 00000000 05007040 00000000
00:00:00.105981 Hst:                00000000 00000000 05007040 00000000
00:00:00.105982 Gst: 80000007/0000  00000000 00000000 00000000 00000100
00:00:00.105982 Hst:                00000000 00000000 00000000 00000100
00:00:00.105982 Gst: 80000008/0000  0000302e 00000000 00000000 00000000
00:00:00.105983 Hst:                0000302e 00000000 00000000 00000000
00:00:00.105983 Ext Name:                        
00:00:00.105983 Ext Supports:                    0x80000000-0x80000008
00:00:00.105984 Family:                          0  	Extended: 0 	Effective: 0
00:00:00.105984 Model:                           0  	Extended: 0 	Effective: 0
00:00:00.105984 Stepping:                        0
00:00:00.105984 Brand ID:                        0x000
00:00:00.105984 Ext Features
00:00:00.105984   Mnemonic - Description                                  = Guest (Host)
00:00:00.105985   FPU - x87 FPU on Chip                                   = 0 (0)
00:00:00.105985   VME - Virtual 8086 Mode Enhancements                    = 0 (0)
00:00:00.105986   DE - Debugging extensions                               = 0 (0)
00:00:00.105986   PSE - Page Size Extension                               = 0 (0)
00:00:00.105987   TSC - Time Stamp Counter                                = 0 (0)
00:00:00.105987   MSR - K86 Model Specific Registers                      = 0 (0)
00:00:00.105987   PAE - Physical Address Extension                        = 0 (0)
00:00:00.105988   MCE - Machine Check Exception                           = 0 (0)
00:00:00.105988   CX8 - CMPXCHG8B instruction                             = 0 (0)
00:00:00.105988   APIC - APIC On-Chip                                     = 0 (0)
00:00:00.105989   SEP - SYSCALL/SYSRET                                    = 1 (1)
00:00:00.105989   MTRR - Memory Type Range Registers                      = 0 (0)
00:00:00.105990   PGE - PTE Global Bit                                    = 0 (0)
00:00:00.105990   MCA - Machine Check Architecture                        = 0 (0)
00:00:00.105990   CMOV - Conditional Move instructions                    = 0 (0)
00:00:00.105991   PAT - Page Attribute Table                              = 0 (0)
00:00:00.105991   PSE-36 - 36-bit Page Size Extension                     = 0 (0)
00:00:00.105991   NX - No-Execute/Execute-Disable                         = 1 (1)
00:00:00.105992   AXMMX - AMD Extensions to MMX instructions              = 0 (0)
00:00:00.105992   MMX - Intel MMX Technology                              = 0 (0)
00:00:00.105993   FXSR - FXSAVE and FXRSTOR Instructions                  = 0 (0)
00:00:00.105993   FFXSR - AMD fast FXSAVE and FXRSTOR instructions        = 0 (0)
00:00:00.105993   Page1GB - 1 GB large page                               = 0 (1)
00:00:00.105994   RDTSCP - RDTSCP instruction                             = 1 (1)
00:00:00.105994   LM - AMD64 Long Mode                                    = 1 (1)
00:00:00.105994   3DNOWEXT - AMD Extensions to 3DNow                      = 0 (0)
00:00:00.105995   3DNOW - AMD 3DNow                                       = 0 (0)
00:00:00.105995   LahfSahf - LAHF/SAHF support in 64-bit mode             = 1 (1)
00:00:00.105996   CmpLegacy - Core multi-processing legacy mode           = 0 (0)
00:00:00.105996   SVM - AMD Secure Virtual Machine extensions             = 0 (0)
00:00:00.105996   EXTAPIC - AMD Extended APIC registers                   = 0 (0)
00:00:00.105997   CR8L - AMD LOCK MOV CR0 means MOV CR8                   = 0 (0)
00:00:00.105997   ABM - AMD Advanced Bit Manipulation                     = 1 (1)
00:00:00.105997   SSE4A - SSE4A instructions                              = 0 (0)
00:00:00.105998   MISALIGNSSE - AMD Misaligned SSE mode                   = 0 (0)
00:00:00.105998   3DNOWPRF - AMD PREFETCH and PREFETCHW instructions      = 1 (1)
00:00:00.105998   OSVW - AMD OS Visible Workaround                        = 0 (0)
00:00:00.105999   IBS - Instruct Based Sampling                           = 0 (0)
00:00:00.105999   XOP - Extended Operation support                        = 0 (0)
00:00:00.105999   SKINIT - SKINIT, STGI, and DEV support                  = 0 (0)
00:00:00.106000   WDT - AMD Watchdog Timer support                        = 0 (0)
00:00:00.106000   LWP - Lightweight Profiling support                     = 0 (0)
00:00:00.106000   FMA4 - Four operand FMA instruction support             = 0 (0)
00:00:00.106001   TCE - Translation Cache Extension support               = 0 (0)
00:00:00.106001   NodeId - NodeId in MSR C001_100C                        = 0 (0)
00:00:00.106001   TBM - Trailing Bit Manipulation instructions            = 0 (0)
00:00:00.106002   TOPOEXT - Topology Extensions                           = 0 (0)
00:00:00.106002   PRFEXTCORE - Performance Counter Extensions support     = 0 (0)
00:00:00.106002   PRFEXTNB - NB Performance Counter Extensions support    = 0 (0)
00:00:00.106002   DATABPEXT - Data-access Breakpoint Extension            = 0 (0)
00:00:00.106003   PERFTSC - Performance Time Stamp Counter                = 0 (0)
00:00:00.106003   PCX_L2I - L2I/L3 Performance Counter Extensions         = 0 (0)
00:00:00.106003   MONITORX - MWAITX and MONITORX instructions             = 0 (0)
00:00:00.106004   AddrMaskExt - BP Addressing masking extended to bit 31  = 0 (0)
00:00:00.106004 Full Name:                       "12th Gen Intel(R) Core(TM) i9-12900K"
00:00:00.106004 TLB 2/4M Instr/Uni:              res0     0 entries
00:00:00.106005 TLB 2/4M Data:                   res0     0 entries
00:00:00.106005 TLB 4K Instr/Uni:                res0     0 entries
00:00:00.106005 TLB 4K Data:                     res0     0 entries
00:00:00.106005 L1 Instr Cache Line Size:        0 bytes
00:00:00.106005 L1 Instr Cache Lines Per Tag:    0
00:00:00.106005 L1 Instr Cache Associativity:    res0  
00:00:00.106006 L1 Instr Cache Size:             0 KB
00:00:00.106006 L1 Data Cache Line Size:         0 bytes
00:00:00.106006 L1 Data Cache Lines Per Tag:     0
00:00:00.106006 L1 Data Cache Associativity:     res0  
00:00:00.106006 L1 Data Cache Size:              0 KB
00:00:00.106006 L2 TLB 2/4M Instr/Uni:           off       0 entries
00:00:00.106006 L2 TLB 2/4M Data:                off       0 entries
00:00:00.106007 L2 TLB 4K Instr/Uni:             off       0 entries
00:00:00.106007 L2 TLB 4K Data:                  off       0 entries
00:00:00.106007 L2 Cache Line Size:              64 bytes
00:00:00.106007 L2 Cache Lines Per Tag:          0
00:00:00.106007 L2 Cache Associativity:          res7  
00:00:00.106007 L2 Cache Size:                   1280 KB
00:00:00.106007 L3 Cache Line Size:              0 bytes
00:00:00.106008 L3 Cache Lines Per Tag:          0
00:00:00.106008 L3 Cache Associativity:          off   
00:00:00.106008 L3 Cache Size:                   0 KB
00:00:00.106008 APM Features EDX
00:00:00.106008   Mnemonic - Description                                  = Guest (Host)
00:00:00.106009   TS - Temperature Sensor                                 = 0 (0)
00:00:00.106009   FID - Frequency ID control                              = 0 (0)
00:00:00.106009   VID - Voltage ID control                                = 0 (0)
00:00:00.106010   TTP - Thermal Trip                                      = 0 (0)
00:00:00.106010   TM - Hardware Thermal Control (HTC)                     = 0 (0)
00:00:00.106011   100MHzSteps - 100 MHz Multiplier control                = 0 (0)
00:00:00.106011   HwPstate - Hardware P-state control                     = 0 (0)
00:00:00.106011   TscInvariant - Invariant Time Stamp Counter             = 1 (1)
00:00:00.106012   CPB - Core Performance Boost                            = 0 (0)
00:00:00.106012   EffFreqRO - Read-only Effective Frequency Interface     = 0 (0)
00:00:00.106012   ProcFdbkIf - Processor Feedback Interface               = 0 (0)
00:00:00.106013   ProcPwrRep - Core power reporting interface support     = 0 (0)
00:00:00.106013   ConnectedStandby - Connected Standby                    = 0 (0)
00:00:00.106013   RAPL - Running average power limit                      = 0 (0)
00:00:00.106014 Physical Address Width:          46 bits
00:00:00.106014 Virtual Address Width:           48 bits
00:00:00.106014 Max page count for INVLPGB:      0x302e
00:00:00.106014 Max ECX for RDPRU:               0x0
00:00:00.106015 ********************* End of CPUID dump *********************
00:00:00.106015 *********************** VT-x features ***********************
00:00:00.106016 Nested hardware virtualization - VMX features
00:00:00.106016   Mnemonic - Description                                  = guest (host)
00:00:00.106016   VMX - Virtual-Machine Extensions                        = 0 (1)
00:00:00.106016   InsOutInfo - INS/OUTS instruction info.                 = 0 (1)
00:00:00.106017   ExtIntExit - External interrupt exiting                 = 0 (1)
00:00:00.106017   NmiExit - NMI exiting                                   = 0 (1)
00:00:00.106017   VirtNmi - Virtual NMIs                                  = 0 (1)
00:00:00.106017   PreemptTimer - VMX preemption timer                     = 0 (1)
00:00:00.106017   PostedInt - Posted interrupts                           = 0 (1)
00:00:00.106018   IntWindowExit - Interrupt-window exiting                = 0 (1)
00:00:00.106018   TscOffsetting - TSC offsetting                          = 0 (1)
00:00:00.106018   HltExit - HLT exiting                                   = 0 (1)
00:00:00.106018   InvlpgExit - INVLPG exiting                             = 0 (1)
00:00:00.106018   MwaitExit - MWAIT exiting                               = 0 (1)
00:00:00.106019   RdpmcExit - RDPMC exiting                               = 0 (1)
00:00:00.106019   RdtscExit - RDTSC exiting                               = 0 (1)
00:00:00.106019   Cr3LoadExit - CR3-load exiting                          = 0 (1)
00:00:00.106019   Cr3StoreExit - CR3-store exiting                        = 0 (1)
00:00:00.106019   TertiaryExecCtls - Activate tertiary controls           = 0 (1)
00:00:00.106020   Cr8LoadExit  - CR8-load exiting                         = 0 (1)
00:00:00.106020   Cr8StoreExit - CR8-store exiting                        = 0 (1)
00:00:00.106020   UseTprShadow - Use TPR shadow                           = 0 (1)
00:00:00.106020   NmiWindowExit - NMI-window exiting                      = 0 (1)
00:00:00.106020   MovDRxExit - Mov-DR exiting                             = 0 (1)
00:00:00.106020   UncondIoExit - Unconditional I/O exiting                = 0 (1)
00:00:00.106021   UseIoBitmaps - Use I/O bitmaps                          = 0 (1)
00:00:00.106021   MonitorTrapFlag - Monitor Trap Flag                     = 0 (1)
00:00:00.106021   UseMsrBitmaps - MSR bitmaps                             = 0 (1)
00:00:00.106021   MonitorExit - MONITOR exiting                           = 0 (1)
00:00:00.106021   PauseExit - PAUSE exiting                               = 0 (1)
00:00:00.106022   SecondaryExecCtl - Activate secondary controls          = 0 (1)
00:00:00.106022   VirtApic - Virtualize-APIC accesses                     = 0 (1)
00:00:00.106022   Ept - Extended Page Tables                              = 0 (1)
00:00:00.106022   DescTableExit - Descriptor-table exiting                = 0 (1)
00:00:00.106022   Rdtscp - Enable RDTSCP                                  = 0 (1)
00:00:00.106023   VirtX2ApicMode - Virtualize-x2APIC mode                 = 0 (1)
00:00:00.106023   Vpid - Enable VPID                                      = 0 (1)
00:00:00.106023   WbinvdExit - WBINVD exiting                             = 0 (1)
00:00:00.106023   UnrestrictedGuest - Unrestricted guest                  = 0 (1)
00:00:00.106023   ApicRegVirt - APIC-register virtualization              = 0 (1)
00:00:00.106024   VirtIntDelivery - Virtual-interrupt delivery            = 0 (1)
00:00:00.106024   PauseLoopExit - PAUSE-loop exiting                      = 0 (1)
00:00:00.106024   RdrandExit - RDRAND exiting                             = 0 (1)
00:00:00.106024   Invpcid - Enable INVPCID                                = 0 (1)
00:00:00.106024   VmFuncs - Enable VM Functions                           = 0 (1)
00:00:00.106025   VmcsShadowing - VMCS shadowing                          = 0 (1)
00:00:00.106025   RdseedExiting - RDSEED exiting                          = 0 (1)
00:00:00.106025   PML - Page-Modification Log                             = 0 (0)
00:00:00.106025   EptVe - EPT violations can cause #VE                    = 0 (1)
00:00:00.106025   ConcealVmxFromPt - Conceal VMX from Processor Trace     = 0 (1)
00:00:00.106026   XsavesXRstors - Enable XSAVES/XRSTORS                   = 0 (1)
00:00:00.106026   PasidTranslate - PASID translation                      = 0 (0)
00:00:00.106026   ModeBasedExecuteEpt - Mode-based execute permissions    = 0 (1)
00:00:00.106026   SppEpt - Sub-page page write permissions for EPT        = 0 (0)
00:00:00.106026   PtEpt - Processor Trace address' translatable by EPT    = 0 (1)
00:00:00.106027   UseTscScaling - Use TSC scaling                         = 0 (1)
00:00:00.106027   UserWaitPause - Enable TPAUSE, UMONITOR and UMWAIT      = 0 (1)
00:00:00.106027   Pconfig - Enable PCONFIG                                = 0 (1)
00:00:00.106027   EnclvExit - ENCLV exiting                               = 0 (0)
00:00:00.106027   BusLockDetect - VMM Bus-Lock detection                  = 0 (0)
00:00:00.106027   InstrTimeout - Instruction timeout                      = 0 (0)
00:00:00.106028   LoadIwKeyExit - LOADIWKEY exiting                       = 0 (1)
00:00:00.106028   HLAT - Hypervisor-managed linear-address translation    = 0 (1)
00:00:00.106028   EptPagingWrite - EPT paging-write                       = 0 (1)
00:00:00.106028   GstPagingVerify - Guest-paging verification             = 0 (1)
00:00:00.106028   IpiVirt - IPI virtualization                            = 0 (0)
00:00:00.106029   VirtSpecCtrl - Virtualize IA32_SPEC_CTRL                = 0 (0)
00:00:00.106029   EntryLoadDebugCtls - Load debug controls on VM-entry    = 0 (1)
00:00:00.106029   Ia32eModeGuest - IA-32e mode guest                      = 0 (1)
00:00:00.106029   EntryLoadEferMsr - Load IA32_EFER MSR on VM-entry       = 0 (1)
00:00:00.106029   EntryLoadPatMsr - Load IA32_PAT MSR on VM-entry         = 0 (1)
00:00:00.106030   ExitSaveDebugCtls - Save debug controls on VM-exit      = 0 (1)
00:00:00.106030   HostAddrSpaceSize - Host address-space size             = 0 (1)
00:00:00.106030   ExitAckExtInt - Acknowledge interrupt on VM-exit        = 0 (1)
00:00:00.106030   ExitSavePatMsr - Save IA32_PAT MSR on VM-exit           = 0 (1)
00:00:00.106030   ExitLoadPatMsr - Load IA32_PAT MSR on VM-exit           = 0 (1)
00:00:00.106030   ExitSaveEferMsr - Save IA32_EFER MSR on VM-exit         = 0 (1)
00:00:00.106031   ExitLoadEferMsr - Load IA32_EFER MSR on VM-exit         = 0 (1)
00:00:00.106031   SavePreemptTimer - Save VMX-preemption timer            = 0 (1)
00:00:00.106031   SecondaryExitCtls - Secondary VM-exit controls          = 0 (1)
00:00:00.106031   ExitSaveEferLma - Save IA32_EFER.LMA on VM-exit         = 0 (1)
00:00:00.106031   IntelPt - Intel Processor Trace in VMX operation        = 0 (1)
00:00:00.106032   VmwriteAll - VMWRITE to any supported VMCS field        = 0 (1)
00:00:00.106032   EntryInjectSoftInt - Inject softint. with 0-len instr.  = 0 (1)
00:00:00.106032 
00:00:00.106032 ******************* End of VT-x features ********************
00:00:00.106077 VMEmt: Halt method global1 (5)
00:00:00.106110 VMEmt: HaltedGlobal1 config: cNsSpinBlockThresholdCfg=2000
00:00:00.106118 Changing the VM state from 'CREATING' to 'CREATED'
00:00:00.107653 NAT: DNS settings changed, triggering update
00:00:00.107665 Nameserver is either on 127/8 network or failed to obtain from host. Falling back to libslirp DNS proxy.
00:00:00.107666 fallback virtual nameserver: 50462730Changing the VM state from 'CREATED' to 'POWERING_ON'
00:00:00.108108 VMSVGA3d: cap[0]=0x00000000 {3D}
00:00:00.108109 VMSVGA3d: cap[1]=0x00000000 {MAX_LIGHTS}
00:00:00.108109 VMSVGA3d: cap[2]=0x00000000 {MAX_TEXTURES}
00:00:00.108109 VMSVGA3d: cap[3]=0x00000000 {MAX_CLIP_PLANES}
00:00:00.108110 VMSVGA3d: cap[4]=0x00000000 {VERTEX_SHADER_VERSION}
00:00:00.108110 VMSVGA3d: cap[5]=0x00000000 {VERTEX_SHADER}
00:00:00.108110 VMSVGA3d: cap[6]=0x00000000 {FRAGMENT_SHADER_VERSION}
00:00:00.108111 VMSVGA3d: cap[7]=0x00000000 {FRAGMENT_SHADER}
00:00:00.108111 VMSVGA3d: cap[8]=0x00000000 {MAX_RENDER_TARGETS}
00:00:00.108111 VMSVGA3d: cap[9]=0x00000000 {S23E8_TEXTURES}
00:00:00.108111 VMSVGA3d: cap[10]=0x00000000 {S10E5_TEXTURES}
00:00:00.108111 VMSVGA3d: cap[11]=0x00000000 {MAX_FIXED_VERTEXBLEND}
00:00:00.108112 VMSVGA3d: cap[12]=0x00000000 {D16_BUFFER_FORMAT}
00:00:00.108112 VMSVGA3d: cap[13]=0x00000000 {D24S8_BUFFER_FORMAT}
00:00:00.108112 VMSVGA3d: cap[14]=0x00000000 {D24X8_BUFFER_FORMAT}
00:00:00.108112 VMSVGA3d: cap[15]=0x00000000 {QUERY_TYPES}
00:00:00.108112 VMSVGA3d: cap[16]=0x00000000 {TEXTURE_GRADIENT_SAMPLING}
00:00:00.108113 VMSVGA3d: cap[17]=0.000000 {MAX_POINT_SIZE}
00:00:00.108113 VMSVGA3d: cap[18]=0x00000000 {MAX_SHADER_TEXTURES}
00:00:00.108113 VMSVGA3d: cap[19]=0x00004000 {MAX_TEXTURE_WIDTH}
00:00:00.108114 VMSVGA3d: cap[20]=0x00004000 {MAX_TEXTURE_HEIGHT}
00:00:00.108114 VMSVGA3d: cap[21]=0x00000000 {MAX_VOLUME_EXTENT}
00:00:00.108114 VMSVGA3d: cap[22]=0x00000000 {MAX_TEXTURE_REPEAT}
00:00:00.108114 VMSVGA3d: cap[23]=0x00000000 {MAX_TEXTURE_ASPECT_RATIO}
00:00:00.108115 VMSVGA3d: cap[24]=0x00000000 {MAX_TEXTURE_ANISOTROPY}
00:00:00.108115 VMSVGA3d: cap[25]=0x00000000 {MAX_PRIMITIVE_COUNT}
00:00:00.108115 VMSVGA3d: cap[26]=0x00000000 {MAX_VERTEX_INDEX}
00:00:00.108115 VMSVGA3d: cap[27]=0x00000000 {MAX_VERTEX_SHADER_INSTRUCTIONS}
00:00:00.108115 VMSVGA3d: cap[28]=0x00000000 {MAX_FRAGMENT_SHADER_INSTRUCTIONS}
00:00:00.108116 VMSVGA3d: cap[29]=0x00000000 {MAX_VERTEX_SHADER_TEMPS}
00:00:00.108116 VMSVGA3d: cap[30]=0x00000000 {MAX_FRAGMENT_SHADER_TEMPS}
00:00:00.108116 VMSVGA3d: cap[31]=0x00000000 {TEXTURE_OPS}
00:00:00.108117 VMSVGA3d: cap[32]=0x00000000 {SURFACEFMT_X8R8G8B8}
00:00:00.108117 VMSVGA3d: cap[33]=0x00000000 {SURFACEFMT_A8R8G8B8}
00:00:00.108117 VMSVGA3d: cap[34]=0x00000000 {SURFACEFMT_A2R10G10B10}
00:00:00.108117 VMSVGA3d: cap[35]=0x00000000 {SURFACEFMT_X1R5G5B5}
00:00:00.108117 VMSVGA3d: cap[36]=0x00000000 {SURFACEFMT_A1R5G5B5}
00:00:00.108118 VMSVGA3d: cap[37]=0x00000000 {SURFACEFMT_A4R4G4B4}
00:00:00.108118 VMSVGA3d: cap[38]=0x00000000 {SURFACEFMT_R5G6B5}
00:00:00.108118 VMSVGA3d: cap[39]=0x00000000 {SURFACEFMT_LUMINANCE16}
00:00:00.108118 VMSVGA3d: cap[40]=0x00000000 {SURFACEFMT_LUMINANCE8_ALPHA8}
00:00:00.108118 VMSVGA3d: cap[41]=0x00000000 {SURFACEFMT_ALPHA8}
00:00:00.108119 VMSVGA3d: cap[42]=0x00000000 {SURFACEFMT_LUMINANCE8}
00:00:00.108119 VMSVGA3d: cap[43]=0x00000000 {SURFACEFMT_Z_D16}
00:00:00.108119 VMSVGA3d: cap[44]=0x00000000 {SURFACEFMT_Z_D24S8}
00:00:00.108119 VMSVGA3d: cap[45]=0x00000000 {SURFACEFMT_Z_D24X8}
00:00:00.108119 VMSVGA3d: cap[46]=0x00000000 {SURFACEFMT_DXT1}
00:00:00.108120 VMSVGA3d: cap[47]=0x00000000 {SURFACEFMT_DXT2}
00:00:00.108120 VMSVGA3d: cap[48]=0x00000000 {SURFACEFMT_DXT3}
00:00:00.108120 VMSVGA3d: cap[49]=0x00000000 {SURFACEFMT_DXT4}
00:00:00.108120 VMSVGA3d: cap[50]=0x00000000 {SURFACEFMT_DXT5}
00:00:00.108120 VMSVGA3d: cap[51]=0x00000000 {SURFACEFMT_BUMPX8L8V8U8}
00:00:00.108121 VMSVGA3d: cap[52]=0x00000000 {SURFACEFMT_A2W10V10U10}
00:00:00.108121 VMSVGA3d: cap[53]=0x00000000 {SURFACEFMT_BUMPU8V8}
00:00:00.108121 VMSVGA3d: cap[54]=0x00000000 {SURFACEFMT_Q8W8V8U8}
00:00:00.108121 VMSVGA3d: cap[55]=0x00000000 {SURFACEFMT_CxV8U8}
00:00:00.108121 VMSVGA3d: cap[56]=0x00000000 {SURFACEFMT_R_S10E5}
00:00:00.108122 VMSVGA3d: cap[57]=0x00000000 {SURFACEFMT_R_S23E8}
00:00:00.108122 VMSVGA3d: cap[58]=0x00000000 {SURFACEFMT_RG_S10E5}
00:00:00.108122 VMSVGA3d: cap[59]=0x00000000 {SURFACEFMT_RG_S23E8}
00:00:00.108122 VMSVGA3d: cap[60]=0x00000000 {SURFACEFMT_ARGB_S10E5}
00:00:00.108123 VMSVGA3d: cap[61]=0x00000000 {SURFACEFMT_ARGB_S23E8}
00:00:00.108123 VMSVGA3d: cap[62]=0x00000000 {MISSING62}
00:00:00.108123 VMSVGA3d: cap[63]=0x00000000 {MAX_VERTEX_SHADER_TEXTURES}
00:00:00.108123 VMSVGA3d: cap[64]=0x00000000 {MAX_SIMULTANEOUS_RENDER_TARGETS}
00:00:00.108124 VMSVGA3d: cap[65]=0x00000000 {SURFACEFMT_V16U16}
00:00:00.108124 VMSVGA3d: cap[66]=0x00000000 {SURFACEFMT_G16R16}
00:00:00.108124 VMSVGA3d: cap[67]=0x00000000 {SURFACEFMT_A16B16G16R16}
00:00:00.108124 VMSVGA3d: cap[68]=0x00000000 {SURFACEFMT_UYVY}
00:00:00.108124 VMSVGA3d: cap[69]=0x00000000 {SURFACEFMT_YUY2}
00:00:00.108125 VMSVGA3d: cap[70]=0x00000000 {DEAD4}
00:00:00.108125 VMSVGA3d: cap[71]=0x00000000 {DEAD5}
00:00:00.108125 VMSVGA3d: cap[72]=0x00000000 {DEAD7}
00:00:00.108125 VMSVGA3d: cap[73]=0x00000000 {DEAD6}
00:00:00.108126 VMSVGA3d: cap[74]=0x00000000 {AUTOGENMIPMAPS}
00:00:00.108126 VMSVGA3d: cap[75]=0x00000000 {SURFACEFMT_NV12}
00:00:00.108126 VMSVGA3d: cap[76]=0x00000000 {DEAD10}
00:00:00.108126 VMSVGA3d: cap[77]=0x00000000 {MAX_CONTEXT_IDS}
00:00:00.108126 VMSVGA3d: cap[78]=0x00000000 {MAX_SURFACE_IDS}
00:00:00.108127 VMSVGA3d: cap[79]=0x00000000 {SURFACEFMT_Z_DF16}
00:00:00.108127 VMSVGA3d: cap[80]=0x00000000 {SURFACEFMT_Z_DF24}
00:00:00.108127 VMSVGA3d: cap[81]=0x00000000 {SURFACEFMT_Z_D24S8_INT}
00:00:00.108127 VMSVGA3d: cap[82]=0x00000000 {SURFACEFMT_ATI1}
00:00:00.108127 VMSVGA3d: cap[83]=0x00000000 {SURFACEFMT_ATI2}
00:00:00.108128 VMSVGA3d: cap[84]=0x00000000 {DEAD1}
00:00:00.108128 VMSVGA3d: cap[85]=0x00000000 {DEAD8}
00:00:00.108128 VMSVGA3d: cap[86]=0x00000000 {DEAD9}
00:00:00.108128 VMSVGA3d: cap[87]=0x00000000 {LINE_AA}
00:00:00.108128 VMSVGA3d: cap[88]=0x00000000 {LINE_STIPPLE}
00:00:00.108129 VMSVGA3d: cap[89]=0.000000 {MAX_LINE_WIDTH}
00:00:00.108129 VMSVGA3d: cap[90]=0.000000 {MAX_AA_LINE_WIDTH}
00:00:00.108129 VMSVGA3d: cap[91]=0x00000000 {SURFACEFMT_YV12}
00:00:00.108129 VMSVGA3d: cap[92]=0x00000000 {DEAD3}
00:00:00.108130 VMSVGA3d: cap[93]=0x00000000 {TS_COLOR_KEY}
00:00:00.108130 VMSVGA3d: cap[94]=0x00000000 {DEAD2}
00:00:00.108130 VMSVGA3d: cap[95]=0x00000000 {DXCONTEXT}
00:00:00.108130 VMSVGA3d: cap[96]=0x00000000 {DEAD11}
00:00:00.108130 VMSVGA3d: cap[97]=0x00000000 {DX_MAX_VERTEXBUFFERS}
00:00:00.108131 VMSVGA3d: cap[98]=0x00000000 {DX_MAX_CONSTANT_BUFFERS}
00:00:00.108131 VMSVGA3d: cap[99]=0x00000000 {DX_PROVOKING_VERTEX}
00:00:00.108131 VMSVGA3d: cap[100]=0x00000005 {DXFMT_X8R8G8B8}
00:00:00.108131 VMSVGA3d: cap[101]=0x00000000 {DXFMT_A8R8G8B8}
00:00:00.108131 VMSVGA3d: cap[102]=0x00000000 {DXFMT_R5G6B5}
00:00:00.108132 VMSVGA3d: cap[103]=0x00000000 {DXFMT_X1R5G5B5}
00:00:00.108132 VMSVGA3d: cap[104]=0x00000000 {DXFMT_A1R5G5B5}
00:00:00.108132 VMSVGA3d: cap[105]=0x00000000 {DXFMT_A4R4G4B4}
00:00:00.108132 VMSVGA3d: cap[106]=0x00000000 {DXFMT_Z_D32}
00:00:00.108132 VMSVGA3d: cap[107]=0x00000000 {DXFMT_Z_D16}
00:00:00.108133 VMSVGA3d: cap[108]=0x00000000 {DXFMT_Z_D24S8}
00:00:00.108133 VMSVGA3d: cap[109]=0x00000000 {DXFMT_Z_D15S1}
00:00:00.108133 VMSVGA3d: cap[110]=0x00000000 {DXFMT_LUMINANCE8}
00:00:00.108133 VMSVGA3d: cap[111]=0x00000000 {DXFMT_LUMINANCE4_ALPHA4}
00:00:00.108134 VMSVGA3d: cap[112]=0x00000000 {DXFMT_LUMINANCE16}
00:00:00.108134 VMSVGA3d: cap[113]=0x00000000 {DXFMT_LUMINANCE8_ALPHA8}
00:00:00.108134 VMSVGA3d: cap[114]=0x00000000 {DXFMT_DXT1}
00:00:00.108134 VMSVGA3d: cap[115]=0x00000000 {DXFMT_DXT2}
00:00:00.108135 VMSVGA3d: cap[116]=0x00000000 {DXFMT_DXT3}
00:00:00.108135 VMSVGA3d: cap[117]=0x00000000 {DXFMT_DXT4}
00:00:00.108135 VMSVGA3d: cap[118]=0x00000000 {DXFMT_DXT5}
00:00:00.108135 VMSVGA3d: cap[119]=0x00000000 {DXFMT_BUMPU8V8}
00:00:00.108135 VMSVGA3d: cap[120]=0x00000000 {DXFMT_BUMPL6V5U5}
00:00:00.108136 VMSVGA3d: cap[121]=0x00000000 {DXFMT_BUMPX8L8V8U8}
00:00:00.108136 VMSVGA3d: cap[122]=0x00000000 {DXFMT_FORMAT_DEAD1}
00:00:00.108136 VMSVGA3d: cap[123]=0x00000000 {DXFMT_ARGB_S10E5}
00:00:00.108136 VMSVGA3d: cap[124]=0x00000000 {DXFMT_ARGB_S23E8}
00:00:00.108136 VMSVGA3d: cap[125]=0x00000000 {DXFMT_A2R10G10B10}
00:00:00.108137 VMSVGA3d: cap[126]=0x00000000 {DXFMT_V8U8}
00:00:00.108137 VMSVGA3d: cap[127]=0x00000000 {DXFMT_Q8W8V8U8}
00:00:00.108137 VMSVGA3d: cap[128]=0x00000000 {DXFMT_CxV8U8}
00:00:00.108137 VMSVGA3d: cap[129]=0x00000000 {DXFMT_X8L8V8U8}
00:00:00.108137 VMSVGA3d: cap[130]=0x00000000 {DXFMT_A2W10V10U10}
00:00:00.108138 VMSVGA3d: cap[131]=0x00000000 {DXFMT_ALPHA8}
00:00:00.108138 VMSVGA3d: cap[132]=0x00000000 {DXFMT_R_S10E5}
00:00:00.108138 VMSVGA3d: cap[133]=0x00000000 {DXFMT_R_S23E8}
00:00:00.108138 VMSVGA3d: cap[134]=0x00000000 {DXFMT_RG_S10E5}
00:00:00.108139 VMSVGA3d: cap[135]=0x00000000 {DXFMT_RG_S23E8}
00:00:00.108139 VMSVGA3d: cap[136]=0x00000000 {DXFMT_BUFFER}
00:00:00.108139 VMSVGA3d: cap[137]=0x00000000 {DXFMT_Z_D24X8}
00:00:00.108139 VMSVGA3d: cap[138]=0x00000000 {DXFMT_V16U16}
00:00:00.108139 VMSVGA3d: cap[139]=0x00000000 {DXFMT_G16R16}
00:00:00.108140 VMSVGA3d: cap[140]=0x00000000 {DXFMT_A16B16G16R16}
00:00:00.108140 VMSVGA3d: cap[141]=0x00000000 {DXFMT_UYVY}
00:00:00.108140 VMSVGA3d: cap[142]=0x00000000 {DXFMT_YUY2}
00:00:00.108140 VMSVGA3d: cap[143]=0x00000000 {DXFMT_NV12}
00:00:00.108140 VMSVGA3d: cap[144]=0x00000000 {DXFMT_FORMAT_DEAD2}
00:00:00.108141 VMSVGA3d: cap[145]=0x00000000 {DXFMT_R32G32B32A32_TYPELESS}
00:00:00.108141 VMSVGA3d: cap[146]=0x00000000 {DXFMT_R32G32B32A32_UINT}
00:00:00.108141 VMSVGA3d: cap[147]=0x00000000 {DXFMT_R32G32B32A32_SINT}
00:00:00.108141 VMSVGA3d: cap[148]=0x00000000 {DXFMT_R32G32B32_TYPELESS}
00:00:00.108141 VMSVGA3d: cap[149]=0x00000000 {DXFMT_R32G32B32_FLOAT}
00:00:00.108142 VMSVGA3d: cap[150]=0x00000000 {DXFMT_R32G32B32_UINT}
00:00:00.108142 VMSVGA3d: cap[151]=0x00000000 {DXFMT_R32G32B32_SINT}
00:00:00.108142 VMSVGA3d: cap[152]=0x00000000 {DXFMT_R16G16B16A16_TYPELESS}
00:00:00.108142 VMSVGA3d: cap[153]=0x00000000 {DXFMT_R16G16B16A16_UINT}
00:00:00.108142 VMSVGA3d: cap[154]=0x00000000 {DXFMT_R16G16B16A16_SNORM}
00:00:00.108143 VMSVGA3d: cap[155]=0x00000000 {DXFMT_R16G16B16A16_SINT}
00:00:00.108143 VMSVGA3d: cap[156]=0x00000000 {DXFMT_R32G32_TYPELESS}
00:00:00.108143 VMSVGA3d: cap[157]=0x00000000 {DXFMT_R32G32_UINT}
00:00:00.108143 VMSVGA3d: cap[158]=0x00000000 {DXFMT_R32G32_SINT}
00:00:00.108144 VMSVGA3d: cap[159]=0x00000000 {DXFMT_R32G8X24_TYPELESS}
00:00:00.108144 VMSVGA3d: cap[160]=0x00000000 {DXFMT_D32_FLOAT_S8X24_UINT}
00:00:00.108144 VMSVGA3d: cap[161]=0x00000000 {DXFMT_R32_FLOAT_X8X24}
00:00:00.108144 VMSVGA3d: cap[162]=0x00000000 {DXFMT_X32_G8X24_UINT}
00:00:00.108144 VMSVGA3d: cap[163]=0x00000000 {DXFMT_R10G10B10A2_TYPELESS}
00:00:00.108145 VMSVGA3d: cap[164]=0x00000000 {DXFMT_R10G10B10A2_UINT}
00:00:00.108145 VMSVGA3d: cap[165]=0x00000000 {DXFMT_R11G11B10_FLOAT}
00:00:00.108145 VMSVGA3d: cap[166]=0x00000000 {DXFMT_R8G8B8A8_TYPELESS}
00:00:00.108145 VMSVGA3d: cap[167]=0x00000000 {DXFMT_R8G8B8A8_UNORM}
00:00:00.108145 VMSVGA3d: cap[168]=0x00000000 {DXFMT_R8G8B8A8_UNORM_SRGB}
00:00:00.108146 VMSVGA3d: cap[169]=0x00000000 {DXFMT_R8G8B8A8_UINT}
00:00:00.108146 VMSVGA3d: cap[170]=0x00000000 {DXFMT_R8G8B8A8_SINT}
00:00:00.108146 VMSVGA3d: cap[171]=0x00000000 {DXFMT_R16G16_TYPELESS}
00:00:00.108146 VMSVGA3d: cap[172]=0x00000000 {DXFMT_R16G16_UINT}
00:00:00.108146 VMSVGA3d: cap[173]=0x00000000 {DXFMT_R16G16_SINT}
00:00:00.108146 VMSVGA3d: cap[174]=0x00000000 {DXFMT_R32_TYPELESS}
00:00:00.108147 VMSVGA3d: cap[175]=0x00000000 {DXFMT_D32_FLOAT}
00:00:00.108147 VMSVGA3d: cap[176]=0x00000000 {DXFMT_R32_UINT}
00:00:00.108147 VMSVGA3d: cap[177]=0x00000000 {DXFMT_R32_SINT}
00:00:00.108147 VMSVGA3d: cap[178]=0x00000000 {DXFMT_R24G8_TYPELESS}
00:00:00.108147 VMSVGA3d: cap[179]=0x00000000 {DXFMT_D24_UNORM_S8_UINT}
00:00:00.108148 VMSVGA3d: cap[180]=0x00000000 {DXFMT_R24_UNORM_X8}
00:00:00.108148 VMSVGA3d: cap[181]=0x00000000 {DXFMT_X24_G8_UINT}
00:00:00.108148 VMSVGA3d: cap[182]=0x00000000 {DXFMT_R8G8_TYPELESS}
00:00:00.108148 VMSVGA3d: cap[183]=0x00000000 {DXFMT_R8G8_UNORM}
00:00:00.108148 VMSVGA3d: cap[184]=0x00000000 {DXFMT_R8G8_UINT}
00:00:00.108149 VMSVGA3d: cap[185]=0x00000000 {DXFMT_R8G8_SINT}
00:00:00.108149 VMSVGA3d: cap[186]=0x00000000 {DXFMT_R16_TYPELESS}
00:00:00.108149 VMSVGA3d: cap[187]=0x00000000 {DXFMT_R16_UNORM}
00:00:00.108149 VMSVGA3d: cap[188]=0x00000000 {DXFMT_R16_UINT}
00:00:00.108149 VMSVGA3d: cap[189]=0x00000000 {DXFMT_R16_SNORM}
00:00:00.108150 VMSVGA3d: cap[190]=0x00000000 {DXFMT_R16_SINT}
00:00:00.108150 VMSVGA3d: cap[191]=0x00000000 {DXFMT_R8_TYPELESS}
00:00:00.108150 VMSVGA3d: cap[192]=0x00000000 {DXFMT_R8_UNORM}
00:00:00.108150 VMSVGA3d: cap[193]=0x00000000 {DXFMT_R8_UINT}
00:00:00.108150 VMSVGA3d: cap[194]=0x00000000 {DXFMT_R8_SNORM}
00:00:00.108151 VMSVGA3d: cap[195]=0x00000000 {DXFMT_R8_SINT}
00:00:00.108151 VMSVGA3d: cap[196]=0x00000000 {DXFMT_P8}
00:00:00.108151 VMSVGA3d: cap[197]=0x00000000 {DXFMT_R9G9B9E5_SHAREDEXP}
00:00:00.108151 VMSVGA3d: cap[198]=0x00000000 {DXFMT_R8G8_B8G8_UNORM}
00:00:00.108151 VMSVGA3d: cap[199]=0x00000000 {DXFMT_G8R8_G8B8_UNORM}
00:00:00.108152 VMSVGA3d: cap[200]=0x00000000 {DXFMT_BC1_TYPELESS}
00:00:00.108152 VMSVGA3d: cap[201]=0x00000000 {DXFMT_BC1_UNORM_SRGB}
00:00:00.108152 VMSVGA3d: cap[202]=0x00000000 {DXFMT_BC2_TYPELESS}
00:00:00.108152 VMSVGA3d: cap[203]=0x00000000 {DXFMT_BC2_UNORM_SRGB}
00:00:00.108152 VMSVGA3d: cap[204]=0x00000000 {DXFMT_BC3_TYPELESS}
00:00:00.108152 VMSVGA3d: cap[205]=0x00000000 {DXFMT_BC3_UNORM_SRGB}
00:00:00.108153 VMSVGA3d: cap[206]=0x00000000 {DXFMT_BC4_TYPELESS}
00:00:00.108153 VMSVGA3d: cap[207]=0x00000000 {DXFMT_ATI1}
00:00:00.108153 VMSVGA3d: cap[208]=0x00000000 {DXFMT_BC4_SNORM}
00:00:00.108153 VMSVGA3d: cap[209]=0x00000000 {DXFMT_BC5_TYPELESS}
00:00:00.108153 VMSVGA3d: cap[210]=0x00000000 {DXFMT_ATI2}
00:00:00.108154 VMSVGA3d: cap[211]=0x00000000 {DXFMT_BC5_SNORM}
00:00:00.108154 VMSVGA3d: cap[212]=0x00000000 {DXFMT_R10G10B10_XR_BIAS_A2_UNORM}
00:00:00.108154 VMSVGA3d: cap[213]=0x00000000 {DXFMT_B8G8R8A8_TYPELESS}
00:00:00.108154 VMSVGA3d: cap[214]=0x00000000 {DXFMT_B8G8R8A8_UNORM_SRGB}
00:00:00.108154 VMSVGA3d: cap[215]=0x00000000 {DXFMT_B8G8R8X8_TYPELESS}
00:00:00.108155 VMSVGA3d: cap[216]=0x00000000 {DXFMT_B8G8R8X8_UNORM_SRGB}
00:00:00.108155 VMSVGA3d: cap[217]=0x00000000 {DXFMT_Z_DF16}
00:00:00.108155 VMSVGA3d: cap[218]=0x00000000 {DXFMT_Z_DF24}
00:00:00.108155 VMSVGA3d: cap[219]=0x00000000 {DXFMT_Z_D24S8_INT}
00:00:00.108155 VMSVGA3d: cap[220]=0x00000000 {DXFMT_YV12}
00:00:00.108156 VMSVGA3d: cap[221]=0x00000000 {DXFMT_R32G32B32A32_FLOAT}
00:00:00.108156 VMSVGA3d: cap[222]=0x00000000 {DXFMT_R16G16B16A16_FLOAT}
00:00:00.108156 VMSVGA3d: cap[223]=0x00000000 {DXFMT_R16G16B16A16_UNORM}
00:00:00.108156 VMSVGA3d: cap[224]=0x00000000 {DXFMT_R32G32_FLOAT}
00:00:00.108157 VMSVGA3d: cap[225]=0x00000000 {DXFMT_R10G10B10A2_UNORM}
00:00:00.108157 VMSVGA3d: cap[226]=0x00000000 {DXFMT_R8G8B8A8_SNORM}
00:00:00.108157 VMSVGA3d: cap[227]=0x00000000 {DXFMT_R16G16_FLOAT}
00:00:00.108157 VMSVGA3d: cap[228]=0x00000000 {DXFMT_R16G16_UNORM}
00:00:00.108157 VMSVGA3d: cap[229]=0x00000000 {DXFMT_R16G16_SNORM}
00:00:00.108158 VMSVGA3d: cap[230]=0x00000000 {DXFMT_R32_FLOAT}
00:00:00.108158 VMSVGA3d: cap[231]=0x00000000 {DXFMT_R8G8_SNORM}
00:00:00.108158 VMSVGA3d: cap[232]=0x00000000 {DXFMT_R16_FLOAT}
00:00:00.108158 VMSVGA3d: cap[233]=0x00000000 {DXFMT_D16_UNORM}
00:00:00.108158 VMSVGA3d: cap[234]=0x00000000 {DXFMT_A8_UNORM}
00:00:00.108159 VMSVGA3d: cap[235]=0x00000000 {DXFMT_BC1_UNORM}
00:00:00.108159 VMSVGA3d: cap[236]=0x00000000 {DXFMT_BC2_UNORM}
00:00:00.108159 VMSVGA3d: cap[237]=0x00000000 {DXFMT_BC3_UNORM}
00:00:00.108159 VMSVGA3d: cap[238]=0x00000000 {DXFMT_B5G6R5_UNORM}
00:00:00.108159 VMSVGA3d: cap[239]=0x00000000 {DXFMT_B5G5R5A1_UNORM}
00:00:00.108159 VMSVGA3d: cap[240]=0x00000000 {DXFMT_B8G8R8A8_UNORM}
00:00:00.108160 VMSVGA3d: cap[241]=0x00000000 {DXFMT_B8G8R8X8_UNORM}
00:00:00.108160 VMSVGA3d: cap[242]=0x00000000 {DXFMT_BC4_UNORM}
00:00:00.108160 VMSVGA3d: cap[243]=0x00000000 {DXFMT_BC5_UNORM}
00:00:00.108160 VMSVGA3d: cap[244]=0x00000000 {SM41}
00:00:00.108160 VMSVGA3d: cap[245]=0x00000000 {MULTISAMPLE_2X}
00:00:00.108161 VMSVGA3d: cap[246]=0x00000000 {MULTISAMPLE_4X}
00:00:00.108161 VMSVGA3d: cap[247]=0x00000000 {MS_FULL_QUALITY}
00:00:00.108161 VMSVGA3d: cap[248]=0x00000000 {LOGICOPS}
00:00:00.108161 VMSVGA3d: cap[249]=0x00000000 {LOGIC_BLENDOPS}
00:00:00.108161 VMSVGA3d: cap[250]=0x00000000 {RESERVED_1}
00:00:00.108162 VMSVGA3d: cap[251]=0x00000000 {DXFMT_BC6H_TYPELESS}
00:00:00.108162 VMSVGA3d: cap[252]=0x00000000 {DXFMT_BC6H_UF16}
00:00:00.108162 VMSVGA3d: cap[253]=0x00000000 {DXFMT_BC6H_SF16}
00:00:00.108162 VMSVGA3d: cap[254]=0x00000000 {DXFMT_BC7_TYPELESS}
00:00:00.108162 VMSVGA3d: cap[255]=0x00000000 {DXFMT_BC7_UNORM}
00:00:00.108163 VMSVGA3d: cap[256]=0x00000000 {DXFMT_BC7_UNORM_SRGB}
00:00:00.108163 VMSVGA3d: cap[257]=0x00000000 {RESERVED_2}
00:00:00.108163 VMSVGA3d: cap[258]=0x00000000 {SM5}
00:00:00.108163 VMSVGA3d: cap[259]=0x00000000 {MULTISAMPLE_8X}
00:00:00.108173 AIOMgr: Endpoints without assigned bandwidth groups:
00:00:00.108187 AIOMgr:     /home/xxx/dev.environment/resources/software/virtualbox/clustering/virtualbox-v2/talos-cluster-worker-1/talos-cluster-worker-1.vdi
00:00:00.108251 Changing the VM state from 'POWERING_ON' to 'RUNNING'
00:00:00.108253 Console: Machine state changed to 'Running'
00:00:00.108379 VBoxHeadless: starting event loop
00:00:00.108743 VMMDev: Guest Log: BIOS: VirtualBox 7.2.8
00:00:00.108779 PCI: Setting up resources and interrupts
00:00:00.108911 PIT: mode=2 count=0x10000 (65536) - 18.20 Hz (ch=0)
00:00:00.117743 VMMDev: Guest Log: CPUID EDX: 0x178bfbff
00:00:00.117778 PIIX3 ATA: Ctl#0: RESET, DevSel=0 AIOIf=0 CmdIf0=0x00 (-1 usec ago) CmdIf1=0x00 (-1 usec ago)
00:00:00.117791 PIIX3 ATA: Ctl#0: finished processing RESET
00:00:00.118158 AHCI#0: Reset the HBA
00:00:00.118159 VD#0: Cancelling all active requests
00:00:00.118181 AHCI#0: Port 0 reset
00:00:00.118193 VD#0: Cancelling all active requests
00:00:00.118424 VMMDev: Guest Log: BIOS: AHCI 0-P#0: PCHS=16383/16/63 LCHS=1024/255/63 0x0000000002800000 sectors
00:00:00.118450 AHCI#0: Port 1 reset
00:00:00.130031 Display::i_handleDisplayResize: uScreenId=0 pvVRAM=0000000000000000 w=720 h=400 bpp=0 cbLine=0x0 flags=0x0 origin=0,0
00:00:00.273819 AHCI#0: Port 2 reset
00:00:00.438914 AHCI#0: Port 3 reset
00:00:00.603771 AHCI#0: Port 4 reset
00:00:00.768697 AHCI#0: Port 5 reset
00:00:00.932912 AHCI#0: Port 6 reset
00:00:01.097902 AHCI#0: Port 7 reset
00:00:01.262799 AHCI#0: Port 8 reset
00:00:01.427754 AHCI#0: Port 9 reset
00:00:01.592687 AHCI#0: Port 10 reset
00:00:01.756939 AHCI#0: Port 11 reset
00:00:01.921888 AHCI#0: Port 12 reset
00:00:02.086876 AHCI#0: Port 13 reset
00:00:02.251793 AHCI#0: Port 14 reset
00:00:02.415943 AHCI#0: Port 15 reset
00:00:02.580806 AHCI#0: Port 16 reset
00:00:02.745621 AHCI#0: Port 17 reset
00:00:02.910457 AHCI#0: Port 18 reset
00:00:03.075430 AHCI#0: Port 19 reset
00:00:03.240394 AHCI#0: Port 20 reset
00:00:03.404597 AHCI#0: Port 21 reset
00:00:03.569541 AHCI#0: Port 22 reset
00:00:03.734421 AHCI#0: Port 23 reset
00:00:03.899451 AHCI#0: Port 24 reset
00:00:04.063583 AHCI#0: Port 25 reset
00:00:04.228713 AHCI#0: Port 26 reset
00:00:04.393757 AHCI#0: Port 27 reset
00:00:04.557971 AHCI#0: Port 28 reset
00:00:04.722965 AHCI#0: Port 29 reset
00:00:04.889408 PIT: mode=2 count=0x48d3 (18643) - 64.00 Hz (ch=0)
00:00:04.942909 Display::i_handleDisplayResize: uScreenId=0 pvVRAM=00007dc5d1e00000 w=640 h=480 bpp=32 cbLine=0xA00 flags=0x0 origin=0,0
00:00:07.379460 PIT: mode=2 count=0x10000 (65536) - 18.20 Hz (ch=0)
00:00:07.379585 VMMDev: Guest Log: BIOS: Boot : bseqnr=1, bootseq=0032
00:00:07.379792 VMMDev: Guest Log: BIOS: Boot from Hard Disk 0 failed
00:00:07.379886 VMMDev: Guest Log: BIOS: Boot : bseqnr=2, bootseq=0003
00:00:07.380082 VMMDev: Guest Log: BIOS: Booting from CD-ROM...
00:00:07.434406 Display::i_handleDisplayResize: uScreenId=0 pvVRAM=0000000000000000 w=720 h=400 bpp=0 cbLine=0x0 flags=0x0 origin=0,0
00:00:10.811454 GIM: KVM: VCPU  0: Enabled system-time struct. at 0x00000000105ca000 - u32TscScale=0xa0a60226 i8TscShift=-1 uVersion=2 fFlags=0x1 uTsc=0x7f1245e16 uVirtNanoTS=0x27dee94ba TscKHz=3187082
00:00:10.811584 TM: Switching TSC mode from 'VirtTSCEmulated' to 'RealTSCOffset'
00:00:10.844167 GIM: KVM: Enabled wall-clock struct. at 0x00000000105c9008 - u32Sec=1778727553 u32Nano=888365179 uVersion=2
00:00:10.865071 PIT: mode=2 count=0x12a5 (4773) - 249.98 Hz (ch=0)
00:00:10.865413 APIC0: Switched mode to x2APIC
00:00:10.996320 PIT: mode=0 count=0x10000 (65536) - 18.20 Hz (ch=0)
00:00:10.998615 APIC1: Switched mode to x2APIC
00:00:10.998642 GIM: KVM: VCPU  1: Enabled system-time struct. at 0x00000000105ca040 - u32TscScale=0xa0a60226 i8TscShift=-1 uVersion=2 fFlags=0x1 uTsc=0x814b5634c uVirtNanoTS=0x289176e86 TscKHz=3187082
00:00:11.150669 PIIX3 ATA: Ctl#0: RESET, DevSel=0 AIOIf=0 CmdIf0=0xa0 (-1 usec ago) CmdIf1=0x00 (-1 usec ago)
00:00:11.150738 PIIX3 ATA: Ctl#0: finished processing RESET
00:00:11.178441 IEM: rdmsr(0xc0011029) -> #GP(0)
00:00:11.943864 AHCI#0: Reset the HBA
00:00:11.943877 VD#0: Cancelling all active requests
00:00:11.986379 AHCI#0: Port 0 reset
00:00:11.988166 VD#0: Cancelling all active requests
00:00:14.304596 NAT: Link up
00:00:40.815685 TM: Switching TSC mode from 'RealTSCOffset' to 'VirtTSCEmulated'
00:00:40.945928 ACPI: Reset initiated by ACPI
00:00:40.945952 Changing the VM state from 'RUNNING' to 'RESETTING'
00:00:40.946218 GIM: KVM: Resetting MSRs
00:00:40.946264 PIT: mode=3 count=0x10000 (65536) - 18.20 Hz (ch=0)
00:00:40.948089 AHCI#0: Reset the HBA
00:00:40.948095 VD#0: Cancelling all active requests
00:00:40.948115 AC97: Reset
00:00:40.948117 PIIX3 ATA: Ctl#0: finished processing RESET
00:00:40.948131 AC97: Mixer reset (EAID=0x809, EACS=0x9)
00:00:40.948133 AC97: Record select to left=mic, right=mic
00:00:40.948135 Audio Mixer: MUTING master volume of 'AC'97 Mixer' -- channel volumes: ff ff ff ff ff ff ff ff ff ff ff ff
00:00:40.948139 Audio Mixer: MUTING sink 'AC'97 Mixer/Line In' -- channel volumes: 00 00 00 00 00 00 00 00 00 00 00 00
00:00:40.948141 Audio Mixer: MUTING sink 'AC'97 Mixer/Microphone In' -- channel volumes: 00 00 00 00 00 00 00 00 00 00 00 00
00:00:40.948144 PIIX3 ATA: Ctl#1: finished processing RESET
00:00:40.948153 Audio Mixer: MUTING sink 'AC'97 Mixer/PCM Output' -- channel volumes: 00 00 00 00 00 00 00 00 00 00 00 00
00:00:40.948155 Audio Mixer: MUTING sink 'AC'97 Mixer/PCM Output' -- channel volumes: 00 00 00 00 00 00 00 00 00 00 00 00
00:00:40.948157 Audio Mixer: MUTING sink 'AC'97 Mixer/Line In' -- channel volumes: 00 00 00 00 00 00 00 00 00 00 00 00
00:00:40.948158 Audio Mixer: MUTING sink 'AC'97 Mixer/Line In' -- channel volumes: 00 00 00 00 00 00 00 00 00 00 00 00
00:00:40.948159 Audio Mixer: MUTING sink 'AC'97 Mixer/Microphone In' -- channel volumes: 00 00 00 00 00 00 00 00 00 00 00 00
00:00:40.948163 PDMR3Reset: after     1 ms, 1 loops: 1 async tasks - piix3ide/0
00:00:40.964350 Changing the VM state from 'RESETTING' to 'RUNNING'
00:00:40.965127 VMMDev: Guest Log: BIOS: VirtualBox 7.2.8
00:00:40.965162 PCI: Setting up resources and interrupts
00:00:40.965290 PIT: mode=2 count=0x10000 (65536) - 18.20 Hz (ch=0)
00:00:40.973890 VMMDev: Guest Log: CPUID EDX: 0x178bfbff
00:00:40.973922 PIIX3 ATA: Ctl#0: RESET, DevSel=0 AIOIf=0 CmdIf0=0xa0 (-1 usec ago) CmdIf1=0x00 (-1 usec ago)
00:00:40.973965 PIIX3 ATA: Ctl#0: finished processing RESET
00:00:40.974414 AHCI#0: Reset the HBA
00:00:40.974416 VD#0: Cancelling all active requests
00:00:40.974436 AHCI#0: Port 0 reset
00:00:40.974469 VD#0: Cancelling all active requests
00:00:40.974705 VMMDev: Guest Log: BIOS: AHCI 0-P#0: PCHS=16383/16/63 LCHS=1024/255/63 0x0000000002800000 sectors
00:00:45.745219 PIT: mode=2 count=0x48d3 (18643) - 64.00 Hz (ch=0)
00:00:45.798718 Display::i_handleDisplayResize: uScreenId=0 pvVRAM=00007dc5d1e00000 w=640 h=480 bpp=32 cbLine=0xA00 flags=0x0 origin=0,0
00:00:48.235539 PIT: mode=2 count=0x10000 (65536) - 18.20 Hz (ch=0)
00:00:48.235664 VMMDev: Guest Log: BIOS: Boot : bseqnr=1, bootseq=0032
00:00:48.235886 VMMDev: Guest Log: BIOS: Boot from Hard Disk 0 failed
00:00:48.235976 VMMDev: Guest Log: BIOS: Boot : bseqnr=2, bootseq=0003
00:00:48.236287 VMMDev: Guest Log: BIOS: Booting from CD-ROM...
00:00:48.245754 Display::i_handleDisplayResize: uScreenId=0 pvVRAM=0000000000000000 w=720 h=400 bpp=0 cbLine=0x0 flags=0x0 origin=0,0
00:00:51.643518 GIM: KVM: VCPU  0: Enabled system-time struct. at 0x00000000377ca000 - u32TscScale=0xa0a60226 i8TscShift=-1 uVersion=2 fFlags=0x1 uTsc=0x7ef84c927 uVirtNanoTS=0x27d6c2f70 TscKHz=3187082
00:00:51.643552 TM: Switching TSC mode from 'VirtTSCEmulated' to 'RealTSCOffset'
00:00:51.676165 GIM: KVM: Enabled wall-clock struct. at 0x00000000377c9008 - u32Sec=1778727594 u32Nano=720107935 uVersion=2
00:00:51.697272 PIT: mode=2 count=0x12a5 (4773) - 249.98 Hz (ch=0)
00:00:51.697596 APIC0: Switched mode to x2APIC
00:00:51.829144 PIT: mode=0 count=0x10000 (65536) - 18.20 Hz (ch=0)
00:00:51.831973 APIC1: Switched mode to x2APIC
00:00:51.832019 GIM: KVM: VCPU  1: Enabled system-time struct. at 0x00000000377ca040 - u32TscScale=0xa0a60226 i8TscShift=-1 uVersion=2 fFlags=0x1 uTsc=0x813557e0f uVirtNanoTS=0x288a904ca TscKHz=3187082
00:00:51.958096 PIIX3 ATA: Ctl#0: RESET, DevSel=0 AIOIf=0 CmdIf0=0xa0 (-1 usec ago) CmdIf1=0x00 (-1 usec ago)
00:00:51.958205 PIIX3 ATA: Ctl#0: finished processing RESET
00:00:51.988069 IEM: rdmsr(0xc0011029) -> #GP(0)
00:00:52.774255 AHCI#0: Reset the HBA
00:00:52.774272 VD#0: Cancelling all active requests
00:00:52.802845 AHCI#0: Port 0 reset
00:00:52.804031 VD#0: Cancelling all active requests
00:00:55.114411 NAT: Link up
02:54:01.171047 Console: Machine state changed to 'Stopping'
02:54:01.171306 Console::powerDown(): A request to power off the VM has been issued (mMachineState=Stopping, InUninit=0)
02:54:01.171343 Changing the VM state from 'RUNNING' to 'POWERING_OFF'
02:54:01.171343 ****************** Guest state at power off for VCpu 1 ******************
02:54:01.171343 Guest CPUM (VCPU 1) state: 
02:54:01.171343 rax=ffff941ffdd2af60 rbx=0000000000000001 rcx=4000000000000000 rdx=0000000000000000
02:54:01.171343 rsi=0000000000000087 rdi=0000000000a564cc r8 =0000000000000000 r9 =0000000000000000
02:54:01.171343 r10=0000000000000000 r11=0000000000000000 r12=0000000000000000 r13=0000000000000000
02:54:01.171343 r14=ffff941f81c190c0 r15=0000000000000000
02:54:01.171343 rip=ffffffff8eab52bf rsp=ffff98b6800a3ed0 rbp=ffff941f81c190c0 iopl=0  iopl=0 nv up ei pl nz ac po nc
02:54:01.171343 cs={0010 base=0000000000000000 limit=ffffffff flags=0000a09b}
02:54:01.171343 ds={0000 base=0000000000000000 limit=ffffffff flags=0001c000}
02:54:01.171343 es={0000 base=0000000000000000 limit=ffffffff flags=0001c000}
02:54:01.171343 fs={0000 base=0000000000000000 limit=ffffffff flags=0001c000}
02:54:01.171343 gs={0000 base=ffff941ffdd00000 limit=ffffffff flags=0001c000}
02:54:01.171343 ss={0018 base=0000000000000000 limit=ffffffff flags=0000c093}
02:54:01.171343 cr0=0000000080050033 cr2=00007fc911f1a7d8 cr3=000000000659e000 cr4=00000000000506e0
02:54:01.171343 dr0=0000000000000000 dr1=0000000000000000 dr2=0000000000000000 dr3=0000000000000000
02:54:01.171343 dr4=0000000000000000 dr5=0000000000000000 dr6=00000000ffff0ff0 dr7=0000000000000400
02:54:01.171343 gdtr=fffffe3b9d17f000:007f  idtr=fffffe0000000000:0fff  eflags=00000216
02:54:01.171343 ldtr={0000 base=00000000 limit=ffffffff flags=0001c000}
02:54:01.171343 tr  ={0040 base=fffffe3b9d181000 limit=00004087 flags=0000008b}
02:54:01.171343 SysEnter={cs=0010 eip=ffffffff8ec01fe0 esp=fffffe3b9d181000}
02:54:01.171343 xcr=0000000000000007 xcr1=0000000000000000 xss=0000000000000000 (fXStateMask=0000000000000007)
02:54:01.171343 FCW=037f FSW=0000 FTW=0000 FOP=0000 MXCSR=00001fa0 MXCSR_MASK=0000ffff
02:54:01.171343 FPUIP=00000000 CS=0000 Rsrvd1=0000  FPUDP=00000000 DS=0000 Rsvrd2=0000
02:54:01.171343 ST(0)=FPR0={0000'00000000'00000000} t0 +0.0000000000000000000000 * 2 ^ -16383 (*)
02:54:01.171343 ST(1)=FPR1={0000'00000000'00000000} t0 +0.0000000000000000000000 * 2 ^ -16383 (*)
02:54:01.171343 ST(2)=FPR2={0000'00000000'00000000} t0 +0.0000000000000000000000 * 2 ^ -16383 (*)
02:54:01.171343 ST(3)=FPR3={0000'00000000'00000000} t0 +0.0000000000000000000000 * 2 ^ -16383 (*)
02:54:01.171343 ST(4)=FPR4={0000'00000000'00000000} t0 +0.0000000000000000000000 * 2 ^ -16383 (*)
02:54:01.171343 ST(5)=FPR5={0000'00000000'00000000} t0 +0.0000000000000000000000 * 2 ^ -16383 (*)
02:54:01.171343 ST(6)=FPR6={0000'00000000'00000000} t0 +0.0000000000000000000000 * 2 ^ -16383 (*)
02:54:01.171343 ST(7)=FPR7={0000'00000000'00000000} t0 +0.0000000000000000000000 * 2 ^ -16383 (*)
02:54:01.171343 YMM0 =00000000'00000000'00000000'00000000'070e0910'10040200'00000001'06080000
02:54:01.171343 YMM1 =00000000'00000000'00000000'00000000'07070e09'10100402'00000000'01060800
02:54:01.171343 YMM2 =00000000'00000000'00000000'00000000'00000000'00000000'40efffe0'00000000
02:54:01.171343 YMM3 =00000000'00000000'00000000'00000000'00000000'00000000'40e51ea3'33333333
02:54:01.171343 YMM4 =00000000'00000000'00000000'00000000'00000000'0000000a'000055db'e5dbee8e
02:54:01.171343 YMM5 =00000000'00000000'00000000'00000000'00000000'00000000'00000000'00000004
02:54:01.171343 YMM6 =00000000'00000000'00000000'00000000'00000000'00000005'000000c0'00320097
02:54:01.171343 YMM7 =00000000'00000000'00000000'00000000'00000000'00000000'00000000'00000000
02:54:01.171343 YMM8 =00000000'00000000'00000000'00000000'00000000'0000000b'000055db'e5dc097f
02:54:01.171343 YMM9 =00000000'00000000'00000000'00000000'00000000'00000000'00000000'00000004
02:54:01.171343 YMM10=00000000'00000000'00000000'00000000'00000000'00000015'000000c0'00320081
02:54:01.171343 YMM11=00000000'00000000'00000000'00000000'00000000'00000000'00000000'00000000
02:54:01.171343 YMM12=00000000'00000000'00000000'00000000'00000000'0000000a'000055db'e5dbe880
02:54:01.171343 YMM13=00000000'00000000'00000000'00000000'00000000'00000000'00000000'00000004
02:54:01.171343 YMM14=00000000'00000000'00000000'00000000'00000000'00000004'000055db'e5db628f
02:54:01.171343 YMM15=00000000'00000000'00000000'00000000'00000000'00000000'00000000'00000000
02:54:01.171343 EFER         =0000000000000d01
02:54:01.171343 PAT          =0407050600070106
02:54:01.171343 STAR         =0023001000000000
02:54:01.171343 CSTAR        =0000000000000000
02:54:01.171343 LSTAR        =ffffffff8ec00080
02:54:01.171343 SFMASK       =0000000000257fd5
02:54:01.171343 KERNELGSBASE =0000000000000000
02:54:01.171343 MTRR_CAP          =0000000000000510
02:54:01.171343 MTRR_DEF_TYPE     =0000000000000c00
02:54:01.171343 MTRR_FIX64K_00000 =0606060606060606
02:54:01.171343 MTRR_FIX16K_80000 =0606060606060606
02:54:01.171343 MTRR_FIX16K_A0000 =0000000000000000
02:54:01.171343 MTRR_FIX4K_C0000  =0505050505050505
02:54:01.171343 MTRR_FIX4K_C8000  =0505050505050505
02:54:01.171343 MTRR_FIX4K_D0000  =0505050505050505
02:54:01.171343 MTRR_FIX4K_D8000  =0505050505050505
02:54:01.171343 MTRR_FIX4K_E0000  =0505050505050505
02:54:01.171343 MTRR_FIX4K_E8000  =0505050505050505
02:54:01.171343 MTRR_FIX4K_F0000  =0505050505050505
02:54:01.171343 MTRR_FIX4K_F8000  =0505050505050505
02:54:01.171343 MTRR_PHYSBASE[ 0] =0000000000000006 First=0000000000000000      0 MB [WB]
02:54:01.171343 MTRR_PHYSMASK[ 0] =00003fff80000800 Last =000000007fffffff   2047 MB [2048 MB]
02:54:01.171343 MTRR_PHYSBASE[ 1] =0000000000000000
02:54:01.171343 MTRR_PHYSMASK[ 1] =0000000000000000
02:54:01.171343 MTRR_PHYSBASE[ 2] =0000000000000000
02:54:01.171343 MTRR_PHYSMASK[ 2] =0000000000000000
02:54:01.171343 MTRR_PHYSBASE[ 3] =0000000000000000
02:54:01.171343 MTRR_PHYSMASK[ 3] =0000000000000000
02:54:01.171343 MTRR_PHYSBASE[ 4] =0000000000000000
02:54:01.171343 MTRR_PHYSMASK[ 4] =0000000000000000
02:54:01.171343 MTRR_PHYSBASE[ 5] =0000000000000000
02:54:01.171343 MTRR_PHYSMASK[ 5] =0000000000000000
02:54:01.171343 MTRR_PHYSBASE[ 6] =0000000000000000
02:54:01.171343 MTRR_PHYSMASK[ 6] =0000000000000000
02:54:01.171343 MTRR_PHYSBASE[ 7] =0000000000000000
02:54:01.171343 MTRR_PHYSMASK[ 7] =0000000000000000
02:54:01.171343 MTRR_PHYSBASE[ 8] =0000000000000000
02:54:01.171343 MTRR_PHYSMASK[ 8] =0000000000000000
02:54:01.171343 MTRR_PHYSBASE[ 9] =0000000000000000
02:54:01.171343 MTRR_PHYSMASK[ 9] =0000000000000000
02:54:01.171343 MTRR_PHYSBASE[10] =0000000000000000
02:54:01.171343 MTRR_PHYSMASK[10] =0000000000000000
02:54:01.171343 MTRR_PHYSBASE[11] =0000000000000000
02:54:01.171343 MTRR_PHYSMASK[11] =0000000000000000
02:54:01.171343 MTRR_PHYSBASE[12] =0000000000000000
02:54:01.171343 MTRR_PHYSMASK[12] =0000000000000000
02:54:01.171343 MTRR_PHYSBASE[13] =0000000000000000
02:54:01.171343 MTRR_PHYSMASK[13] =0000000000000000
02:54:01.171343 MTRR_PHYSBASE[14] =0000000000000000
02:54:01.171343 MTRR_PHYSMASK[14] =0000000000000000
02:54:01.171343 MTRR_PHYSBASE[15] =0000000000000000
02:54:01.171343 MTRR_PHYSMASK[15] =0000000000000000
02:54:01.171343 ***
02:54:01.171343 VCPU[1] hardware virtualization state:
02:54:01.171343 fSavedInhibit                = 0x0
02:54:01.171343 In nested-guest hwvirt mode  = false
02:54:01.171343 Hwvirt state disabled.
02:54:01.171343 ***
02:54:01.171343 Guest paging mode (VCPU #1):  AMD64+NX (changed 3 times), A20 enabled (changed 0 times)
02:54:01.171343 Guest SLAT mode (VCPU #1): Direct
02:54:01.171343 Shadow paging mode (VCPU #1): EPT
02:54:01.171343 Host paging mode:             AMD64+G+NX
02:54:01.171343 ***
02:54:01.171343 ************** End of Guest state at power off for VCpu 1 ***************
02:54:01.171343 ****************** Guest state at power off for VCpu 0 ******************
02:54:01.171343 Guest CPUM (VCPU 0) state: 
02:54:01.171343 rax=ffff941ffdc2af60 rbx=0000000000000000 rcx=4000000000000000 rdx=0000000000000000
02:54:01.171343 rsi=0000000000000087 rdi=000000000049f2ec r8 =ffff941ffdc203e0 r9 =0000000000000000
02:54:01.171343 r10=0000000000000000 r11=0000000000000000 r12=0000000000000000 r13=0000000000000000
02:54:01.171343 r14=ffffffff8fe0d240 r15=000000000008b000
02:54:01.171343 rip=ffffffff8eab52bf rsp=ffffffff8fe03e68 rbp=ffffffff8fe0d240 iopl=0  iopl=0 nv up ei pl nz ac pe nc
02:54:01.171343 cs={0010 base=0000000000000000 limit=ffffffff flags=0000a09b}
02:54:01.171343 ds={0000 base=0000000000000000 limit=ffffffff flags=0001c000}
02:54:01.171343 es={0000 base=0000000000000000 limit=ffffffff flags=0001c000}
02:54:01.171343 fs={0000 base=0000000000000000 limit=ffffffff flags=0001c000}
02:54:01.171343 gs={0000 base=ffff941ffdc00000 limit=ffffffff flags=0001c000}
02:54:01.171343 ss={0018 base=0000000000000000 limit=ffffffff flags=0000c093}
02:54:01.171343 cr0=0000000080050033 cr2=00007f65c5d4e7f5 cr3=000000000659e000 cr4=00000000000506f0
02:54:01.171343 dr0=0000000000000000 dr1=0000000000000000 dr2=0000000000000000 dr3=0000000000000000
02:54:01.171343 dr4=0000000000000000 dr5=0000000000000000 dr6=00000000ffff0ff0 dr7=0000000000000400
02:54:01.171343 gdtr=fffffe09c22a9000:007f  idtr=fffffe0000000000:0fff  eflags=00000212
02:54:01.171343 ldtr={0000 base=00000000 limit=ffffffff flags=0001c000}
02:54:01.171343 tr  ={0040 base=fffffe09c22ab000 limit=00004087 flags=0000008b}
02:54:01.171343 SysEnter={cs=0010 eip=ffffffff8ec01fe0 esp=fffffe09c22ab000}
02:54:01.171343 xcr=0000000000000007 xcr1=0000000000000000 xss=0000000000000000 (fXStateMask=0000000000000007)
02:54:01.171343 FCW=037f FSW=0000 FTW=0000 FOP=0000 MXCSR=00001fa0 MXCSR_MASK=0000ffff
02:54:01.171343 FPUIP=00000000 CS=0000 Rsrvd1=0000  FPUDP=00000000 DS=0000 Rsvrd2=0000
02:54:01.171343 ST(0)=FPR0={0000'00000000'00000000} t0 +0.0000000000000000000000 * 2 ^ -16383 (*)
02:54:01.171343 ST(1)=FPR1={0000'00000000'00000000} t0 +0.0000000000000000000000 * 2 ^ -16383 (*)
02:54:01.171343 ST(2)=FPR2={0000'00000000'00000000} t0 +0.0000000000000000000000 * 2 ^ -16383 (*)
02:54:01.171343 ST(3)=FPR3={0000'00000000'00000000} t0 +0.0000000000000000000000 * 2 ^ -16383 (*)
02:54:01.171343 ST(4)=FPR4={0000'00000000'00000000} t0 +0.0000000000000000000000 * 2 ^ -16383 (*)
02:54:01.171343 ST(5)=FPR5={0000'00000000'00000000} t0 +0.0000000000000000000000 * 2 ^ -16383 (*)
02:54:01.171343 ST(6)=FPR6={0000'00000000'00000000} t0 +0.0000000000000000000000 * 2 ^ -16383 (*)
02:54:01.171343 ST(7)=FPR7={0000'00000000'00000000} t0 +0.0000000000000000000000 * 2 ^ -16383 (*)
02:54:01.171343 YMM0 =00000000'00000000'00000000'00000000'd0f8122a'd0f8122a'd0f8122a'd0f8122a
02:54:01.171343 YMM1 =00000000'00000000'00000000'00000000'fb939e8f'fb939e8f'fb939e8f'fb939e8f
02:54:01.171343 YMM2 =00000000'00000000'00000000'00000000'e9825e50'e9825e50'e9825e50'e9825e50
02:54:01.171343 YMM3 =00000000'00000000'00000000'00000000'2e0e02b4'2e0e02b4'2e0e02b4'2e0e02b4
02:54:01.171343 YMM4 =00000000'00000000'00000000'00000000'72f74c06'c5b8c0ce'ac0d75fb'7978abf5
02:54:01.171343 YMM5 =00000000'00000000'00000000'00000000'9927c86a'aee632dc'e74bbb7e'bde81de4
02:54:01.171343 YMM6 =00000000'00000000'00000000'00000000'6d91c4a2'9b7d83b5'84780567'70621bf3
02:54:01.171343 YMM7 =00000000'00000000'00000000'00000000'86eeddcd'a0709f19'edb61d31'c1bbd9fa
02:54:01.171343 YMM8 =00000000'00000000'00000000'00000000'0887b4d5'bfac9875'fb611d58'f0d032d6
02:54:01.171343 YMM9 =00000000'00000000'00000000'00000000'18ba0351'80ccca3a'23fb6073'03bf6684
02:54:01.171343 YMM10=00000000'00000000'00000000'00000000'1e53ed7a'c0bc43ae'88599df1'eacd0a71
02:54:01.171343 YMM11=00000000'00000000'00000000'00000000'a4de0032'51f49be2'81293491'b71ddd4a
02:54:01.171343 YMM12=00000000'00000000'00000000'00000000'9d47c385'9d47c385'9d47c385'9d47c385
02:54:01.171343 YMM13=00000000'00000000'00000000'00000000'5fd39c80'5fd39c80'5fd39c80'5fd39c80
02:54:01.171343 YMM14=00000000'00000000'00000000'00000000'3c82deae'3c82deae'3c82deae'3c82deae
02:54:01.171343 YMM15=00000000'00000000'00000000'00000000'00000000'00000000'00000000'00000000
02:54:01.171343 EFER         =0000000000000d01
02:54:01.171343 PAT          =0407050600070106
02:54:01.171343 STAR         =0023001000000000
02:54:01.171343 CSTAR        =0000000000000000
02:54:01.171343 LSTAR        =ffffffff8ec00080
02:54:01.171343 SFMASK       =0000000000257fd5
02:54:01.171343 KERNELGSBASE =0000000000000000
02:54:01.171343 MTRR_CAP          =0000000000000510
02:54:01.171343 MTRR_DEF_TYPE     =0000000000000c00
02:54:01.171343 MTRR_FIX64K_00000 =0606060606060606
02:54:01.171343 MTRR_FIX16K_80000 =0606060606060606
02:54:01.171343 MTRR_FIX16K_A0000 =0000000000000000
02:54:01.171343 MTRR_FIX4K_C0000  =0505050505050505
02:54:01.171343 MTRR_FIX4K_C8000  =0505050505050505
02:54:01.171343 MTRR_FIX4K_D0000  =0505050505050505
02:54:01.171343 MTRR_FIX4K_D8000  =0505050505050505
02:54:01.171343 MTRR_FIX4K_E0000  =0505050505050505
02:54:01.171343 MTRR_FIX4K_E8000  =0505050505050505
02:54:01.171343 MTRR_FIX4K_F0000  =0505050505050505
02:54:01.171343 MTRR_FIX4K_F8000  =0505050505050505
02:54:01.171343 MTRR_PHYSBASE[ 0] =0000000000000006 First=0000000000000000      0 MB [WB]
02:54:01.171343 MTRR_PHYSMASK[ 0] =00003fff80000800 Last =000000007fffffff   2047 MB [2048 MB]
02:54:01.171343 MTRR_PHYSBASE[ 1] =0000000000000000
02:54:01.171343 MTRR_PHYSMASK[ 1] =0000000000000000
02:54:01.171343 MTRR_PHYSBASE[ 2] =0000000000000000
02:54:01.171343 MTRR_PHYSMASK[ 2] =0000000000000000
02:54:01.171343 MTRR_PHYSBASE[ 3] =0000000000000000
02:54:01.171343 MTRR_PHYSMASK[ 3] =0000000000000000
02:54:01.171343 MTRR_PHYSBASE[ 4] =0000000000000000
02:54:01.171343 MTRR_PHYSMASK[ 4] =0000000000000000
02:54:01.171343 MTRR_PHYSBASE[ 5] =0000000000000000
02:54:01.171343 MTRR_PHYSMASK[ 5] =0000000000000000
02:54:01.171343 MTRR_PHYSBASE[ 6] =0000000000000000
02:54:01.171343 MTRR_PHYSMASK[ 6] =0000000000000000
02:54:01.171343 MTRR_PHYSBASE[ 7] =0000000000000000
02:54:01.171343 MTRR_PHYSMASK[ 7] =0000000000000000
02:54:01.171343 MTRR_PHYSBASE[ 8] =0000000000000000
02:54:01.171343 MTRR_PHYSMASK[ 8] =0000000000000000
02:54:01.171343 MTRR_PHYSBASE[ 9] =0000000000000000
02:54:01.171343 MTRR_PHYSMASK[ 9] =0000000000000000
02:54:01.171343 MTRR_PHYSBASE[10] =0000000000000000
02:54:01.171343 MTRR_PHYSMASK[10] =0000000000000000
02:54:01.171343 MTRR_PHYSBASE[11] =0000000000000000
02:54:01.171343 MTRR_PHYSMASK[11] =0000000000000000
02:54:01.171343 MTRR_PHYSBASE[12] =0000000000000000
02:54:01.171343 MTRR_PHYSMASK[12] =0000000000000000
02:54:01.171343 MTRR_PHYSBASE[13] =0000000000000000
02:54:01.171343 MTRR_PHYSMASK[13] =0000000000000000
02:54:01.171343 MTRR_PHYSBASE[14] =0000000000000000
02:54:01.171343 MTRR_PHYSMASK[14] =0000000000000000
02:54:01.171343 MTRR_PHYSBASE[15] =0000000000000000
02:54:01.171343 MTRR_PHYSMASK[15] =0000000000000000
02:54:01.171343 ***
02:54:01.171343 VCPU[0] hardware virtualization state:
02:54:01.171343 fSavedInhibit                = 0x0
02:54:01.171343 In nested-guest hwvirt mode  = false
02:54:01.171343 Hwvirt state disabled.
02:54:01.171343 ***
02:54:01.171343 Guest paging mode (VCPU #0):  AMD64+NX (changed 948895 times), A20 enabled (changed 2 times)
02:54:01.171343 Guest SLAT mode (VCPU #0): Direct
02:54:01.171343 Shadow paging mode (VCPU #0): EPT
02:54:01.171343 Host paging mode:             AMD64+G+NX
02:54:01.171343 ***
02:54:01.171343 Active Timers (pVM=00007dc5f22ca000)
02:54:01.171343 pTimerR3         offNext  offPrev  offSched Clock               Time             Expire HzHint State                     Description
02:54:01.171343 00007dc5f6e22180 00000007 ffffffff ffffffff Real            21967480           21967500      0 2-ACTIVE                  VGA Refresh
02:54:01.171343 00007dc5f6e22380 ffffffff 00000003 ffffffff Real            21967480           21968351      0 2-ACTIVE                  CPU Load Timer
02:54:01.171343 00007dc5f3654080 00000002 ffffffff ffffffff VrSy      10441062541499     10441086189440     12 2-ACTIVE                  APIC Timer 0
02:54:01.171343 00007dc5f3654100 00000005 00000001 ffffffff VrSy      10441062541500     10441093269638     11 2-ACTIVE                  APIC Timer 1
02:54:01.171343 00007dc5f3654280 0000000a 00000002 ffffffff VrSy      10441062541501     10441990000000      0 2-ACTIVE                  MC146818 RTC Second
02:54:01.171343 00007dc5f3654500 ffffffff 00000005 ffffffff VrSy      10441062541502     10839616010932      0 2-ACTIVE                  ACPI PM
02:54:01.171343 ***
02:54:01.171343 Guest GDT (GCAddr=fffffe09c22a9000 limit=7f):
02:54:01.171343 0008 - 0000ffff 00cf9b00 - base=00000000 limit=ffffffff dpl=0 CodeER Accessed Present Page 32-bit 
02:54:01.171343 0010 - 0000ffff 00af9b00 - base=00000000 limit=ffffffff dpl=0 CodeER Accessed Present Page 16-bit 
02:54:01.171343 0018 - 0000ffff 00cf9300 - base=00000000 limit=ffffffff dpl=0 DataRW Accessed Present Page 32-bit 
02:54:01.171343 0020 - 0000ffff 00cffb00 - base=00000000 limit=ffffffff dpl=3 CodeER Accessed Present Page 32-bit 
02:54:01.171343 0028 - 0000ffff 00cff300 - base=00000000 limit=ffffffff dpl=3 DataRW Accessed Present Page 32-bit 
02:54:01.171343 0030 - 0000ffff 00affb00 - base=00000000 limit=ffffffff dpl=3 CodeER Accessed Present Page 16-bit 
02:54:01.171343 0040 - b0004087 c2008b2a - base=c22ab000 limit=00004087 dpl=0 TSS32Busy Present 16-bit 
02:54:01.171343 0078 - 00000000 0040f500 - base=00000000 limit=00000000 dpl=3 DataDownRO Accessed Present 32-bit 
02:54:01.171343 ************** End of Guest state at power off ***************
02:54:01.176310 PDMR3PowerOff: 4 963 675 ns run time
02:54:01.176327 Changing the VM state from 'POWERING_OFF' to 'OFF'
02:54:01.177435 Changing the VM state from 'OFF' to 'DESTROYING'
02:54:01.177478 ************************* Statistics *************************
02:54:01.177485 /CPUM/MSR-Totals/Reads                        129217 times
02:54:01.177488 /CPUM/MSR-Totals/ReadsRaisingGP                    0 times
02:54:01.177490 /CPUM/MSR-Totals/ReadsUnknown                      2 times
02:54:01.177491 /CPUM/MSR-Totals/Writes                      4053132 times
02:54:01.177493 /CPUM/MSR-Totals/WritesRaisingGP                   0 times
02:54:01.177504 /CPUM/MSR-Totals/WritesToIgnoredBits               2 times
02:54:01.177505 /CPUM/MSR-Totals/WritesUnknown                     0 times
02:54:01.177507 /CPUM/cpu0/GuestFpuLoad                       388680 calls
02:54:01.177509 /CPUM/cpu0/GuestFpuReload                         25 calls
02:54:01.177511 /CPUM/cpu1/GuestFpuLoad                       746010 calls
02:54:01.177512 /CPUM/cpu1/GuestFpuReload                         41 calls
02:54:01.177516 /Devices/8237A/DmaRun                              0 ticks/call (           0 ticks,       0 calls, max         0, min      -1)
02:54:01.177519 /Devices/IDE0/ATA0/Unit0/AtapiDMA                 66 times
02:54:01.177521 /Devices/IDE0/ATA0/Unit0/AtapiPIO              12602 times
02:54:01.177522 /Devices/IDE0/ATA0/Unit0/DMA                       0 times
02:54:01.177523 /Devices/IDE0/ATA0/Unit0/PIO                       0 times
02:54:01.177525 /Devices/IDE0/ATA0/Unit0/ReadBytes         201646080 bytes
02:54:01.177526 /Devices/IDE0/ATA0/Unit0/StatusYields           1024 ticks/call (     7994461 ticks,    7803 calls, max     66882, min     698)
02:54:01.177528 /Devices/IDE0/ATA0/Unit0/WrittenBytes              0 bytes
02:54:01.177530 /Devices/IDE0/ATA0/Unit1/AtapiDMA                  0 times
02:54:01.177531 /Devices/IDE0/ATA0/Unit1/AtapiPIO                  0 times
02:54:01.177532 /Devices/IDE0/ATA0/Unit1/DMA                       0 times
02:54:01.177533 /Devices/IDE0/ATA0/Unit1/PIO                       0 times
02:54:01.177535 /Devices/IDE0/ATA0/Unit1/ReadBytes                 0 bytes
02:54:01.177536 /Devices/IDE0/ATA0/Unit1/StatusYields              0 ticks/call (           0 ticks,       0 calls, max         0, min      -1)
02:54:01.177538 /Devices/IDE0/ATA0/Unit1/WrittenBytes              0 bytes
02:54:01.177539 /Devices/IDE0/ATA1/Unit0/AtapiDMA                  0 times
02:54:01.177540 /Devices/IDE0/ATA1/Unit0/AtapiPIO                  0 times
02:54:01.177542 /Devices/IDE0/ATA1/Unit0/DMA                       0 times
02:54:01.177543 /Devices/IDE0/ATA1/Unit0/PIO                       0 times
02:54:01.177544 /Devices/IDE0/ATA1/Unit0/ReadBytes                 0 bytes
02:54:01.177546 /Devices/IDE0/ATA1/Unit0/StatusYields              0 ticks/call (           0 ticks,       0 calls, max         0, min      -1)
02:54:01.177547 /Devices/IDE0/ATA1/Unit0/WrittenBytes              0 bytes
02:54:01.177548 /Devices/IDE0/ATA1/Unit1/AtapiDMA                  0 times
02:54:01.177550 /Devices/IDE0/ATA1/Unit1/AtapiPIO                  0 times
02:54:01.177551 /Devices/IDE0/ATA1/Unit1/DMA                       0 times
02:54:01.177552 /Devices/IDE0/ATA1/Unit1/PIO                       0 times
02:54:01.177553 /Devices/IDE0/ATA1/Unit1/ReadBytes                 0 bytes
02:54:01.177555 /Devices/IDE0/ATA1/Unit1/StatusYields              0 ticks/call (           0 ticks,       0 calls, max         0, min      -1)
02:54:01.177556 /Devices/IDE0/ATA1/Unit1/WrittenBytes              0 bytes
02:54:01.177558 /Devices/VMMDev/BalloonChunks                      0 count
02:54:01.177559 /Devices/VMMDev/FastIrqAckR3                       0 count
02:54:01.177561 /Devices/VMMDev/FastIrqAckRZ                       0 count
02:54:01.177562 /Devices/VMMDev/HGCM-Kernel/BudgetAvailable 1073741824 bytes
02:54:01.177563 /Devices/VMMDev/HGCM-Kernel/BudgetConfig   1073741824 bytes
02:54:01.177565 /Devices/VMMDev/HGCM-Kernel/BudgetOverruns         0 bytes
02:54:01.177566 /Devices/VMMDev/HGCM-Kernel/MessageHeapUsage         0 bytes/call (           0 bytes,       0 calls, max         0, min      -1)
02:54:01.177567 /Devices/VMMDev/HGCM-Root/BudgetAvailable  1073741824 bytes
02:54:01.177569 /Devices/VMMDev/HGCM-Root/BudgetConfig     1073741824 bytes
02:54:01.177570 /Devices/VMMDev/HGCM-Root/BudgetOverruns           0 bytes
02:54:01.177571 /Devices/VMMDev/HGCM-Root/MessageHeapUsage         0 bytes/call (           0 bytes,       0 calls, max         0, min      -1)
02:54:01.177572 /Devices/VMMDev/HGCM-User/BudgetAvailable  1073741824 bytes
02:54:01.177574 /Devices/VMMDev/HGCM-User/BudgetConfig     1073741824 bytes
02:54:01.177578 /Devices/VMMDev/HGCM-User/BudgetOverruns           0 bytes
02:54:01.177580 /Devices/VMMDev/HGCM-User/MessageHeapUsage         0 bytes/call (           0 bytes,       0 calls, max         0, min      -1)
02:54:01.177581 /Devices/VMMDev/LargeReqBufAllocs                  0 count
02:54:01.177582 /Devices/VMMDev/SlowIrqAck                         0 count
02:54:01.177584 /Devices/apic/0                               359175 times
02:54:01.177586 /Devices/apic/0/Vectors/20                     10560 times
02:54:01.177588 /Devices/apic/0/Vectors/21                       273 times
02:54:01.177589 /Devices/apic/0/Vectors/23                      5283 times
02:54:01.177591 /Devices/apic/0/Vectors/30                        67 times
02:54:01.177596 /Devices/apic/0/Vectors/ec                    238767 times
02:54:01.177598 /Devices/apic/0/Vectors/fb                     95282 times
02:54:01.177599 /Devices/apic/0/Vectors/fd                      8944 times
02:54:01.177600 /Devices/apic/1                               731396 times
02:54:01.177602 /Devices/apic/1/Vectors/22                        19 times
02:54:01.177604 /Devices/apic/1/Vectors/23                       132 times
02:54:01.177605 /Devices/apic/1/Vectors/24                      5404 times
02:54:01.177610 /Devices/apic/1/Vectors/ec                    637912 times
02:54:01.177612 /Devices/apic/1/Vectors/f8                         1 times
02:54:01.177613 /Devices/apic/1/Vectors/fb                     82232 times
02:54:01.177614 /Devices/apic/1/Vectors/fd                      5703 times
02:54:01.177616 /Devices/e1000#0/ReceiveBytes                  12794 bytes
02:54:01.177617 /Devices/e1000#0/TransmitBytes                  7243 bytes
02:54:01.177618 /Devices/e1000#0/iStatIntLost                      0 ns
02:54:01.177620 /Devices/e1000#0/iStatIntLostOne                   0 ns
02:54:01.177621 /Devices/e1000#0/u64ArmedAt                        0 ns
02:54:01.177622 /Devices/e1000#0/uStatDescCtx                     30 ns
02:54:01.177624 /Devices/e1000#0/uStatDescDat                     36 ns
02:54:01.177625 /Devices/e1000#0/uStatDescLeg                     38 ns
02:54:01.177626 /Devices/e1000#0/uStatInt                       5283 ns
02:54:01.177628 /Devices/e1000#0/uStatIntEarly                     0 ns
02:54:01.177629 /Devices/e1000#0/uStatIntICS                    5150 ns
02:54:01.177630 /Devices/e1000#0/uStatIntIMS                      13 ns
02:54:01.177632 /Devices/e1000#0/uStatIntLate                      6 ns
02:54:01.177633 /Devices/e1000#0/uStatIntLower                     0 ns
02:54:01.177634 /Devices/e1000#0/uStatIntMasked                   18 ns
02:54:01.177635 /Devices/e1000#0/uStatIntRDTR                      0 ns
02:54:01.177637 /Devices/e1000#0/uStatIntRXDMT0                    0 ns
02:54:01.177638 /Devices/e1000#0/uStatIntRx                       79 ns
02:54:01.177639 /Devices/e1000#0/uStatIntSkip                     66 ns
02:54:01.177640 /Devices/e1000#0/uStatIntTXQE                      0 ns
02:54:01.177642 /Devices/e1000#0/uStatIntTry                    5367 ns
02:54:01.177643 /Devices/e1000#0/uStatIntTx                       68 ns
02:54:01.177644 /Devices/e1000#0/uStatMaxTxDelay                   0 ns
02:54:01.177645 /Devices/e1000#0/uStatNoIntICR                     0 ns
02:54:01.177647 /Devices/e1000#0/uStatRAD                          0 ns
02:54:01.177648 /Devices/e1000#0/uStatRID                          0 ns
02:54:01.177649 /Devices/e1000#0/uStatRxFrm                       79 ns
02:54:01.177650 /Devices/e1000#0/uStatTAD                          0 ns
02:54:01.177652 /Devices/e1000#0/uStatTID                          0 ns
02:54:01.177653 /Devices/e1000#0/uStatTx1514                      68 ns
02:54:01.177655 /Devices/e1000#0/uStatTx16384                      0 ns
02:54:01.177656 /Devices/e1000#0/uStatTx2962                       0 ns
02:54:01.177657 /Devices/e1000#0/uStatTx32768                      0 ns
02:54:01.177658 /Devices/e1000#0/uStatTx4410                       0 ns
02:54:01.177660 /Devices/e1000#0/uStatTx5858                       0 ns
02:54:01.177663 /Devices/e1000#0/uStatTx7306                       0 ns
02:54:01.177664 /Devices/e1000#0/uStatTx8754                       0 ns
02:54:01.177665 /Devices/e1000#0/uStatTxDelayExp                   0 ns
02:54:01.177667 /Devices/e1000#0/uStatTxDelayed                    0 ns
02:54:01.177668 /Devices/e1000#0/uStatTxFrm                       68 ns
02:54:01.177669 /Devices/e1000#0/uStatTxIDE                        0 ns
02:54:01.177670 /Devices/e1000#0/uStatTxLarge                      0 ns
02:54:01.177672 /Devices/e1000#0/uStatTxNoRS                      36 ns
02:54:01.177673 /Devices/e1000#1/ReceiveBytes                 114745 bytes
02:54:01.177674 /Devices/e1000#1/TransmitBytes                 17628 bytes
02:54:01.177676 /Devices/e1000#1/iStatIntLost                      0 ns
02:54:01.177677 /Devices/e1000#1/iStatIntLostOne                   0 ns
02:54:01.177678 /Devices/e1000#1/u64ArmedAt                        0 ns
02:54:01.177680 /Devices/e1000#1/uStatDescCtx                     11 ns
02:54:01.177681 /Devices/e1000#1/uStatDescDat                     16 ns
02:54:01.177682 /Devices/e1000#1/uStatDescLeg                     73 ns
02:54:01.177683 /Devices/e1000#1/uStatInt                       5412 ns
02:54:01.177685 /Devices/e1000#1/uStatIntEarly                     0 ns
02:54:01.177686 /Devices/e1000#1/uStatIntICS                    5160 ns
02:54:01.177687 /Devices/e1000#1/uStatIntIMS                      14 ns
02:54:01.177688 /Devices/e1000#1/uStatIntLate                      5 ns
02:54:01.177690 /Devices/e1000#1/uStatIntLower                     8 ns
02:54:01.177691 /Devices/e1000#1/uStatIntMasked                  336 ns
02:54:01.177692 /Devices/e1000#1/uStatIntRDTR                      0 ns
02:54:01.177693 /Devices/e1000#1/uStatIntRXDMT0                    0 ns
02:54:01.177694 /Devices/e1000#1/uStatIntRx                      681 ns
02:54:01.177696 /Devices/e1000#1/uStatIntSkip                    265 ns
02:54:01.177697 /Devices/e1000#1/uStatIntTXQE                      0 ns
02:54:01.177698 /Devices/e1000#1/uStatIntTry                    6013 ns
02:54:01.177699 /Devices/e1000#1/uStatIntTx                       84 ns
02:54:01.177701 /Devices/e1000#1/uStatMaxTxDelay                   0 ns
02:54:01.177702 /Devices/e1000#1/uStatNoIntICR                     0 ns
02:54:01.177703 /Devices/e1000#1/uStatRAD                          0 ns
02:54:01.177704 /Devices/e1000#1/uStatRID                          0 ns
02:54:01.177706 /Devices/e1000#1/uStatRxFrm                      681 ns
02:54:01.177707 /Devices/e1000#1/uStatTAD                          0 ns
02:54:01.177708 /Devices/e1000#1/uStatTID                          0 ns
02:54:01.177709 /Devices/e1000#1/uStatTx1514                      84 ns
02:54:01.177711 /Devices/e1000#1/uStatTx16384                      0 ns
02:54:01.177712 /Devices/e1000#1/uStatTx2962                       0 ns
02:54:01.177713 /Devices/e1000#1/uStatTx32768                      0 ns
02:54:01.177714 /Devices/e1000#1/uStatTx4410                       0 ns
02:54:01.177716 /Devices/e1000#1/uStatTx5858                       0 ns
02:54:01.177717 /Devices/e1000#1/uStatTx7306                       0 ns
02:54:01.177718 /Devices/e1000#1/uStatTx8754                       0 ns
02:54:01.177719 /Devices/e1000#1/uStatTxDelayExp                   0 ns
02:54:01.177720 /Devices/e1000#1/uStatTxDelayed                    0 ns
02:54:01.177722 /Devices/e1000#1/uStatTxFrm                       84 ns
02:54:01.177723 /Devices/e1000#1/uStatTxIDE                        0 ns
02:54:01.177724 /Devices/e1000#1/uStatTxLarge                      0 ns
02:54:01.177725 /Devices/e1000#1/uStatTxNoRS                      16 ns
02:54:01.177729 /Devices/ichac97/Stream0/reg-CR                    0 
02:54:01.177730 /Devices/ichac97/Stream0/reg-SR                    0 
02:54:01.177733 /Devices/ichac97/Stream1/reg-CR                    0 
02:54:01.177735 /Devices/ichac97/Stream1/reg-SR                    0 
02:54:01.177737 /Devices/ichac97/Stream2/reg-CR                    0 
02:54:01.177739 /Devices/ichac97/Stream2/reg-SR                    0 
02:54:01.177742 /Devices/ichac97/UnimplementedNabmReads            0 times
02:54:01.177743 /Devices/ichac97/UnimplementedNabmWrites           0 times
02:54:01.177744 /Devices/ichac97/UnimplementedNamReads             0 times
02:54:01.177746 /Devices/ichac97/UnimplementedNamWrites            0 times
02:54:01.177752 /Devices/mc146818/Irq                              0 times
02:54:01.177754 /Devices/mc146818/IrqClear                         0 times
02:54:01.177755 /Devices/mc146818/PiActive                         0 ticks/call (           0 ticks,       0 calls, max         0, min      -1)
02:54:01.177757 /Devices/mc146818/PieFlip                          0 times
02:54:01.177758 /Devices/mc146818/TimerCB                          0 times
02:54:01.177759 /Devices/vga/HgmsiMdaCgaAccesses                   0 times
02:54:01.177761 /Devices/vga/VMSVGA/Cmd/3dActivateSurface          0 times
02:54:01.177762 /Devices/vga/VMSVGA/Cmd/3dBeginQuery               0 times
02:54:01.177764 /Devices/vga/VMSVGA/Cmd/3dBlitSurfaceToScreenProf         0 ticks/call (           0 ticks,       0 calls, max         0, min      -1)
02:54:01.177765 /Devices/vga/VMSVGA/Cmd/3dClear                    0 times
02:54:01.177766 /Devices/vga/VMSVGA/Cmd/3dContextDefine            0 times
02:54:01.177768 /Devices/vga/VMSVGA/Cmd/3dContextDestroy           0 times
02:54:01.177769 /Devices/vga/VMSVGA/Cmd/3dDeactivateSurface         0 times
02:54:01.177770 /Devices/vga/VMSVGA/Cmd/3dDrawPrimitives           0 times
02:54:01.177771 /Devices/vga/VMSVGA/Cmd/3dEndQuery                 0 times
02:54:01.177772 /Devices/vga/VMSVGA/Cmd/3dGenerateMipmaps          0 times
02:54:01.177773 /Devices/vga/VMSVGA/Cmd/3dPresent                  0 times
02:54:01.177775 /Devices/vga/VMSVGA/Cmd/3dPresentReadBack          0 times
02:54:01.177776 /Devices/vga/VMSVGA/Cmd/3dSetClipPlane             0 times
02:54:01.177777 /Devices/vga/VMSVGA/Cmd/3dSetLightData             0 times
02:54:01.177778 /Devices/vga/VMSVGA/Cmd/3dSetLightEnable           0 times
02:54:01.177779 /Devices/vga/VMSVGA/Cmd/3dSetMaterial              0 times
02:54:01.177780 /Devices/vga/VMSVGA/Cmd/3dSetRenderState           0 times
02:54:01.177782 /Devices/vga/VMSVGA/Cmd/3dSetRenderTarget          0 times
02:54:01.177783 /Devices/vga/VMSVGA/Cmd/3dSetScissorRect           0 times
02:54:01.177784 /Devices/vga/VMSVGA/Cmd/3dSetShader                0 times
02:54:01.177785 /Devices/vga/VMSVGA/Cmd/3dSetShaderConst           0 times
02:54:01.177786 /Devices/vga/VMSVGA/Cmd/3dSetTextureState          0 times
02:54:01.177787 /Devices/vga/VMSVGA/Cmd/3dSetTransform             0 times
02:54:01.177788 /Devices/vga/VMSVGA/Cmd/3dSetViewPort              0 times
02:54:01.177790 /Devices/vga/VMSVGA/Cmd/3dSetZRange                0 times
02:54:01.177791 /Devices/vga/VMSVGA/Cmd/3dShaderDefine             0 times
02:54:01.177792 /Devices/vga/VMSVGA/Cmd/3dShaderDestroy            0 times
02:54:01.177793 /Devices/vga/VMSVGA/Cmd/3dSurfaceCopy              0 times
02:54:01.177794 /Devices/vga/VMSVGA/Cmd/3dSurfaceDefine            0 times
02:54:01.177795 /Devices/vga/VMSVGA/Cmd/3dSurfaceDefineV2          0 times
02:54:01.177796 /Devices/vga/VMSVGA/Cmd/3dSurfaceDestroy           0 times
02:54:01.177798 /Devices/vga/VMSVGA/Cmd/3dSurfaceDma               0 times
02:54:01.177799 /Devices/vga/VMSVGA/Cmd/3dSurfaceScreen            0 times
02:54:01.177800 /Devices/vga/VMSVGA/Cmd/3dSurfaceStretchBlt         0 times
02:54:01.177801 /Devices/vga/VMSVGA/Cmd/3dWaitForQuery             0 times
02:54:01.177802 /Devices/vga/VMSVGA/Cmd/AnnotationCopy             0 times
02:54:01.177803 /Devices/vga/VMSVGA/Cmd/AnnotationFill             0 times
02:54:01.177804 /Devices/vga/VMSVGA/Cmd/BlitGmrFbToScreen          0 times
02:54:01.177805 /Devices/vga/VMSVGA/Cmd/BlitScreentoGmrFb          0 times
02:54:01.177807 /Devices/vga/VMSVGA/Cmd/DefineAlphaCursor          0 times
02:54:01.177808 /Devices/vga/VMSVGA/Cmd/DefineCursor               0 times
02:54:01.177809 /Devices/vga/VMSVGA/Cmd/DefineGmr2                 0 times
02:54:01.177810 /Devices/vga/VMSVGA/Cmd/DefineGmr2/Free            0 times
02:54:01.177813 /Devices/vga/VMSVGA/Cmd/DefineGmr2/Modify          0 times
02:54:01.177814 /Devices/vga/VMSVGA/Cmd/DefineGmrFb                0 times
02:54:01.177815 /Devices/vga/VMSVGA/Cmd/DefineScreen               0 times
02:54:01.177817 /Devices/vga/VMSVGA/Cmd/DestroyScreen              0 times
02:54:01.177818 /Devices/vga/VMSVGA/Cmd/DisplayCursor              0 times
02:54:01.177819 /Devices/vga/VMSVGA/Cmd/Escape                     0 times
02:54:01.177820 /Devices/vga/VMSVGA/Cmd/Fence                      0 times
02:54:01.177821 /Devices/vga/VMSVGA/Cmd/InvalidCmd                 0 times
02:54:01.177823 /Devices/vga/VMSVGA/Cmd/MoveCursor                 0 times
02:54:01.177824 /Devices/vga/VMSVGA/Cmd/RectCopy                   0 times
02:54:01.177825 /Devices/vga/VMSVGA/Cmd/RectFill                   0 times
02:54:01.177826 /Devices/vga/VMSVGA/Cmd/RectRopCopy                0 times
02:54:01.177827 /Devices/vga/VMSVGA/Cmd/RemapGmr2                  0 times
02:54:01.177829 /Devices/vga/VMSVGA/Cmd/RemapGmr2/Modify           0 times
02:54:01.177830 /Devices/vga/VMSVGA/Cmd/Update                     0 times
02:54:01.177831 /Devices/vga/VMSVGA/Cmd/UpdateVerbose              0 times
02:54:01.177832 /Devices/vga/VMSVGA/EmtDelayOnBusyFifo             0 ticks/call (           0 ticks,       0 calls, max         0, min      -1)
02:54:01.177834 /Devices/vga/VMSVGA/FifoCommands                   0 times
02:54:01.177835 /Devices/vga/VMSVGA/FifoCursorFetchAgain           0 times
02:54:01.177836 /Devices/vga/VMSVGA/FifoCursorNoChange             0 times
02:54:01.177837 /Devices/vga/VMSVGA/FifoCursorPosition             0 times
02:54:01.177839 /Devices/vga/VMSVGA/FifoCursorVisiblity            0 times
02:54:01.177840 /Devices/vga/VMSVGA/FifoErrors                     0 times
02:54:01.177841 /Devices/vga/VMSVGA/FifoExtendedSleep      48793284002 ticks/call (33277019689477 ticks,     682 calls, max 49008895535, min    6223)
02:54:01.177843 /Devices/vga/VMSVGA/FifoStalls                     0 ticks/call (           0 ticks,       0 calls, max         0, min      -1)
02:54:01.177845 /Devices/vga/VMSVGA/FifoTodoTimeout                0 times
02:54:01.177846 /Devices/vga/VMSVGA/FifoTodoWoken                  0 times
02:54:01.177847 /Devices/vga/VMSVGA/FifoUnknownCommands            0 times
02:54:01.177849 /Devices/vga/VMSVGA/FifoWatchdogWakeUps            0 times
02:54:01.177852 /Devices/vga/VMSVGA/Reg/BitsPerPixelRead           0 times
02:54:01.177853 /Devices/vga/VMSVGA/Reg/BitsPerPixelWrite          0 times
02:54:01.177854 /Devices/vga/VMSVGA/Reg/BlueMaskRead               0 times
02:54:01.177855 /Devices/vga/VMSVGA/Reg/BusyRead                   0 times
02:54:01.177856 /Devices/vga/VMSVGA/Reg/BusyWrite                  0 times
02:54:01.177858 /Devices/vga/VMSVGA/Reg/BytesPerLineRead           0 times
02:54:01.177859 /Devices/vga/VMSVGA/Reg/CapabilitesRead            0 times
02:54:01.177860 /Devices/vga/VMSVGA/Reg/CmdPrependHighRead         0 times
02:54:01.177861 /Devices/vga/VMSVGA/Reg/CmdPrependHighWrite         0 times
02:54:01.177863 /Devices/vga/VMSVGA/Reg/CmdPrependLowRead          0 times
02:54:01.177864 /Devices/vga/VMSVGA/Reg/CmdPrependLowWrite         0 times
02:54:01.177865 /Devices/vga/VMSVGA/Reg/CommandHighRead            0 times
02:54:01.177866 /Devices/vga/VMSVGA/Reg/CommandHighWrite           0 times
02:54:01.177868 /Devices/vga/VMSVGA/Reg/CommandLowRead             0 times
02:54:01.177869 /Devices/vga/VMSVGA/Reg/CommandLowWrite            0 times
02:54:01.177870 /Devices/vga/VMSVGA/Reg/ConfigDoneRead             0 times
02:54:01.177871 /Devices/vga/VMSVGA/Reg/ConfigDoneWrite            0 times
02:54:01.177872 /Devices/vga/VMSVGA/Reg/CursorIdRead               0 times
02:54:01.177874 /Devices/vga/VMSVGA/Reg/CursorIdWrite              0 times
02:54:01.177875 /Devices/vga/VMSVGA/Reg/CursorMobIdWrite           0 times
02:54:01.177876 /Devices/vga/VMSVGA/Reg/CursorOnRead               0 times
02:54:01.177877 /Devices/vga/VMSVGA/Reg/CursorOnWrite              0 times
02:54:01.177878 /Devices/vga/VMSVGA/Reg/CursorXRead                0 times
02:54:01.177882 /Devices/vga/VMSVGA/Reg/CursorXWrite               0 times
02:54:01.177883 /Devices/vga/VMSVGA/Reg/CursorYRead                0 times
02:54:01.177884 /Devices/vga/VMSVGA/Reg/CursorYWrite               0 times
02:54:01.177885 /Devices/vga/VMSVGA/Reg/DepthRead                  0 times
02:54:01.177887 /Devices/vga/VMSVGA/Reg/DepthWrite                 0 times
02:54:01.177888 /Devices/vga/VMSVGA/Reg/DevCapRead                 0 times
02:54:01.177889 /Devices/vga/VMSVGA/Reg/DevCapWrite                0 times
02:54:01.177890 /Devices/vga/VMSVGA/Reg/DisplayHeightRead          0 times
02:54:01.177891 /Devices/vga/VMSVGA/Reg/DisplayHeightWrite         0 times
02:54:01.177893 /Devices/vga/VMSVGA/Reg/DisplayIdRead              0 times
02:54:01.177894 /Devices/vga/VMSVGA/Reg/DisplayIdWrite             0 times
02:54:01.177895 /Devices/vga/VMSVGA/Reg/DisplayIsPrimaryRead         0 times
02:54:01.177896 /Devices/vga/VMSVGA/Reg/DisplayIsPrimaryWrite         0 times
02:54:01.177897 /Devices/vga/VMSVGA/Reg/DisplayPositionXRead         0 times
02:54:01.177898 /Devices/vga/VMSVGA/Reg/DisplayPositionXWrite         0 times
02:54:01.177900 /Devices/vga/VMSVGA/Reg/DisplayPositionYRead         0 times
02:54:01.177901 /Devices/vga/VMSVGA/Reg/DisplayPositionYWrite         0 times
02:54:01.177902 /Devices/vga/VMSVGA/Reg/DisplayWidthRead           0 times
02:54:01.177903 /Devices/vga/VMSVGA/Reg/DisplayWidthWrite          0 times
02:54:01.177904 /Devices/vga/VMSVGA/Reg/EnableRead                 0 times
02:54:01.177905 /Devices/vga/VMSVGA/Reg/EnableWrite                0 times
02:54:01.177907 /Devices/vga/VMSVGA/Reg/FbOffsetRead               0 times
02:54:01.177908 /Devices/vga/VMSVGA/Reg/FbSizeRead                 0 times
02:54:01.177909 /Devices/vga/VMSVGA/Reg/FbStartRead                0 times
02:54:01.177910 /Devices/vga/VMSVGA/Reg/GBMemSizeRead              0 times
02:54:01.177911 /Devices/vga/VMSVGA/Reg/GmrDescriptorWrite         0 times
02:54:01.177913 /Devices/vga/VMSVGA/Reg/GmrDescriptorWrite/Errors         0 times
02:54:01.177914 /Devices/vga/VMSVGA/Reg/GmrDescriptorWrite/Free         0 times
02:54:01.177915 /Devices/vga/VMSVGA/Reg/GmrIdRead                  0 times
02:54:01.177916 /Devices/vga/VMSVGA/Reg/GmrIdWrite                 0 times
02:54:01.177917 /Devices/vga/VMSVGA/Reg/GmrMaxDescriptorLengthRead         0 times
02:54:01.177919 /Devices/vga/VMSVGA/Reg/GmrMaxIdsRead              0 times
02:54:01.177920 /Devices/vga/VMSVGA/Reg/GmrsMaxPagesRead           0 times
02:54:01.177921 /Devices/vga/VMSVGA/Reg/GreenMaskRead              0 times
02:54:01.177922 /Devices/vga/VMSVGA/Reg/GuestIdRead                0 times
02:54:01.177924 /Devices/vga/VMSVGA/Reg/GuestIdWrite               0 times
02:54:01.177925 /Devices/vga/VMSVGA/Reg/HeightRead                 0 times
02:54:01.177926 /Devices/vga/VMSVGA/Reg/HeightWrite                0 times
02:54:01.177927 /Devices/vga/VMSVGA/Reg/HostBitsPerPixelRead         0 times
02:54:01.177928 /Devices/vga/VMSVGA/Reg/IdRead                     0 times
02:54:01.177930 /Devices/vga/VMSVGA/Reg/IdWrite                    0 times
02:54:01.177931 /Devices/vga/VMSVGA/Reg/IrqMaskRead                0 times
02:54:01.177932 /Devices/vga/VMSVGA/Reg/IrqMaskWrite               0 times
02:54:01.177934 /Devices/vga/VMSVGA/Reg/MaxHeightRead              0 times
02:54:01.177935 /Devices/vga/VMSVGA/Reg/MaxPrimBBMemRead           0 times
02:54:01.177936 /Devices/vga/VMSVGA/Reg/MaxWidthRead               0 times
02:54:01.177937 /Devices/vga/VMSVGA/Reg/MemRegsRead                0 times
02:54:01.177938 /Devices/vga/VMSVGA/Reg/MemSizeRead                0 times
02:54:01.177940 /Devices/vga/VMSVGA/Reg/MemStartRead               0 times
02:54:01.177941 /Devices/vga/VMSVGA/Reg/MemorySizeRead             0 times
02:54:01.177942 /Devices/vga/VMSVGA/Reg/MobMaxSizeRead             0 times
02:54:01.177943 /Devices/vga/VMSVGA/Reg/NumDisplaysRead            0 times
02:54:01.177945 /Devices/vga/VMSVGA/Reg/NumDisplaysWrite           0 times
02:54:01.177946 /Devices/vga/VMSVGA/Reg/NumGuestDisplaysRead         0 times
02:54:01.177959 /Devices/vga/VMSVGA/Reg/NumGuestDisplaysWrite         0 times
02:54:01.177960 /Devices/vga/VMSVGA/Reg/PaletteRead                0 times
02:54:01.177962 /Devices/vga/VMSVGA/Reg/PaletteWrite               0 times
02:54:01.177963 /Devices/vga/VMSVGA/Reg/PitchLockRead              0 times
02:54:01.177964 /Devices/vga/VMSVGA/Reg/PitchLockWrite             0 times
02:54:01.177965 /Devices/vga/VMSVGA/Reg/PseudoColorWrite           0 times
02:54:01.177966 /Devices/vga/VMSVGA/Reg/PsuedoColorRead            0 times
02:54:01.177968 /Devices/vga/VMSVGA/Reg/ReadOnlyWrite              0 times
02:54:01.177969 /Devices/vga/VMSVGA/Reg/RedMaskRead                0 times
02:54:01.177970 /Devices/vga/VMSVGA/Reg/ScratchRead                0 times
02:54:01.177971 /Devices/vga/VMSVGA/Reg/ScratchSizeRead            0 times
02:54:01.177972 /Devices/vga/VMSVGA/Reg/ScratchWrite               0 times
02:54:01.177974 /Devices/vga/VMSVGA/Reg/ScrnTgtMaxHeightRead         0 times
02:54:01.177975 /Devices/vga/VMSVGA/Reg/ScrnTgtMaxWidthRead         0 times
02:54:01.177976 /Devices/vga/VMSVGA/Reg/SyncRead                   0 times
02:54:01.177977 /Devices/vga/VMSVGA/Reg/SyncWrite                  0 times
02:54:01.177978 /Devices/vga/VMSVGA/Reg/TopRead                    0 times
02:54:01.177979 /Devices/vga/VMSVGA/Reg/TopWrite                   0 times
02:54:01.177981 /Devices/vga/VMSVGA/Reg/TracesRead                 0 times
02:54:01.177982 /Devices/vga/VMSVGA/Reg/TracesWrite                0 times
02:54:01.177983 /Devices/vga/VMSVGA/Reg/UnknownRead                0 times
02:54:01.177984 /Devices/vga/VMSVGA/Reg/UnknownWrite               0 times
02:54:01.177985 /Devices/vga/VMSVGA/Reg/VramSizeRead               0 times
02:54:01.177986 /Devices/vga/VMSVGA/Reg/WidthRead                  0 times
02:54:01.177988 /Devices/vga/VMSVGA/Reg/WidthWrite                 0 times
02:54:01.177989 /Devices/vga/VMSVGA/Reg/WriteOnlyRead              0 times
02:54:01.177990 /Drivers/AUDIO-0/TotalStreamsCreated               0 count
02:54:01.177991 /Drivers/AUDIO-1/TotalStreamsCreated               0 count
02:54:01.177993 /Drivers/AUDIO-2/TotalStreamsCreated               0 count
02:54:01.177994 /Drivers/IntNet-0/BadFrames                        0 count
02:54:01.177995 /Drivers/IntNet-0/Bytes/Received              230981 bytes
02:54:01.177997 /Drivers/IntNet-0/Bytes/Sent                   17628 bytes
02:54:01.177998 /Drivers/IntNet-0/Overflows/Recv                   0 count
02:54:01.177999 /Drivers/IntNet-0/Overflows/Sent                   0 count
02:54:01.178001 /Drivers/IntNet-0/Packets/Lost                     0 count
02:54:01.178002 /Drivers/IntNet-0/Packets/Received              1182 count
02:54:01.178003 /Drivers/IntNet-0/Packets/Received-Gso             0 count
02:54:01.178004 /Drivers/IntNet-0/Packets/Sent                    84 count
02:54:01.178006 /Drivers/IntNet-0/Packets/Sent-Gso                 0 count
02:54:01.178007 /Drivers/IntNet-0/Packets/Sent-R0                  0 count
02:54:01.178008 /Drivers/IntNet-0/Recv1                            0 ticks/call (           0 ticks,       0 calls, max         0, min      -1)
02:54:01.178010 /Drivers/IntNet-0/Recv2                            0 ticks/call (           0 ticks,       0 calls, max         0, min      -1)
02:54:01.178012 /Drivers/IntNet-0/Reserved                         0 ticks/call (           0 ticks,       0 calls, max         0, min      -1)
02:54:01.178013 /Drivers/IntNet-0/Send1                        63962 ticks/call (     5372840 ticks,      84 calls, max    137282, min    3822)
02:54:01.178015 /Drivers/IntNet-0/Send2                        51325 ticks/call (     4208656 ticks,      82 calls, max    132495, min    8167)
02:54:01.178017 /Drivers/IntNet-0/XmitProcessRing                  0 count
02:54:01.178018 /Drivers/IntNet-0/XmitWakeup-R0                    0 count
02:54:01.178019 /Drivers/IntNet-0/XmitWakeup-R3                    0 count
02:54:01.178021 /Drivers/IntNet-0/YieldNok                         0 count
02:54:01.178022 /Drivers/IntNet-0/YieldOk                          0 count
02:54:01.178028 /EM/CPU0/ExitHashing/Used                          0 times
02:54:01.178029 /EM/CPU0/ExitOpt/Exec                              0 ticks/call (           0 ticks,       0 calls, max         0, min      -1)
02:54:01.178031 /EM/CPU0/ExitOpt/ExecInstructions                  0 times
02:54:01.178032 /EM/CPU0/ExitOpt/ExecRetReasonForcedFlag           0 times
02:54:01.178033 /EM/CPU0/ExitOpt/ExecRetReasonHostInterrupt         0 times
02:54:01.178035 /EM/CPU0/ExitOpt/ExecRetReasonLongJump             0 times
02:54:01.178036 /EM/CPU0/ExitOpt/ExecRetReasonMaxDistance          0 times
02:54:01.178037 /EM/CPU0/ExitOpt/ExecRetReasonMaxInstructions         0 times
02:54:01.178038 /EM/CPU0/ExitOpt/ExecRetReasonNormal               0 times
02:54:01.178039 /EM/CPU0/ExitOpt/ExecRetReasonTimer                0 times
02:54:01.178041 /EM/CPU0/ExitOpt/ExecSavedExit                     0 times
02:54:01.178042 /EM/CPU0/ExitOpt/Probe                             0 ticks/call (           0 ticks,       0 calls, max         0, min      -1)
02:54:01.178043 /EM/CPU0/ExitOpt/ProbeInstructions                 0 times
02:54:01.178045 /EM/CPU0/ExitOpt/ProbedExecWithMax                 0 times
02:54:01.178046 /EM/CPU0/ExitOpt/ProbedNormal                      0 times
02:54:01.178047 /EM/CPU0/ExitOpt/ProbedToRing3                     0 times
02:54:01.178051 /EM/CPU1/ExitHashing/Used                          0 times
02:54:01.178052 /EM/CPU1/ExitOpt/Exec                              0 ticks/call (           0 ticks,       0 calls, max         0, min      -1)
02:54:01.178054 /EM/CPU1/ExitOpt/ExecInstructions                  0 times
02:54:01.178055 /EM/CPU1/ExitOpt/ExecRetReasonForcedFlag           0 times
02:54:01.178057 /EM/CPU1/ExitOpt/ExecRetReasonHostInterrupt         0 times
02:54:01.178058 /EM/CPU1/ExitOpt/ExecRetReasonLongJump             0 times
02:54:01.178059 /EM/CPU1/ExitOpt/ExecRetReasonMaxDistance          0 times
02:54:01.178060 /EM/CPU1/ExitOpt/ExecRetReasonMaxInstructions         0 times
02:54:01.178061 /EM/CPU1/ExitOpt/ExecRetReasonNormal               0 times
02:54:01.178062 /EM/CPU1/ExitOpt/ExecRetReasonTimer                0 times
02:54:01.178063 /EM/CPU1/ExitOpt/ExecSavedExit                     0 times
02:54:01.178065 /EM/CPU1/ExitOpt/Probe                             0 ticks/call (           0 ticks,       0 calls, max         0, min      -1)
02:54:01.178066 /EM/CPU1/ExitOpt/ProbeInstructions                 0 times
02:54:01.178068 /EM/CPU1/ExitOpt/ProbedExecWithMax                 0 times
02:54:01.178069 /EM/CPU1/ExitOpt/ProbedNormal                      0 times
02:54:01.178070 /EM/CPU1/ExitOpt/ProbedToRing3                     0 times
02:54:01.178072 /GIM/Hypercalls                                    2 times
02:54:01.178073 /GMM/ChunkTlbHits                                  0 times
02:54:01.178074 /GMM/ChunkTlbMisses                                0 times
02:54:01.178086 /GMM/VM/Allocated/cBasePages                  161831 pages
02:54:01.178088 /GMM/VM/Allocated/cFixedPages                      0 pages
02:54:01.178089 /GMM/VM/Allocated/cShadowPages                     0 pages
02:54:01.178091 /GMM/VM/Reserved/cBasePages                   524391 pages
02:54:01.178092 /GMM/VM/Reserved/cFixedPages                    5636 pages
02:54:01.178093 /GMM/VM/Reserved/cShadowPages                      1 pages
02:54:01.178095 /GMM/VM/cBalloonedPages                            0 pages
02:54:01.178096 /GMM/VM/cMaxBalloonedPages                         0 pages
02:54:01.178097 /GMM/VM/cPrivatePages                         161831 pages
02:54:01.178099 /GMM/VM/cReqActuallyBalloonedPages                 0 pages
02:54:01.178100 /GMM/VM/cReqBalloonedPages                         0 pages
02:54:01.178101 /GMM/VM/cReqDeflatePages                           0 pages
02:54:01.178102 /GMM/VM/cShareableModules                          0 count
02:54:01.178104 /GMM/VM/cSharedPages                               0 pages
02:54:01.178105 /GMM/VM/enmPolicy                                  1 
02:54:01.178106 /GMM/VM/enmPriority                                2 
02:54:01.178110 /GMM/VM/fBallooningEnabled                 false    
02:54:01.178112 /GMM/VM/fMayAllocate                       true     
02:54:01.178113 /GMM/VM/fSharedPagingEnabled               false    
02:54:01.178114 /GMM/cAllocatedPages                          323150 pages
02:54:01.178115 /GMM/cBalloonedPages                               0 pages
02:54:01.178117 /GMM/cChunks                                     655 count
02:54:01.178118 /GMM/cDuplicatePages                               0 pages
02:54:01.178120 /GMM/cFreedChunks                                  0 count
02:54:01.178121 /GMM/cLeftBehindSharedPages                        0 pages
02:54:01.178122 /GMM/cMaxPages                             4294967295 pages
02:54:01.178124 /GMM/cOverCommittedPages                           0 pages
02:54:01.178125 /GMM/cReservedPages                          1060056 pages
02:54:01.178127 /GMM/cShareableModules                             0 count
02:54:01.178128 /GMM/cSharedPages                                  0 pages
02:54:01.178129 /GMM/idFreeGeneration                      4611686018427387775 
02:54:01.178203 /GVMM/EMTs                                         4 count
02:54:01.178205 /GVMM/HostCPUs                                    24 count
02:54:01.178207 /GVMM/HostCpus/0                                   0 
02:54:01.178208 /GVMM/HostCpus/0/CurTimerHz                        0 Hz
02:54:01.178210 /GVMM/HostCpus/0/DesiredHz                         0 Hz
02:54:01.178211 /GVMM/HostCpus/0/PPTChanges                        0 times
02:54:01.178212 /GVMM/HostCpus/0/PPTStarts                         0 times
02:54:01.178214 /GVMM/HostCpus/0/idxCpuSet                         0 
02:54:01.178215 /GVMM/HostCpus/1                                   1 
02:54:01.178216 /GVMM/HostCpus/1/CurTimerHz                        0 Hz
02:54:01.178217 /GVMM/HostCpus/1/DesiredHz                         0 Hz
02:54:01.178219 /GVMM/HostCpus/1/PPTChanges                        0 times
02:54:01.178220 /GVMM/HostCpus/1/PPTStarts                         0 times
02:54:01.178221 /GVMM/HostCpus/1/idxCpuSet                         1 
02:54:01.178222 /GVMM/HostCpus/10                                 10 
02:54:01.178224 /GVMM/HostCpus/10/CurTimerHz                       0 Hz
02:54:01.178225 /GVMM/HostCpus/10/DesiredHz                        0 Hz
02:54:01.178226 /GVMM/HostCpus/10/PPTChanges                       0 times
02:54:01.178228 /GVMM/HostCpus/10/PPTStarts                        0 times
02:54:01.178229 /GVMM/HostCpus/10/idxCpuSet                       10 
02:54:01.178230 /GVMM/HostCpus/11                                 11 
02:54:01.178231 /GVMM/HostCpus/11/CurTimerHz                       0 Hz
02:54:01.178233 /GVMM/HostCpus/11/DesiredHz                        0 Hz
02:54:01.178234 /GVMM/HostCpus/11/PPTChanges                       0 times
02:54:01.178235 /GVMM/HostCpus/11/PPTStarts                        0 times
02:54:01.178236 /GVMM/HostCpus/11/idxCpuSet                       11 
02:54:01.178238 /GVMM/HostCpus/12                                 12 
02:54:01.178239 /GVMM/HostCpus/12/CurTimerHz                       0 Hz
02:54:01.178240 /GVMM/HostCpus/12/DesiredHz                        0 Hz
02:54:01.178241 /GVMM/HostCpus/12/PPTChanges                       0 times
02:54:01.178243 /GVMM/HostCpus/12/PPTStarts                        0 times
02:54:01.178244 /GVMM/HostCpus/12/idxCpuSet                       12 
02:54:01.178245 /GVMM/HostCpus/13                                 13 
02:54:01.178246 /GVMM/HostCpus/13/CurTimerHz                       0 Hz
02:54:01.178248 /GVMM/HostCpus/13/DesiredHz                        0 Hz
02:54:01.178249 /GVMM/HostCpus/13/PPTChanges                       0 times
02:54:01.178250 /GVMM/HostCpus/13/PPTStarts                        0 times
02:54:01.178251 /GVMM/HostCpus/13/idxCpuSet                       13 
02:54:01.178253 /GVMM/HostCpus/14                                 14 
02:54:01.178254 /GVMM/HostCpus/14/CurTimerHz                       0 Hz
02:54:01.178255 /GVMM/HostCpus/14/DesiredHz                        0 Hz
02:54:01.178259 /GVMM/HostCpus/14/PPTChanges                       0 times
02:54:01.178260 /GVMM/HostCpus/14/PPTStarts                        0 times
02:54:01.178262 /GVMM/HostCpus/14/idxCpuSet                       14 
02:54:01.178263 /GVMM/HostCpus/15                                 15 
02:54:01.178264 /GVMM/HostCpus/15/CurTimerHz                       0 Hz
02:54:01.178265 /GVMM/HostCpus/15/DesiredHz                        0 Hz
02:54:01.178267 /GVMM/HostCpus/15/PPTChanges                       0 times
02:54:01.178268 /GVMM/HostCpus/15/PPTStarts                        0 times
02:54:01.178269 /GVMM/HostCpus/15/idxCpuSet                       15 
02:54:01.178270 /GVMM/HostCpus/16                                 16 
02:54:01.178272 /GVMM/HostCpus/16/CurTimerHz                       0 Hz
02:54:01.178273 /GVMM/HostCpus/16/DesiredHz                        0 Hz
02:54:01.178274 /GVMM/HostCpus/16/PPTChanges                       0 times
02:54:01.178275 /GVMM/HostCpus/16/PPTStarts                        0 times
02:54:01.178276 /GVMM/HostCpus/16/idxCpuSet                       16 
02:54:01.178278 /GVMM/HostCpus/17                                 17 
02:54:01.178279 /GVMM/HostCpus/17/CurTimerHz                       0 Hz
02:54:01.178280 /GVMM/HostCpus/17/DesiredHz                        0 Hz
02:54:01.178282 /GVMM/HostCpus/17/PPTChanges                       0 times
02:54:01.178283 /GVMM/HostCpus/17/PPTStarts                        0 times
02:54:01.178284 /GVMM/HostCpus/17/idxCpuSet                       17 
02:54:01.178285 /GVMM/HostCpus/18                                 18 
02:54:01.178287 /GVMM/HostCpus/18/CurTimerHz                       0 Hz
02:54:01.178288 /GVMM/HostCpus/18/DesiredHz                        0 Hz
02:54:01.178289 /GVMM/HostCpus/18/PPTChanges                       0 times
02:54:01.178290 /GVMM/HostCpus/18/PPTStarts                        0 times
02:54:01.178291 /GVMM/HostCpus/18/idxCpuSet                       18 
02:54:01.178293 /GVMM/HostCpus/19                                 19 
02:54:01.178294 /GVMM/HostCpus/19/CurTimerHz                       0 Hz
02:54:01.178295 /GVMM/HostCpus/19/DesiredHz                        0 Hz
02:54:01.178296 /GVMM/HostCpus/19/PPTChanges                       0 times
02:54:01.178298 /GVMM/HostCpus/19/PPTStarts                        0 times
02:54:01.178299 /GVMM/HostCpus/19/idxCpuSet                       19 
02:54:01.178300 /GVMM/HostCpus/2                                   2 
02:54:01.178301 /GVMM/HostCpus/2/CurTimerHz                        0 Hz
02:54:01.178303 /GVMM/HostCpus/2/DesiredHz                         0 Hz
02:54:01.178304 /GVMM/HostCpus/2/PPTChanges                        0 times
02:54:01.178305 /GVMM/HostCpus/2/PPTStarts                         0 times
02:54:01.178306 /GVMM/HostCpus/2/idxCpuSet                         2 
02:54:01.178308 /GVMM/HostCpus/20                                 20 
02:54:01.178309 /GVMM/HostCpus/20/CurTimerHz                       0 Hz
02:54:01.178310 /GVMM/HostCpus/20/DesiredHz                        0 Hz
02:54:01.178311 /GVMM/HostCpus/20/PPTChanges                       0 times
02:54:01.178313 /GVMM/HostCpus/20/PPTStarts                        0 times
02:54:01.178314 /GVMM/HostCpus/20/idxCpuSet                       20 
02:54:01.178315 /GVMM/HostCpus/21                                 21 
02:54:01.178316 /GVMM/HostCpus/21/CurTimerHz                       0 Hz
02:54:01.178318 /GVMM/HostCpus/21/DesiredHz                        0 Hz
02:54:01.178319 /GVMM/HostCpus/21/PPTChanges                       0 times
02:54:01.178320 /GVMM/HostCpus/21/PPTStarts                        0 times
02:54:01.178321 /GVMM/HostCpus/21/idxCpuSet                       21 
02:54:01.178322 /GVMM/HostCpus/22                                 22 
02:54:01.178324 /GVMM/HostCpus/22/CurTimerHz                       0 Hz
02:54:01.178325 /GVMM/HostCpus/22/DesiredHz                        0 Hz
02:54:01.178326 /GVMM/HostCpus/22/PPTChanges                       0 times
02:54:01.178328 /GVMM/HostCpus/22/PPTStarts                        0 times
02:54:01.178330 /GVMM/HostCpus/22/idxCpuSet                       22 
02:54:01.178332 /GVMM/HostCpus/23                                 23 
02:54:01.178333 /GVMM/HostCpus/23/CurTimerHz                       0 Hz
02:54:01.178334 /GVMM/HostCpus/23/DesiredHz                        0 Hz
02:54:01.178336 /GVMM/HostCpus/23/PPTChanges                       0 times
02:54:01.178337 /GVMM/HostCpus/23/PPTStarts                        0 times
02:54:01.178338 /GVMM/HostCpus/23/idxCpuSet                       23 
02:54:01.178356 /GVMM/HostCpus/3                                   3 
02:54:01.178363 /GVMM/HostCpus/3/CurTimerHz                        0 Hz
02:54:01.178365 /GVMM/HostCpus/3/DesiredHz                         0 Hz
02:54:01.178366 /GVMM/HostCpus/3/PPTChanges                        0 times
02:54:01.178367 /GVMM/HostCpus/3/PPTStarts                         0 times
02:54:01.178368 /GVMM/HostCpus/3/idxCpuSet                         3 
02:54:01.178370 /GVMM/HostCpus/4                                   4 
02:54:01.178371 /GVMM/HostCpus/4/CurTimerHz                        0 Hz
02:54:01.178372 /GVMM/HostCpus/4/DesiredHz                         0 Hz
02:54:01.178373 /GVMM/HostCpus/4/PPTChanges                        0 times
02:54:01.178375 /GVMM/HostCpus/4/PPTStarts                         0 times
02:54:01.178376 /GVMM/HostCpus/4/idxCpuSet                         4 
02:54:01.178377 /GVMM/HostCpus/5                                   5 
02:54:01.178378 /GVMM/HostCpus/5/CurTimerHz                        0 Hz
02:54:01.178380 /GVMM/HostCpus/5/DesiredHz                         0 Hz
02:54:01.178381 /GVMM/HostCpus/5/PPTChanges                        0 times
02:54:01.178382 /GVMM/HostCpus/5/PPTStarts                         0 times
02:54:01.178383 /GVMM/HostCpus/5/idxCpuSet                         5 
02:54:01.178385 /GVMM/HostCpus/6                                   6 
02:54:01.178386 /GVMM/HostCpus/6/CurTimerHz                        0 Hz
02:54:01.178387 /GVMM/HostCpus/6/DesiredHz                         0 Hz
02:54:01.178389 /GVMM/HostCpus/6/PPTChanges                        0 times
02:54:01.178390 /GVMM/HostCpus/6/PPTStarts                         0 times
02:54:01.178391 /GVMM/HostCpus/6/idxCpuSet                         6 
02:54:01.178392 /GVMM/HostCpus/7                                   7 
02:54:01.178394 /GVMM/HostCpus/7/CurTimerHz                        0 Hz
02:54:01.178395 /GVMM/HostCpus/7/DesiredHz                         0 Hz
02:54:01.178396 /GVMM/HostCpus/7/PPTChanges                        0 times
02:54:01.178397 /GVMM/HostCpus/7/PPTStarts                         0 times
02:54:01.178399 /GVMM/HostCpus/7/idxCpuSet                         7 
02:54:01.178400 /GVMM/HostCpus/8                                   8 
02:54:01.178401 /GVMM/HostCpus/8/CurTimerHz                        0 Hz
02:54:01.178402 /GVMM/HostCpus/8/DesiredHz                         0 Hz
02:54:01.178404 /GVMM/HostCpus/8/PPTChanges                        0 times
02:54:01.178405 /GVMM/HostCpus/8/PPTStarts                         0 times
02:54:01.178406 /GVMM/HostCpus/8/idxCpuSet                         8 
02:54:01.178407 /GVMM/HostCpus/9                                   9 
02:54:01.178409 /GVMM/HostCpus/9/CurTimerHz                        0 Hz
02:54:01.178410 /GVMM/HostCpus/9/DesiredHz                         0 Hz
02:54:01.178411 /GVMM/HostCpus/9/PPTChanges                        0 times
02:54:01.178412 /GVMM/HostCpus/9/PPTStarts                         0 times
02:54:01.178414 /GVMM/HostCpus/9/idxCpuSet                         9 
02:54:01.178415 /GVMM/Sum/HaltBlocking                       2318165 calls
02:54:01.178417 /GVMM/Sum/HaltCalls                          2318730 calls
02:54:01.178418 /GVMM/Sum/HaltNotBlocking                        674 calls
02:54:01.178419 /GVMM/Sum/HaltTimeouts                       1574239 calls
02:54:01.178421 /GVMM/Sum/HaltWakeUps                              0 calls
02:54:01.178422 /GVMM/Sum/PokeCalls                           127241 calls
02:54:01.178424 /GVMM/Sum/PokeNotBusy                           4045 calls
02:54:01.178425 /GVMM/Sum/PollCalls                                0 calls
02:54:01.178428 /GVMM/Sum/PollHalts                                0 calls
02:54:01.178430 /GVMM/Sum/PollWakeUps                              0 calls
02:54:01.178431 /GVMM/Sum/WakeUpCalls                         744716 calls
02:54:01.178432 /GVMM/Sum/WakeUpNotHalted                       6849 calls
02:54:01.178434 /GVMM/Sum/WakeUpWakeUps                            0 calls
02:54:01.178435 /GVMM/VCpus/0/Start                                0 ticks/call (           0 ticks,       0 calls, max         0, min       0)
02:54:01.178437 /GVMM/VCpus/0/Stop                                 0 ticks/call (           0 ticks,       0 calls, max         0, min       0)
02:54:01.178439 /GVMM/VCpus/0/cWakeUpTimerCanceled                 0 times
02:54:01.178440 /GVMM/VCpus/0/cWakeUpTimerHits                     0 times
02:54:01.178441 /GVMM/VCpus/0/cWakeUpTimerMisses                   0 times
02:54:01.178442 /GVMM/VCpus/0/cWakeUpTimerSameCpu                  0 times
02:54:01.178444 /GVMM/VCpus/1/Start                                0 ticks/call (           0 ticks,       0 calls, max         0, min       0)
02:54:01.178446 /GVMM/VCpus/1/Stop                                 0 ticks/call (           0 ticks,       0 calls, max         0, min       0)
02:54:01.178447 /GVMM/VCpus/1/cWakeUpTimerCanceled                 0 times
02:54:01.178448 /GVMM/VCpus/1/cWakeUpTimerHits                     0 times
02:54:01.178450 /GVMM/VCpus/1/cWakeUpTimerMisses                   0 times
02:54:01.178451 /GVMM/VCpus/1/cWakeUpTimerSameCpu                  0 times
02:54:01.178452 /GVMM/VM/HaltBlocking                        1156783 calls
02:54:01.178454 /GVMM/VM/HaltCalls                           1157058 calls
02:54:01.178455 /GVMM/VM/HaltNotBlocking                         322 calls
02:54:01.178456 /GVMM/VM/HaltTimeouts                         772425 calls
02:54:01.178458 /GVMM/VM/HaltWakeUps                               0 calls
02:54:01.178459 /GVMM/VM/PokeCalls                             63277 calls
02:54:01.178460 /GVMM/VM/PokeNotBusy                            1924 calls
02:54:01.178462 /GVMM/VM/PollCalls                                 0 calls
02:54:01.178463 /GVMM/VM/PollHalts                                 0 calls
02:54:01.178464 /GVMM/VM/PollWakeUps                               0 calls
02:54:01.178466 /GVMM/VM/WakeUpCalls                          384931 calls
02:54:01.178467 /GVMM/VM/WakeUpNotHalted                        3811 calls
02:54:01.178468 /GVMM/VM/WakeUpWakeUps                             0 calls
02:54:01.178470 /GVMM/VMs                                          2 count
02:54:01.178471 /HGCM/FailedPageListLocking                        0 count
02:54:01.178473 /HGCM/LargeCmdAllocs                               0 count
02:54:01.178474 /HGCM/MsgArrival                                   0 ticks/call (           0 ticks,       0 calls, max         0, min      -1)
02:54:01.178476 /HGCM/MsgCompletion                                0 ticks/call (           0 ticks,       0 calls, max         0, min      -1)
02:54:01.178477 /HGCM/MsgTotal                                     0 ticks/call (           0 ticks,       0 calls, max         0, min      -1)
02:54:01.178479 /HM/CPU0/Exit/HostNmiInGC                          2 times
02:54:01.178481 /HM/CPU0/Exit/HostNmiInGCIpi                       0 times
02:54:01.178482 /HM/CPU0/Exit/PreemptTimer                     64769 times
02:54:01.178483 /HM/CPU0/Exit/Trap/Gst/#AC                         0 times
02:54:01.178485 /HM/CPU0/Exit/Trap/Gst/#AC-split-lock              0 times
02:54:01.178486 /HM/CPU0/ImportGuestStateFallback                 84 times
02:54:01.178487 /HM/CPU0/PreemptTimer                          64769 times
02:54:01.178489 /HM/CPU0/PreemptTimer/RecalcingDeadline       301189 times
02:54:01.178490 /HM/CPU0/PreemptTimer/RecalcingDeadlineExpired     11061 times
02:54:01.178491 /HM/CPU0/PreemptTimer/ReusingDeadline        1022298 times
02:54:01.178493 /HM/CPU0/PreemptTimer/ReusingDeadlineExpired     77697 times
02:54:01.178494 /HM/CPU0/ReadToTransientFallback                   0 times
02:54:01.178497 /HM/CPU0/Switch/Preempting                      2409 times
02:54:01.178498 /HM/CPU1/Exit/HostNmiInGC                          4 times
02:54:01.178500 /HM/CPU1/Exit/HostNmiInGCIpi                       0 times
02:54:01.178501 /HM/CPU1/Exit/PreemptTimer                     13605 times
02:54:01.178502 /HM/CPU1/Exit/Trap/Gst/#AC                         0 times
02:54:01.178504 /HM/CPU1/Exit/Trap/Gst/#AC-split-lock              0 times
02:54:01.178505 /HM/CPU1/ImportGuestStateFallback                114 times
02:54:01.178506 /HM/CPU1/PreemptTimer                          13605 times
02:54:01.178508 /HM/CPU1/PreemptTimer/RecalcingDeadline       312285 times
02:54:01.178509 /HM/CPU1/PreemptTimer/RecalcingDeadlineExpired      4428 times
02:54:01.178510 /HM/CPU1/PreemptTimer/ReusingDeadline         451492 times
02:54:01.178511 /HM/CPU1/PreemptTimer/ReusingDeadlineExpired      8245 times
02:54:01.178512 /HM/CPU1/ReadToTransientFallback                   0 times
02:54:01.178514 /HM/CPU1/Switch/Preempting                      2582 times
02:54:01.178516 /IEM/CPU0/Exceptions/0d                            1 times
02:54:01.178522 /IEM/CPU0/Tlb/Code/InvlPg                          0 
02:54:01.178523 /IEM/CPU0/Tlb/Code/InvlPg/LargeGlobal              0 
02:54:01.178524 /IEM/CPU0/Tlb/Code/InvlPg/LargeNonGlobal           0 
02:54:01.178525 /IEM/CPU0/Tlb/Code/LargePageGlobalCurLoads         0 count
02:54:01.178527 /IEM/CPU0/Tlb/Code/LargePageGlobalFirstTag ffffffffffffffff count
02:54:01.178528 /IEM/CPU0/Tlb/Code/LargePageGlobalLastTag          0 count
02:54:01.178530 /IEM/CPU0/Tlb/Code/LargePageNonGlobalCurLoads         0 count
02:54:01.178531 /IEM/CPU0/Tlb/Code/LargePageNonGlobalFirstTag ffffffffffffffff count
02:54:01.178532 /IEM/CPU0/Tlb/Code/LargePageNonGlobalLastTag         0 count
02:54:01.178533 /IEM/CPU0/Tlb/Code/Misses                          0 count
02:54:01.178534 /IEM/CPU0/Tlb/Code/Misses/GlobalLoads              0 count
02:54:01.178536 /IEM/CPU0/Tlb/Code/PhysicalRevision        fffffffffffce000 
02:54:01.178537 /IEM/CPU0/Tlb/Code/PhysicalRevisionFlushes         0 
02:54:01.178538 /IEM/CPU0/Tlb/Code/PhysicalRevisionRollovers         0 
02:54:01.178539 /IEM/CPU0/Tlb/Code/RevisionGlobal          fffff38000000000 
02:54:01.178541 /IEM/CPU0/Tlb/Code/RevisionGlobalFlushes           0 
02:54:01.178542 /IEM/CPU0/Tlb/Code/RevisionNonGlobal       fffff38000000000 
02:54:01.178543 /IEM/CPU0/Tlb/Code/RevisionNonGlobalFlushes         0 
02:54:01.178544 /IEM/CPU0/Tlb/Code/RevisionRollovers               0 
02:54:01.178546 /IEM/CPU0/Tlb/Code/SlowReads                       0 count
02:54:01.178547 /IEM/CPU0/Tlb/Data/InvlPg                          0 
02:54:01.178548 /IEM/CPU0/Tlb/Data/InvlPg/LargeGlobal              0 
02:54:01.178549 /IEM/CPU0/Tlb/Data/InvlPg/LargeNonGlobal           0 
02:54:01.178550 /IEM/CPU0/Tlb/Data/LargePageGlobalCurLoads         0 count
02:54:01.178552 /IEM/CPU0/Tlb/Data/LargePageGlobalFirstTag ffffffffffffffff count
02:54:01.178553 /IEM/CPU0/Tlb/Data/LargePageGlobalLastTag          0 count
02:54:01.178554 /IEM/CPU0/Tlb/Data/LargePageNonGlobalCurLoads         0 count
02:54:01.178555 /IEM/CPU0/Tlb/Data/LargePageNonGlobalFirstTag ffffffffffffffff count
02:54:01.178556 /IEM/CPU0/Tlb/Data/LargePageNonGlobalLastTag         0 count
02:54:01.178558 /IEM/CPU0/Tlb/Data/Misses                          0 count
02:54:01.178559 /IEM/CPU0/Tlb/Data/Misses/Core                     0 count
02:54:01.178560 /IEM/CPU0/Tlb/Data/Misses/Core/GlobalLoads         0 count
02:54:01.178561 /IEM/CPU0/Tlb/Data/Misses/Safe                     0 count
02:54:01.178563 /IEM/CPU0/Tlb/Data/Misses/Safe/Reads               0 count
02:54:01.178564 /IEM/CPU0/Tlb/Data/Misses/Safe/SubPartHits         0 count
02:54:01.178565 /IEM/CPU0/Tlb/Data/Misses/Safe/SubPartMisses         0 count
02:54:01.178566 /IEM/CPU0/Tlb/Data/Misses/Safe/SubPartMisses/GlobalLoads         0 count
02:54:01.178567 /IEM/CPU0/Tlb/Data/Misses/Safe/Writes              0 count
02:54:01.178568 /IEM/CPU0/Tlb/Data/PhysicalRevision        fffffffffffce000 
02:54:01.178571 /IEM/CPU0/Tlb/Data/PhysicalRevisionFlushes         0 
02:54:01.178572 /IEM/CPU0/Tlb/Data/PhysicalRevisionRollovers         0 
02:54:01.178574 /IEM/CPU0/Tlb/Data/RevisionGlobal          fffff38000000000 
02:54:01.178575 /IEM/CPU0/Tlb/Data/RevisionGlobalFlushes           0 
02:54:01.178576 /IEM/CPU0/Tlb/Data/RevisionNonGlobal       fffff38000000000 
02:54:01.178577 /IEM/CPU0/Tlb/Data/RevisionNonGlobalFlushes         0 
02:54:01.178578 /IEM/CPU0/Tlb/Data/RevisionRollovers               0 
02:54:01.178580 /IEM/CPU0/cInstructions                      2341673 count
02:54:01.178581 /IEM/CPU0/cLongJumps                            4210 bytes
02:54:01.178583 /IEM/CPU0/cMisalignedAtomics                       0 count
02:54:01.178584 /IEM/CPU0/cPendingCommit                           0 count
02:54:01.178585 /IEM/CPU0/cPotentialExits                       4405 count
02:54:01.178586 /IEM/CPU0/cRetAspectNotImplemented                 0 count
02:54:01.178588 /IEM/CPU0/cRetErrStatuses                          0 count
02:54:01.178589 /IEM/CPU0/cRetInfStatuses                       4222 count
02:54:01.178590 /IEM/CPU0/cRetInstrNotImplemented                  0 count
02:54:01.178592 /IEM/CPU1/Exceptions/0d                            1 times
02:54:01.178598 /IEM/CPU1/Tlb/Code/InvlPg                          0 
02:54:01.178600 /IEM/CPU1/Tlb/Code/InvlPg/LargeGlobal              0 
02:54:01.178601 /IEM/CPU1/Tlb/Code/InvlPg/LargeNonGlobal           0 
02:54:01.178602 /IEM/CPU1/Tlb/Code/LargePageGlobalCurLoads         0 count
02:54:01.178603 /IEM/CPU1/Tlb/Code/LargePageGlobalFirstTag ffffffffffffffff count
02:54:01.178605 /IEM/CPU1/Tlb/Code/LargePageGlobalLastTag          0 count
02:54:01.178606 /IEM/CPU1/Tlb/Code/LargePageNonGlobalCurLoads         0 count
02:54:01.178607 /IEM/CPU1/Tlb/Code/LargePageNonGlobalFirstTag ffffffffffffffff count
02:54:01.178608 /IEM/CPU1/Tlb/Code/LargePageNonGlobalLastTag         0 count
02:54:01.178609 /IEM/CPU1/Tlb/Code/Misses                          0 count
02:54:01.178611 /IEM/CPU1/Tlb/Code/Misses/GlobalLoads              0 count
02:54:01.178612 /IEM/CPU1/Tlb/Code/PhysicalRevision        fffffffffffce000 
02:54:01.178613 /IEM/CPU1/Tlb/Code/PhysicalRevisionFlushes         0 
02:54:01.178614 /IEM/CPU1/Tlb/Code/PhysicalRevisionRollovers         0 
02:54:01.178615 /IEM/CPU1/Tlb/Code/RevisionGlobal          fffff38000000000 
02:54:01.178617 /IEM/CPU1/Tlb/Code/RevisionGlobalFlushes           0 
02:54:01.178618 /IEM/CPU1/Tlb/Code/RevisionNonGlobal       fffff38000000000 
02:54:01.178619 /IEM/CPU1/Tlb/Code/RevisionNonGlobalFlushes         0 
02:54:01.178620 /IEM/CPU1/Tlb/Code/RevisionRollovers               0 
02:54:01.178621 /IEM/CPU1/Tlb/Code/SlowReads                       0 count
02:54:01.178623 /IEM/CPU1/Tlb/Data/InvlPg                          0 
02:54:01.178624 /IEM/CPU1/Tlb/Data/InvlPg/LargeGlobal              0 
02:54:01.178625 /IEM/CPU1/Tlb/Data/InvlPg/LargeNonGlobal           0 
02:54:01.178626 /IEM/CPU1/Tlb/Data/LargePageGlobalCurLoads         0 count
02:54:01.178627 /IEM/CPU1/Tlb/Data/LargePageGlobalFirstTag ffffffffffffffff count
02:54:01.178629 /IEM/CPU1/Tlb/Data/LargePageGlobalLastTag          0 count
02:54:01.178630 /IEM/CPU1/Tlb/Data/LargePageNonGlobalCurLoads         0 count
02:54:01.178631 /IEM/CPU1/Tlb/Data/LargePageNonGlobalFirstTag ffffffffffffffff count
02:54:01.178632 /IEM/CPU1/Tlb/Data/LargePageNonGlobalLastTag         0 count
02:54:01.178634 /IEM/CPU1/Tlb/Data/Misses                          0 count
02:54:01.178635 /IEM/CPU1/Tlb/Data/Misses/Core                     0 count
02:54:01.178636 /IEM/CPU1/Tlb/Data/Misses/Core/GlobalLoads         0 count
02:54:01.178637 /IEM/CPU1/Tlb/Data/Misses/Safe                     0 count
02:54:01.178638 /IEM/CPU1/Tlb/Data/Misses/Safe/Reads               0 count
02:54:01.178640 /IEM/CPU1/Tlb/Data/Misses/Safe/SubPartHits         0 count
02:54:01.178641 /IEM/CPU1/Tlb/Data/Misses/Safe/SubPartMisses         0 count
02:54:01.178642 /IEM/CPU1/Tlb/Data/Misses/Safe/SubPartMisses/GlobalLoads         0 count
02:54:01.178643 /IEM/CPU1/Tlb/Data/Misses/Safe/Writes              0 count
02:54:01.178646 /IEM/CPU1/Tlb/Data/PhysicalRevision        fffffffffffce000 
02:54:01.178647 /IEM/CPU1/Tlb/Data/PhysicalRevisionFlushes         0 
02:54:01.178648 /IEM/CPU1/Tlb/Data/PhysicalRevisionRollovers         0 
02:54:01.178649 /IEM/CPU1/Tlb/Data/RevisionGlobal          fffff38000000000 
02:54:01.178651 /IEM/CPU1/Tlb/Data/RevisionGlobalFlushes           0 
02:54:01.178652 /IEM/CPU1/Tlb/Data/RevisionNonGlobal       fffff38000000000 
02:54:01.178653 /IEM/CPU1/Tlb/Data/RevisionNonGlobalFlushes         0 
02:54:01.178654 /IEM/CPU1/Tlb/Data/RevisionRollovers               0 
02:54:01.178655 /IEM/CPU1/cInstructions                      2939838 count
02:54:01.178657 /IEM/CPU1/cLongJumps                            2280 bytes
02:54:01.178658 /IEM/CPU1/cMisalignedAtomics                       0 count
02:54:01.178659 /IEM/CPU1/cPendingCommit                           0 count
02:54:01.178661 /IEM/CPU1/cPotentialExits                       2283 count
02:54:01.178662 /IEM/CPU1/cRetAspectNotImplemented                 0 count
02:54:01.178663 /IEM/CPU1/cRetErrStatuses                          0 count
02:54:01.178664 /IEM/CPU1/cRetInfStatuses                       2284 count
02:54:01.178666 /IEM/CPU1/cRetInstrNotImplemented                  0 count
02:54:01.178667 /IOM/MmioMappingsStale                             0 ticks/call
02:54:01.178668 /IOM/MmioTooDeepRecursion                          0 times
02:54:01.178670 /PDM/BlkCache/cbCached                             0 bytes
02:54:01.178671 /PDM/BlkCache/cbCachedFru                          0 bytes
02:54:01.178672 /PDM/BlkCache/cbCachedMruIn                        0 bytes
02:54:01.178674 /PDM/BlkCache/cbCachedMruOut                       0 bytes
02:54:01.178675 /PDM/BlkCache/cbMax                          5242880 bytes
02:54:01.178676 /PDM/CritSects/00-AbortedEnters                    0 times
02:54:01.178678 /PDM/CritSects/00-EntersWhileAborting              0 times
02:54:01.178679 /PDM/CritSects/00-Non-interruptible-Waits-VINF_SUCCESS         0 times
02:54:01.178680 /PDM/CritSects/00-QueuedLeaves                     0 times
02:54:01.178681 /PDM/CritSects/00-VERR_INTERRUPTED                 0 times
02:54:01.178683 /PDM/CritSects/00-VERR_TIMEOUT                     0 times
02:54:01.178684 /PDM/CritSects/8237A#0Auto/ContentionR3            0 times
02:54:01.178685 /PDM/CritSects/8237A#0Auto/ContentionR3Wait         0 ticks/time (           0 ticks,       0 times, max         0, min      -1)
02:54:01.178687 /PDM/CritSects/8237A#0Auto/ContentionRZLock         0 times
02:54:01.178688 /PDM/CritSects/8237A#0Auto/ContentionRZLockBusy         0 times
02:54:01.178689 /PDM/CritSects/8237A#0Auto/ContentionRZUnlock         0 times
02:54:01.178690 /PDM/CritSects/8237A#0Auto/ContentionRZWait         0 ticks/time (           0 ticks,       0 times, max         0, min      -1)
02:54:01.178692 /PDM/CritSects/AC'97/ContentionR3                  0 times
02:54:01.178693 /PDM/CritSects/AC'97/ContentionR3Wait              0 ticks/time (           0 ticks,       0 times, max         0, min      -1)
02:54:01.178695 /PDM/CritSects/AC'97/ContentionRZLock              0 times
02:54:01.178696 /PDM/CritSects/AC'97/ContentionRZLockBusy          0 times
02:54:01.178697 /PDM/CritSects/AC'97/ContentionRZUnlock            0 times
02:54:01.178698 /PDM/CritSects/AC'97/ContentionRZWait              0 ticks/time (           0 ticks,       0 times, max         0, min      -1)
02:54:01.178700 /PDM/CritSects/AHCI#0/ContentionR3                 0 times
02:54:01.178701 /PDM/CritSects/AHCI#0/ContentionR3Wait             0 ticks/time (           0 ticks,       0 times, max         0, min      -1)
02:54:01.178702 /PDM/CritSects/AHCI#0/ContentionRZLock             0 times
02:54:01.178704 /PDM/CritSects/AHCI#0/ContentionRZLockBusy         0 times
02:54:01.178705 /PDM/CritSects/AHCI#0/ContentionRZUnlock           0 times
02:54:01.178706 /PDM/CritSects/AHCI#0/ContentionRZWait             0 ticks/time (           0 ticks,       0 times, max         0, min      -1)
02:54:01.178708 /PDM/CritSects/ATA#0-Ctl/ContentionR3             28 times
02:54:01.178710 /PDM/CritSects/ATA#0-Ctl/ContentionR3Wait      34056 ticks/time (      953586 ticks,      28 times, max    126181, min    2616)
02:54:01.178712 /PDM/CritSects/ATA#0-Ctl/ContentionRZLock          3 times
02:54:01.178713 /PDM/CritSects/ATA#0-Ctl/ContentionRZLockBusy         0 times
02:54:01.178715 /PDM/CritSects/ATA#0-Ctl/ContentionRZUnlock         0 times
02:54:01.178716 /PDM/CritSects/ATA#0-Ctl/ContentionRZWait      59874 ticks/time (      179622 ticks,       3 times, max     73712, min   43134)
02:54:01.178718 /PDM/CritSects/ATA#0-Req/ContentionR3              0 times
02:54:01.178719 /PDM/CritSects/ATA#0-Req/ContentionR3Wait          0 ticks/time (           0 ticks,       0 times, max         0, min      -1)
02:54:01.178720 /PDM/CritSects/ATA#0-Req/ContentionRZLock          0 times
02:54:01.178721 /PDM/CritSects/ATA#0-Req/ContentionRZLockBusy         0 times
02:54:01.178722 /PDM/CritSects/ATA#0-Req/ContentionRZUnlock         0 times
02:54:01.178724 /PDM/CritSects/ATA#0-Req/ContentionRZWait          0 ticks/time (           0 ticks,       0 times, max         0, min      -1)
02:54:01.178725 /PDM/CritSects/ATA#1-Ctl/ContentionR3              0 times
02:54:01.178727 /PDM/CritSects/ATA#1-Ctl/ContentionR3Wait          0 ticks/time (           0 ticks,       0 times, max         0, min      -1)
02:54:01.178728 /PDM/CritSects/ATA#1-Ctl/ContentionRZLock          0 times
02:54:01.178729 /PDM/CritSects/ATA#1-Ctl/ContentionRZLockBusy         0 times
02:54:01.178731 /PDM/CritSects/ATA#1-Ctl/ContentionRZUnlock         0 times
02:54:01.178732 /PDM/CritSects/ATA#1-Ctl/ContentionRZWait          0 ticks/time (           0 ticks,       0 times, max         0, min      -1)
02:54:01.178733 /PDM/CritSects/ATA#1-Req/ContentionR3              0 times
02:54:01.178734 /PDM/CritSects/ATA#1-Req/ContentionR3Wait          0 ticks/time (           0 ticks,       0 times, max         0, min      -1)
02:54:01.178736 /PDM/CritSects/ATA#1-Req/ContentionRZLock          0 times
02:54:01.178737 /PDM/CritSects/ATA#1-Req/ContentionRZLockBusy         0 times
02:54:01.178738 /PDM/CritSects/ATA#1-Req/ContentionRZUnlock         0 times
02:54:01.178739 /PDM/CritSects/ATA#1-Req/ContentionRZWait          0 ticks/time (           0 ticks,       0 times, max         0, min      -1)
02:54:01.178741 /PDM/CritSects/E1000#0/ContentionR3                0 times
02:54:01.178742 /PDM/CritSects/E1000#0/ContentionR3Wait            0 ticks/time (           0 ticks,       0 times, max         0, min      -1)
02:54:01.178743 /PDM/CritSects/E1000#0/ContentionRZLock            0 times
02:54:01.178745 /PDM/CritSects/E1000#0/ContentionRZLockBusy         0 times
02:54:01.178746 /PDM/CritSects/E1000#0/ContentionRZUnlock          0 times
02:54:01.178747 /PDM/CritSects/E1000#0/ContentionRZWait            0 ticks/time (           0 ticks,       0 times, max         0, min      -1)
02:54:01.178748 /PDM/CritSects/E1000#0RX/ContentionR3              0 times
02:54:01.178750 /PDM/CritSects/E1000#0RX/ContentionR3Wait          0 ticks/time (           0 ticks,       0 times, max         0, min      -1)
02:54:01.178751 /PDM/CritSects/E1000#0RX/ContentionRZLock          0 times
02:54:01.178752 /PDM/CritSects/E1000#0RX/ContentionRZLockBusy         0 times
02:54:01.178753 /PDM/CritSects/E1000#0RX/ContentionRZUnlock         0 times
02:54:01.178755 /PDM/CritSects/E1000#0RX/ContentionRZWait          0 ticks/time (           0 ticks,       0 times, max         0, min      -1)
02:54:01.178756 /PDM/CritSects/E1000#0TX/ContentionR3              0 times
02:54:01.178757 /PDM/CritSects/E1000#0TX/ContentionR3Wait          0 ticks/time (           0 ticks,       0 times, max         0, min      -1)
02:54:01.178759 /PDM/CritSects/E1000#0TX/ContentionRZLock          0 times
02:54:01.178760 /PDM/CritSects/E1000#0TX/ContentionRZLockBusy         0 times
02:54:01.178761 /PDM/CritSects/E1000#0TX/ContentionRZUnlock         0 times
02:54:01.178762 /PDM/CritSects/E1000#0TX/ContentionRZWait          0 ticks/time (           0 ticks,       0 times, max         0, min      -1)
02:54:01.178766 /PDM/CritSects/E1000#1/ContentionR3                7 times
02:54:01.178767 /PDM/CritSects/E1000#1/ContentionR3Wait        11763 ticks/time (       82347 ticks,       7 times, max     33374, min    3144)
02:54:01.178769 /PDM/CritSects/E1000#1/ContentionRZLock            0 times
02:54:01.178770 /PDM/CritSects/E1000#1/ContentionRZLockBusy         0 times
02:54:01.178771 /PDM/CritSects/E1000#1/ContentionRZUnlock          0 times
02:54:01.178772 /PDM/CritSects/E1000#1/ContentionRZWait            0 ticks/time (           0 ticks,       0 times, max         0, min      -1)
02:54:01.178774 /PDM/CritSects/E1000#1RX/ContentionR3              0 times
02:54:01.178775 /PDM/CritSects/E1000#1RX/ContentionR3Wait          0 ticks/time (           0 ticks,       0 times, max         0, min      -1)
02:54:01.178776 /PDM/CritSects/E1000#1RX/ContentionRZLock          0 times
02:54:01.178777 /PDM/CritSects/E1000#1RX/ContentionRZLockBusy         0 times
02:54:01.178779 /PDM/CritSects/E1000#1RX/ContentionRZUnlock         0 times
02:54:01.178780 /PDM/CritSects/E1000#1RX/ContentionRZWait          0 ticks/time (           0 ticks,       0 times, max         0, min      -1)
02:54:01.178781 /PDM/CritSects/E1000#1TX/ContentionR3              0 times
02:54:01.178783 /PDM/CritSects/E1000#1TX/ContentionR3Wait          0 ticks/time (           0 ticks,       0 times, max         0, min      -1)
02:54:01.178784 /PDM/CritSects/E1000#1TX/ContentionRZLock          0 times
02:54:01.178785 /PDM/CritSects/E1000#1TX/ContentionRZLockBusy         0 times
02:54:01.178786 /PDM/CritSects/E1000#1TX/ContentionRZUnlock         0 times
02:54:01.178787 /PDM/CritSects/E1000#1TX/ContentionRZWait          0 ticks/time (           0 ticks,       0 times, max         0, min      -1)
02:54:01.178789 /PDM/CritSects/GIMDev#0Auto/ContentionR3           0 times
02:54:01.178790 /PDM/CritSects/GIMDev#0Auto/ContentionR3Wait         0 ticks/time (           0 ticks,       0 times, max         0, min      -1)
02:54:01.178791 /PDM/CritSects/GIMDev#0Auto/ContentionRZLock         0 times
02:54:01.178793 /PDM/CritSects/GIMDev#0Auto/ContentionRZLockBusy         0 times
02:54:01.178794 /PDM/CritSects/GIMDev#0Auto/ContentionRZUnlock         0 times
02:54:01.178795 /PDM/CritSects/GIMDev#0Auto/ContentionRZWait         0 ticks/time (           0 ticks,       0 times, max         0, min      -1)
02:54:01.178797 /PDM/CritSects/IntNetXmit_0/ContentionR3           0 times
02:54:01.178798 /PDM/CritSects/IntNetXmit_0/ContentionR3Wait         0 ticks/time (           0 ticks,       0 times, max         0, min      -1)
02:54:01.178799 /PDM/CritSects/IntNetXmit_0/ContentionRZLock         0 times
02:54:01.178800 /PDM/CritSects/IntNetXmit_0/ContentionRZLockBusy         0 times
02:54:01.178801 /PDM/CritSects/IntNetXmit_0/ContentionRZUnlock         0 times
02:54:01.178803 /PDM/CritSects/IntNetXmit_0/ContentionRZWait         0 ticks/time (           0 ticks,       0 times, max         0, min      -1)
02:54:01.178804 /PDM/CritSects/NOP/ContentionR3                    0 times
02:54:01.178805 /PDM/CritSects/NOP/ContentionR3Wait                0 ticks/time (           0 ticks,       0 times, max         0, min      -1)
02:54:01.178807 /PDM/CritSects/NOP/ContentionRZLock                0 times
02:54:01.178808 /PDM/CritSects/NOP/ContentionRZLockBusy            0 times
02:54:01.178809 /PDM/CritSects/NOP/ContentionRZUnlock              0 times
02:54:01.178811 /PDM/CritSects/NOP/ContentionRZWait                0 ticks/time (           0 ticks,       0 times, max         0, min      -1)
02:54:01.178812 /PDM/CritSects/PDM/ContentionR3                    1 times
02:54:01.178814 /PDM/CritSects/PDM/ContentionR3Wait            13264 ticks/time (       13264 ticks,       1 times, max     13264, min   13264)
02:54:01.178816 /PDM/CritSects/PDM/ContentionRZLock                6 times
02:54:01.178817 /PDM/CritSects/PDM/ContentionRZLockBusy            0 times
02:54:01.178818 /PDM/CritSects/PDM/ContentionRZUnlock              0 times
02:54:01.178820 /PDM/CritSects/PDM/ContentionRZWait            44905 ticks/time (      269431 ticks,       6 times, max     60849, min   27856)
02:54:01.178823 /PDM/CritSects/PGM/ContentionR3                  210 times
02:54:01.178825 /PDM/CritSects/PGM/ContentionR3Wait           148319 ticks/time (    31147155 ticks,     210 times, max   1137987, min    1215)
02:54:01.178827 /PDM/CritSects/PGM/ContentionRZLock              106 times
02:54:01.178828 /PDM/CritSects/PGM/ContentionRZLockBusy            0 times
02:54:01.178829 /PDM/CritSects/PGM/ContentionRZUnlock              0 times
02:54:01.178830 /PDM/CritSects/PGM/ContentionRZWait           330129 ticks/time (    34993679 ticks,     106 times, max   1287219, min     596)
02:54:01.178832 /PDM/CritSects/TM VirtualSync Lock/ContentionR3       451 times
02:54:01.178834 /PDM/CritSects/TM VirtualSync Lock/ContentionR3Wait     40368 ticks/time (    18206158 ticks,     451 times, max    653311, min    1190)
02:54:01.178835 /PDM/CritSects/TM VirtualSync Lock/ContentionRZLock        59 times
02:54:01.178836 /PDM/CritSects/TM VirtualSync Lock/ContentionRZLockBusy      8788 times
02:54:01.178838 /PDM/CritSects/TM VirtualSync Lock/ContentionRZUnlock         0 times
02:54:01.178839 /PDM/CritSects/TM VirtualSync Lock/ContentionRZWait    106508 ticks/time (     6284006 ticks,      59 times, max    742548, min     753)
02:54:01.178841 /PDM/CritSects/TM real queue timer lock/ContentionR3         0 times
02:54:01.178842 /PDM/CritSects/TM real queue timer lock/ContentionR3Wait         0 ticks/time (           0 ticks,       0 times, max         0, min      -1)
02:54:01.178843 /PDM/CritSects/TM real queue timer lock/ContentionRZLock         0 times
02:54:01.178844 /PDM/CritSects/TM real queue timer lock/ContentionRZLockBusy         0 times
02:54:01.178845 /PDM/CritSects/TM real queue timer lock/ContentionRZUnlock         0 times
02:54:01.178847 /PDM/CritSects/TM real queue timer lock/ContentionRZWait         0 ticks/time (           0 ticks,       0 times, max         0, min      -1)
02:54:01.178848 /PDM/CritSects/TM tsc queue timer lock/ContentionR3         0 times
02:54:01.178849 /PDM/CritSects/TM tsc queue timer lock/ContentionR3Wait         0 ticks/time (           0 ticks,       0 times, max         0, min      -1)
02:54:01.178851 /PDM/CritSects/TM tsc queue timer lock/ContentionRZLock         0 times
02:54:01.178852 /PDM/CritSects/TM tsc queue timer lock/ContentionRZLockBusy         0 times
02:54:01.178853 /PDM/CritSects/TM tsc queue timer lock/ContentionRZUnlock         0 times
02:54:01.178854 /PDM/CritSects/TM tsc queue timer lock/ContentionRZWait         0 ticks/time (           0 ticks,       0 times, max         0, min      -1)
02:54:01.178856 /PDM/CritSects/TM virtual queue timer lock/ContentionR3        13 times
02:54:01.178857 /PDM/CritSects/TM virtual queue timer lock/ContentionR3Wait     25333 ticks/time (      329334 ticks,      13 times, max     73700, min    6555)
02:54:01.178858 /PDM/CritSects/TM virtual queue timer lock/ContentionRZLock         0 times
02:54:01.178860 /PDM/CritSects/TM virtual queue timer lock/ContentionRZLockBusy         0 times
02:54:01.178861 /PDM/CritSects/TM virtual queue timer lock/ContentionRZUnlock         0 times
02:54:01.178862 /PDM/CritSects/TM virtual queue timer lock/ContentionRZWait         0 ticks/time (           0 ticks,       0 times, max         0, min      -1)
02:54:01.178863 /PDM/CritSects/TM virtual_sync queue timer lock/ContentionR3         0 times
02:54:01.178865 /PDM/CritSects/TM virtual_sync queue timer lock/ContentionR3Wait         0 ticks/time (           0 ticks,       0 times, max         0, min      -1)
02:54:01.178866 /PDM/CritSects/TM virtual_sync queue timer lock/ContentionRZLock         0 times
02:54:01.178867 /PDM/CritSects/TM virtual_sync queue timer lock/ContentionRZLockBusy         0 times
02:54:01.178868 /PDM/CritSects/TM virtual_sync queue timer lock/ContentionRZUnlock         0 times
02:54:01.178869 /PDM/CritSects/TM virtual_sync queue timer lock/ContentionRZWait         0 ticks/time (           0 ticks,       0 times, max         0, min      -1)
02:54:01.178871 /PDM/CritSects/VGA#0/ContentionR3               9959 times
02:54:01.178874 /PDM/CritSects/VGA#0/ContentionR3Wait         277151 ticks/time (  2760153706 ticks,    9959 times, max   4563014, min   15025)
02:54:01.178876 /PDM/CritSects/VGA#0/ContentionRZLock             51 times
02:54:01.178877 /PDM/CritSects/VGA#0/ContentionRZLockBusy          0 times
02:54:01.178878 /PDM/CritSects/VGA#0/ContentionRZUnlock            0 times
02:54:01.178879 /PDM/CritSects/VGA#0/ContentionRZWait          52044 ticks/time (     2654252 ticks,      51 times, max    484054, min     527)
02:54:01.178881 /PDM/CritSects/VGA#0_IRQ/ContentionR3              0 times
02:54:01.178882 /PDM/CritSects/VGA#0_IRQ/ContentionR3Wait          0 ticks/time (           0 ticks,       0 times, max         0, min      -1)
02:54:01.178883 /PDM/CritSects/VGA#0_IRQ/ContentionRZLock          0 times
02:54:01.178885 /PDM/CritSects/VGA#0_IRQ/ContentionRZLockBusy         0 times
02:54:01.178886 /PDM/CritSects/VGA#0_IRQ/ContentionRZUnlock         0 times
02:54:01.178887 /PDM/CritSects/VGA#0_IRQ/ContentionRZWait          0 ticks/time (           0 ticks,       0 times, max         0, min      -1)
02:54:01.178888 /PDM/CritSects/VMMDev#0/ContentionR3               0 times
02:54:01.178890 /PDM/CritSects/VMMDev#0/ContentionR3Wait           0 ticks/time (           0 ticks,       0 times, max         0, min      -1)
02:54:01.178891 /PDM/CritSects/VMMDev#0/ContentionRZLock           0 times
02:54:01.178892 /PDM/CritSects/VMMDev#0/ContentionRZLockBusy         0 times
02:54:01.178893 /PDM/CritSects/VMMDev#0/ContentionRZUnlock         0 times
02:54:01.178895 /PDM/CritSects/VMMDev#0/ContentionRZWait           0 ticks/time (           0 ticks,       0 times, max         0, min      -1)
02:54:01.178896 /PDM/CritSects/acpi#0/ContentionR3                 0 times
02:54:01.178897 /PDM/CritSects/acpi#0/ContentionR3Wait             0 ticks/time (           0 ticks,       0 times, max         0, min      -1)
02:54:01.178899 /PDM/CritSects/acpi#0/ContentionRZLock             0 times
02:54:01.178900 /PDM/CritSects/acpi#0/ContentionRZLockBusy         0 times
02:54:01.178901 /PDM/CritSects/acpi#0/ContentionRZUnlock           0 times
02:54:01.178902 /PDM/CritSects/acpi#0/ContentionRZWait             0 ticks/time (           0 ticks,       0 times, max         0, min      -1)
02:54:01.178904 /PDM/CritSects/mc146818#0Auto/ContentionR3         0 times
02:54:01.178905 /PDM/CritSects/mc146818#0Auto/ContentionR3Wait         0 ticks/time (           0 ticks,       0 times, max         0, min      -1)
02:54:01.178906 /PDM/CritSects/mc146818#0Auto/ContentionRZLock         0 times
02:54:01.178907 /PDM/CritSects/mc146818#0Auto/ContentionRZLockBusy         0 times
02:54:01.178909 /PDM/CritSects/mc146818#0Auto/ContentionRZUnlock         0 times
02:54:01.178910 /PDM/CritSects/mc146818#0Auto/ContentionRZWait         0 ticks/time (           0 ticks,       0 times, max         0, min      -1)
02:54:01.178911 /PDM/CritSects/pcarch#0Auto/ContentionR3           0 times
02:54:01.178913 /PDM/CritSects/pcarch#0Auto/ContentionR3Wait         0 ticks/time (           0 ticks,       0 times, max         0, min      -1)
02:54:01.178914 /PDM/CritSects/pcarch#0Auto/ContentionRZLock         0 times
02:54:01.178915 /PDM/CritSects/pcarch#0Auto/ContentionRZLockBusy         0 times
02:54:01.178916 /PDM/CritSects/pcarch#0Auto/ContentionRZUnlock         0 times
02:54:01.178918 /PDM/CritSects/pcarch#0Auto/ContentionRZWait         0 ticks/time (           0 ticks,       0 times, max         0, min      -1)
02:54:01.178919 /PDM/CritSects/pcbios#0Auto/ContentionR3           0 times
02:54:01.178920 /PDM/CritSects/pcbios#0Auto/ContentionR3Wait         0 ticks/time (           0 ticks,       0 times, max         0, min      -1)
02:54:01.178922 /PDM/CritSects/pcbios#0Auto/ContentionRZLock         0 times
02:54:01.178923 /PDM/CritSects/pcbios#0Auto/ContentionRZLockBusy         0 times
02:54:01.178924 /PDM/CritSects/pcbios#0Auto/ContentionRZUnlock         0 times
02:54:01.178925 /PDM/CritSects/pcbios#0Auto/ContentionRZWait         0 ticks/time (           0 ticks,       0 times, max         0, min      -1)
02:54:01.178928 /PDM/CritSects/pckbd#0Auto/ContentionR3            0 times
02:54:01.178930 /PDM/CritSects/pckbd#0Auto/ContentionR3Wait         0 ticks/time (           0 ticks,       0 times, max         0, min      -1)
02:54:01.178931 /PDM/CritSects/pckbd#0Auto/ContentionRZLock         0 times
02:54:01.178932 /PDM/CritSects/pckbd#0Auto/ContentionRZLockBusy         0 times
02:54:01.178933 /PDM/CritSects/pckbd#0Auto/ContentionRZUnlock         0 times
02:54:01.178934 /PDM/CritSects/pckbd#0Auto/ContentionRZWait         0 ticks/time (           0 ticks,       0 times, max         0, min      -1)
02:54:01.178936 /PDM/CritSects/pit#0/ContentionR3                  0 times
02:54:01.178937 /PDM/CritSects/pit#0/ContentionR3Wait              0 ticks/time (           0 ticks,       0 times, max         0, min      -1)
02:54:01.178939 /PDM/CritSects/pit#0/ContentionRZLock              0 times
02:54:01.178940 /PDM/CritSects/pit#0/ContentionRZLockBusy          0 times
02:54:01.178941 /PDM/CritSects/pit#0/ContentionRZUnlock            0 times
02:54:01.178942 /PDM/CritSects/pit#0/ContentionRZWait              0 ticks/time (           0 ticks,       0 times, max         0, min      -1)
02:54:01.178944 /PDM/CritSectsRw/00-EnterSharedWhileAborting         0 times
02:54:01.178945 /PDM/CritSectsRw/00-Excl-Non-interruptible-Waits-VINF_SUCCESS         0 times
02:54:01.178946 /PDM/CritSectsRw/00-Excl-VERR_INTERRUPTED          0 times
02:54:01.178947 /PDM/CritSectsRw/00-Excl-VERR_TIMEOUT              0 times
02:54:01.178948 /PDM/CritSectsRw/00-Shared-Non-interruptible-Waits-VINF_SUCCESS         0 times
02:54:01.178950 /PDM/CritSectsRw/00-Shared-VERR_INTERRUPTED         0 times
02:54:01.178951 /PDM/CritSectsRw/00-Shared-VERR_TIMEOUT            0 times
02:54:01.178952 /PDM/CritSectsRw/IOM Lock/ContentionR3EnterExcl         0 times
02:54:01.178953 /PDM/CritSectsRw/IOM Lock/ContentionR3EnterShared         0 times
02:54:01.178954 /PDM/CritSectsRw/IOM Lock/ContentionR3LeaveExcl         0 times
02:54:01.178956 /PDM/CritSectsRw/IOM Lock/ContentionRZEnterExcl         0 times
02:54:01.178957 /PDM/CritSectsRw/IOM Lock/ContentionRZEnterShared         0 times
02:54:01.178958 /PDM/CritSectsRw/IOM Lock/ContentionRZLeaveExcl         0 times
02:54:01.178959 /PDM/CritSectsRw/IOM Lock/ContentionRZLeaveShared         0 times
02:54:01.178960 /PDM/CritSectsRw/IOM Lock/R3EnterExcl            499 times
02:54:01.178961 /PDM/CritSectsRw/IOM Lock/R3EnterShared        26553 times
02:54:01.178962 /PDM/CritSectsRw/IOM Lock/RZEnterExcl              0 times
02:54:01.178963 /PDM/CritSectsRw/IOM Lock/RZEnterShared     17071599 times
02:54:01.178965 /PDM/CritSectsRw/TM real queue alloc lock/ContentionR3EnterExcl         0 times
02:54:01.178966 /PDM/CritSectsRw/TM real queue alloc lock/ContentionR3EnterShared         0 times
02:54:01.178967 /PDM/CritSectsRw/TM real queue alloc lock/ContentionR3LeaveExcl         0 times
02:54:01.178968 /PDM/CritSectsRw/TM real queue alloc lock/ContentionRZEnterExcl         0 times
02:54:01.178969 /PDM/CritSectsRw/TM real queue alloc lock/ContentionRZEnterShared         0 times
02:54:01.178971 /PDM/CritSectsRw/TM real queue alloc lock/ContentionRZLeaveExcl         0 times
02:54:01.178972 /PDM/CritSectsRw/TM real queue alloc lock/ContentionRZLeaveShared         0 times
02:54:01.178973 /PDM/CritSectsRw/TM real queue alloc lock/R3EnterExcl         8 times
02:54:01.178974 /PDM/CritSectsRw/TM real queue alloc lock/R3EnterShared         1 times
02:54:01.178975 /PDM/CritSectsRw/TM real queue alloc lock/RZEnterExcl         0 times
02:54:01.178976 /PDM/CritSectsRw/TM real queue alloc lock/RZEnterShared         0 times
02:54:01.178977 /PDM/CritSectsRw/TM tsc queue alloc lock/ContentionR3EnterExcl         0 times
02:54:01.178978 /PDM/CritSectsRw/TM tsc queue alloc lock/ContentionR3EnterShared         0 times
02:54:01.178980 /PDM/CritSectsRw/TM tsc queue alloc lock/ContentionR3LeaveExcl         0 times
02:54:01.178981 /PDM/CritSectsRw/TM tsc queue alloc lock/ContentionRZEnterExcl         0 times
02:54:01.178982 /PDM/CritSectsRw/TM tsc queue alloc lock/ContentionRZEnterShared         0 times
02:54:01.178985 /PDM/CritSectsRw/TM tsc queue alloc lock/ContentionRZLeaveExcl         0 times
02:54:01.178986 /PDM/CritSectsRw/TM tsc queue alloc lock/ContentionRZLeaveShared         0 times
02:54:01.178987 /PDM/CritSectsRw/TM tsc queue alloc lock/R3EnterExcl         0 times
02:54:01.178988 /PDM/CritSectsRw/TM tsc queue alloc lock/R3EnterShared         1 times
02:54:01.178989 /PDM/CritSectsRw/TM tsc queue alloc lock/RZEnterExcl         0 times
02:54:01.178990 /PDM/CritSectsRw/TM tsc queue alloc lock/RZEnterShared         0 times
02:54:01.178992 /PDM/CritSectsRw/TM virtual queue alloc lock/ContentionR3EnterExcl         0 times
02:54:01.178993 /PDM/CritSectsRw/TM virtual queue alloc lock/ContentionR3EnterShared         0 times
02:54:01.178994 /PDM/CritSectsRw/TM virtual queue alloc lock/ContentionR3LeaveExcl         0 times
02:54:01.178995 /PDM/CritSectsRw/TM virtual queue alloc lock/ContentionRZEnterExcl         0 times
02:54:01.178996 /PDM/CritSectsRw/TM virtual queue alloc lock/ContentionRZEnterShared         0 times
02:54:01.178997 /PDM/CritSectsRw/TM virtual queue alloc lock/ContentionRZLeaveExcl         0 times
02:54:01.178998 /PDM/CritSectsRw/TM virtual queue alloc lock/ContentionRZLeaveShared         0 times
02:54:01.178999 /PDM/CritSectsRw/TM virtual queue alloc lock/R3EnterExcl        11 times
02:54:01.179000 /PDM/CritSectsRw/TM virtual queue alloc lock/R3EnterShared         1 times
02:54:01.179002 /PDM/CritSectsRw/TM virtual queue alloc lock/RZEnterExcl         0 times
02:54:01.179003 /PDM/CritSectsRw/TM virtual queue alloc lock/RZEnterShared         0 times
02:54:01.179004 /PDM/CritSectsRw/TM virtual_sync queue alloc lock/ContentionR3EnterExcl         0 times
02:54:01.179005 /PDM/CritSectsRw/TM virtual_sync queue alloc lock/ContentionR3EnterShared         0 times
02:54:01.179006 /PDM/CritSectsRw/TM virtual_sync queue alloc lock/ContentionR3LeaveExcl         0 times
02:54:01.179007 /PDM/CritSectsRw/TM virtual_sync queue alloc lock/ContentionRZEnterExcl         0 times
02:54:01.179008 /PDM/CritSectsRw/TM virtual_sync queue alloc lock/ContentionRZEnterShared         0 times
02:54:01.179010 /PDM/CritSectsRw/TM virtual_sync queue alloc lock/ContentionRZLeaveExcl         0 times
02:54:01.179011 /PDM/CritSectsRw/TM virtual_sync queue alloc lock/ContentionRZLeaveShared         0 times
02:54:01.179012 /PDM/CritSectsRw/TM virtual_sync queue alloc lock/R3EnterExcl        10 times
02:54:01.179013 /PDM/CritSectsRw/TM virtual_sync queue alloc lock/R3EnterShared         1 times
02:54:01.179014 /PDM/CritSectsRw/TM virtual_sync queue alloc lock/RZEnterExcl         0 times
02:54:01.179015 /PDM/CritSectsRw/TM virtual_sync queue alloc lock/RZEnterShared         0 times
02:54:01.179017 /PDM/Queue/DevHlp/AllocFailures                    0 times
02:54:01.179018 /PDM/Queue/DevHlp/Flush                            0 calls
02:54:01.179019 /PDM/Queue/DevHlp/FlushLeftovers                   0 times
02:54:01.179020 /PDM/Queue/DevHlp/Insert                           0 calls
02:54:01.179022 /PDM/Queue/DevHlp/cItems                          16 count
02:54:01.179023 /PDM/Queue/DevHlp/cbItem                          56 bytes
02:54:01.179024 /PDM/Queue/DevHlp/rcOkay                           0 
02:54:01.179026 /PDM/Queue/Keyboard/AllocFailures                  0 times
02:54:01.179027 /PDM/Queue/Keyboard/Flush                          0 calls
02:54:01.179028 /PDM/Queue/Keyboard/FlushLeftovers                 0 times
02:54:01.179029 /PDM/Queue/Keyboard/Insert                         1 calls
02:54:01.179031 /PDM/Queue/Keyboard/cItems                        64 count
02:54:01.179032 /PDM/Queue/Keyboard/cbItem                        16 bytes
02:54:01.179033 /PDM/Queue/Keyboard/rcOkay                         0 
02:54:01.179035 /PDM/Queue/Mouse/AllocFailures                     0 times
02:54:01.179036 /PDM/Queue/Mouse/Flush                             0 calls
02:54:01.179037 /PDM/Queue/Mouse/FlushLeftovers                    0 times
02:54:01.179039 /PDM/Queue/Mouse/Insert                            0 calls
02:54:01.179042 /PDM/Queue/Mouse/cItems                          128 count
02:54:01.179043 /PDM/Queue/Mouse/cbItem                           32 bytes
02:54:01.179044 /PDM/Queue/Mouse/rcOkay                            0 
02:54:01.179046 /PDM/Tasks/000-E1000-Xmit-retriggered              6 times
02:54:01.179047 /PDM/Tasks/000-E1000-Xmit-runs                    64 times
02:54:01.179048 /PDM/Tasks/001-E1000-Xmit-retriggered              3 times
02:54:01.179049 /PDM/Tasks/001-E1000-Xmit-runs                    83 times
02:54:01.179051 /PGM/CPU0/R3/Page/MapTlbMisses                    52 times
02:54:01.179052 /PGM/CPU0/R3/RamRange/TlbLocking                   9 times
02:54:01.179053 /PGM/CPU0/R3/RamRange/TlbMisses                    9 times
02:54:01.179054 /PGM/CPU0/RZ/Page/MapTlbMisses                     0 times
02:54:01.179056 /PGM/CPU0/RZ/RamRange/TlbLocking                  21 times
02:54:01.179057 /PGM/CPU0/RZ/RamRange/TlbMisses                   21 times
02:54:01.179058 /PGM/CPU0/cA20Changes                              2 times
02:54:01.179059 /PGM/CPU0/cGuestModeChanges                   948895 times
02:54:01.179061 /PGM/CPU1/R3/Page/MapTlbMisses                    24 times
02:54:01.179062 /PGM/CPU1/R3/RamRange/TlbLocking                   8 times
02:54:01.179063 /PGM/CPU1/R3/RamRange/TlbMisses                    8 times
02:54:01.179065 /PGM/CPU1/RZ/Page/MapTlbMisses                     0 times
02:54:01.179066 /PGM/CPU1/RZ/RamRange/TlbLocking                  11 times
02:54:01.179067 /PGM/CPU1/RZ/RamRange/TlbMisses                   11 times
02:54:01.179069 /PGM/CPU1/cA20Changes                              0 times
02:54:01.179070 /PGM/CPU1/cGuestModeChanges                        3 times
02:54:01.179071 /PGM/ChunkR3Map/Mapped                            79 count
02:54:01.179073 /PGM/ChunkR3Map/Unmapped                           0 count
02:54:01.179074 /PGM/ChunkR3Map/c                                 79 count
02:54:01.179076 /PGM/ChunkR3Map/cMax                       4294967295 count
02:54:01.179077 /PGM/LargePage/Alloc                               0 ns/call (           0 ns,       0 calls, max         0, min      -1)
02:54:01.179079 /PGM/LargePage/AllocFailed                         0 times
02:54:01.179080 /PGM/LargePage/Overflow                            0 times
02:54:01.179082 /PGM/LargePage/Recheck                             0 times
02:54:01.179083 /PGM/LargePage/Refused                             0 times
02:54:01.179084 /PGM/LargePage/Reused                              0 times
02:54:01.179085 /PGM/LargePage/TlbFlush                            0 times
02:54:01.179087 /PGM/LargePage/ZeroEvict                           0 times
02:54:01.179089 /PGM/Mmio2QueryAndResetDirtyBitmap                 0 ticks/call (           0 ticks,       0 calls, max         0, min      -1)
02:54:01.179090 /PGM/Page/cAllPages                           529999 count
02:54:01.179092 /PGM/Page/cBalloonedPages                          0 count
02:54:01.179093 /PGM/Page/cHandyPages                             64 count
02:54:01.179095 /PGM/Page/cLargePages                              0 count
02:54:01.179096 /PGM/Page/cLargePagesDisabled                      0 count
02:54:01.179097 /PGM/Page/cMonitoredPages                          0 count
02:54:01.179099 /PGM/Page/cPrivatePages                       167403 count
02:54:01.179100 /PGM/Page/cPureMmioPages                         100 count
02:54:01.179101 /PGM/Page/cReadLockedPages                         0 count
02:54:01.179103 /PGM/Page/cReusedSharedPages                       0 count
02:54:01.179104 /PGM/Page/cSharedPages                             0 count
02:54:01.179105 /PGM/Page/cWriteLockedPages                        0 count
02:54:01.179107 /PGM/Page/cWrittenToPages                          0 count
02:54:01.179108 /PGM/Page/cZeroPages                          362496 count
02:54:01.179109 /PGM/PhysHandlerTree/ErrorsAllocatorR3             0 times
02:54:01.179111 /PGM/PhysHandlerTree/ErrorsTree                    0 times
02:54:01.179112 /PGM/PhysHandlerTree/Inserts                      73 times
02:54:01.179116 /PGM/PhysHandlerTree/MaxHandlers                6144 times
02:54:01.179117 /PGM/PhysHandlerTree/RebalancingOperations        11 times
02:54:01.179118 /PGM/PhysHandlerTree/Removals                     60 times
02:54:01.179120 /PGM/Pool/Grow                                661733 ticks/call (      661733 ticks,       1 calls, max    661733, min  661733)
02:54:01.179122 /PGM/ShMod/Check                                   0 ticks/call (           0 ticks,       0 calls, max         0, min      -1)
02:54:01.179124 /PROF/CPU0/EM/Capped                               0 ticks/call (           0 ticks,       0 calls, max         0, min      -1)
02:54:01.179125 /PROF/CPU0/EM/ForcedActions                   125515 times
02:54:01.179127 /PROF/CPU0/EM/HMExec                       147660626 ticks/call (25939394628108 ticks,  175669 calls, max 3155152370, min    1766)
02:54:01.179129 /PROF/CPU0/EM/HMExecuteCalled                  83508 times
02:54:01.179130 /PROF/CPU0/EM/Halted                           85225 times
02:54:01.179131 /PROF/CPU0/EM/NEMExec                              0 ticks/call (           0 ticks,       0 calls, max         0, min      -1)
02:54:01.179133 /PROF/CPU0/EM/NEMExecuteCalled                     0 times
02:54:01.179134 /PROF/CPU0/EM/REMTotal                             0 times
02:54:01.179135 /PROF/CPU0/EM/RecordedExits                 24784366 times
02:54:01.179137 /PROF/CPU0/EM/Total                        33277153130556 ticks/call (33277153130556 ticks,       1 calls, max 33277153130556, min 33277153130556)
02:54:01.179139 /PROF/CPU0/VM/Halt/Block                    28740385 ns/call (2300552922663 ns,   80046 calls, max 500006728, min       1)
02:54:01.179142 /PROF/CPU0/VM/Halt/BlockInsomnia            28722722 ns/call (2299052905011 ns,   80043 calls, max 499796320, min       1)
02:54:01.179143 /PROF/CPU0/VM/Halt/BlockOnTime             500005884 ns/call (  1500017652 ns,       3 calls, max 500006728, min 500004807)
02:54:01.179145 /PROF/CPU0/VM/Halt/BlockOverslept                  0 ns/call (           0 ns,       0 calls, max         0, min      -1)
02:54:01.179147 /PROF/CPU0/VM/Halt/R0HaltBlock              37971323 ns/call (8083677063354 ns,  212889 calls, max 483593989, min       2)
02:54:01.179149 /PROF/CPU0/VM/Halt/R0HaltBlockInsomnia      37971323 ns/call (8083677063354 ns,  212889 calls, max 483593989, min       2)
02:54:01.179151 /PROF/CPU0/VM/Halt/R0HaltBlockOnTime               0 ns/call (           0 ns,       0 calls, max         0, min      -1)
02:54:01.179152 /PROF/CPU0/VM/Halt/R0HaltBlockOverslept            0 ns/call (           0 ns,       0 calls, max         0, min      -1)
02:54:01.179154 /PROF/CPU0/VM/Halt/R0HaltExec                 213825 times
02:54:01.179155 /PROF/CPU0/VM/Halt/R0HaltExec/FromBlock       196638 times
02:54:01.179156 /PROF/CPU0/VM/Halt/R0HaltExec/FromSpin         14567 times
02:54:01.179157 /PROF/CPU0/VM/Halt/R0HaltHistoryCounter       296419 times
02:54:01.179159 /PROF/CPU0/VM/Halt/R0HaltHistorySucceeded        162 times
02:54:01.179160 /PROF/CPU0/VM/Halt/R0HaltHistoryToRing3           68 times
02:54:01.179161 /PROF/CPU0/VM/Halt/R0HaltToR3                  82594 times
02:54:01.179162 /PROF/CPU0/VM/Halt/R0HaltToR3/FromSpin          1050 times
02:54:01.179163 /PROF/CPU0/VM/Halt/R0HaltToR3/Other                0 times
02:54:01.179165 /PROF/CPU0/VM/Halt/R0HaltToR3/PendingFF        65293 times
02:54:01.179166 /PROF/CPU0/VM/Halt/R0HaltToR3/PostWaitNoInt      2608 times
02:54:01.179167 /PROF/CPU0/VM/Halt/R0HaltToR3/PostWaitPendingFF     13643 times
02:54:01.179168 /PROF/CPU0/VM/Halt/R0HaltToR3/SmallDelta           0 times
02:54:01.179169 /PROF/CPU0/VM/Halt/Timers                        614 ns/call (    97745099 ns,  159073 calls, max   1016578, min       1)
02:54:01.179171 /PROF/CPU0/VM/Halt/Yield                           0 ns/call (           0 ns,       0 calls, max         0, min      -1)
02:54:01.179173 /PROF/CPU1/EM/Capped                               0 ticks/call (           0 ticks,       0 calls, max         0, min      -1)
02:54:01.179177 /PROF/CPU1/EM/ForcedActions                   722949 times
02:54:01.179178 /PROF/CPU1/EM/HMExec                        29809886 ticks/call (21294304724998 ticks,  714337 calls, max 951606496, min    2496)
02:54:01.179180 /PROF/CPU1/EM/HMExecuteCalled                 662330 times
02:54:01.179181 /PROF/CPU1/EM/Halted                          654436 times
02:54:01.179183 /PROF/CPU1/EM/NEMExec                              0 ticks/call (           0 ticks,       0 calls, max         0, min      -1)
02:54:01.179185 /PROF/CPU1/EM/NEMExecuteCalled                     0 times
02:54:01.179186 /PROF/CPU1/EM/REMTotal                             0 times
02:54:01.179187 /PROF/CPU1/EM/RecordedExits                  6459242 times
02:54:01.179189 /PROF/CPU1/EM/Total                        33277153114795 ticks/call (33277153114795 ticks,       1 calls, max 33277153114795, min 33277153114795)
02:54:01.179191 /PROF/CPU1/VM/Halt/Block                    12634471 ns/call (3748382305170 ns,  296679 calls, max 483644718, min       1)
02:54:01.179193 /PROF/CPU1/VM/Halt/BlockInsomnia             7331395 ns/call (413571367801 ns,   56411 calls, max 483644718, min       1)
02:54:01.179194 /PROF/CPU1/VM/Halt/BlockOnTime              13276829 ns/call (2845888492338 ns,  214350 calls, max 365101129, min       1)
02:54:01.179196 /PROF/CPU1/VM/Halt/BlockOverslept             320981 ns/call (  8319191272 ns,   25918 calls, max   2793942, min   50005)
02:54:01.179198 /PROF/CPU1/VM/Halt/R0HaltBlock              11683242 ns/call (6630087998518 ns,  567487 calls, max 298540216, min       2)
02:54:01.179200 /PROF/CPU1/VM/Halt/R0HaltBlockInsomnia      17832208 ns/call (797670347906 ns,   44732 calls, max 200239343, min       2)
02:54:01.179202 /PROF/CPU1/VM/Halt/R0HaltBlockOnTime        10139425 ns/call (4993291766362 ns,  492463 calls, max 298540216, min       2)
02:54:01.179204 /PROF/CPU1/VM/Halt/R0HaltBlockOverslept       108815 ns/call (  3296244422 ns,   30292 calls, max   4629104, min   50005)
02:54:01.179205 /PROF/CPU1/VM/Halt/R0HaltExec                  32148 times
02:54:01.179207 /PROF/CPU1/VM/Halt/R0HaltExec/FromBlock        27752 times
02:54:01.179208 /PROF/CPU1/VM/Halt/R0HaltExec/FromSpin          3340 times
02:54:01.179209 /PROF/CPU1/VM/Halt/R0HaltHistoryCounter       684928 times
02:54:01.179210 /PROF/CPU1/VM/Halt/R0HaltHistorySucceeded          4 times
02:54:01.179211 /PROF/CPU1/VM/Halt/R0HaltHistoryToRing3          127 times
02:54:01.179212 /PROF/CPU1/VM/Halt/R0HaltToR3                 652780 times
02:54:01.179214 /PROF/CPU1/VM/Halt/R0HaltToR3/FromSpin             3 times
02:54:01.179215 /PROF/CPU1/VM/Halt/R0HaltToR3/Other                1 times
02:54:01.179216 /PROF/CPU1/VM/Halt/R0HaltToR3/PendingFF       111601 times
02:54:01.179217 /PROF/CPU1/VM/Halt/R0HaltToR3/PostWaitNoInt    520644 times
02:54:01.179219 /PROF/CPU1/VM/Halt/R0HaltToR3/PostWaitPendingFF     19091 times
02:54:01.179220 /PROF/CPU1/VM/Halt/R0HaltToR3/SmallDelta        1440 times
02:54:01.179221 /PROF/CPU1/VM/Halt/Timers                      10915 ns/call ( 10223685766 ns,  936644 calls, max   1455880, min       2)
02:54:01.179223 /PROF/CPU1/VM/Halt/Yield                        1150 ns/call (       52916 ns,      46 calls, max      5067, min       1)
02:54:01.179225 /Public/NetAdapter/0/BytesReceived             12794 bytes
02:54:01.179226 /Public/NetAdapter/0/BytesTransmitted           7243 bytes
02:54:01.179227 /Public/NetAdapter/0/e1000                         0 
02:54:01.179228 /Public/NetAdapter/1/BytesReceived            114745 bytes
02:54:01.179229 /Public/NetAdapter/1/BytesTransmitted          17628 bytes
02:54:01.179231 /Public/NetAdapter/1/e1000                         1 
02:54:01.179232 /Public/Storage/AHCI0/Port0/BytesRead        6358016 bytes
02:54:01.179233 /Public/Storage/AHCI0/Port0/QueryBufAttempts         0 count
02:54:01.179234 /Public/Storage/AHCI0/Port0/QueryBufSuccess         0 count
02:54:01.179236 /Public/Storage/AHCI0/Port0/ReqsFlush              1 count
02:54:01.179237 /Public/Storage/AHCI0/Port0/ReqsRead             128 count
02:54:01.179240 /Public/Storage/AHCI0/Port0/ReqsSubmitted        129 count
02:54:01.179241 /Public/Storage/AHCI0/Port0/ReqsSucceeded        129 count
02:54:01.179243 /Public/Storage/PIIX3IDE0/Port0/BytesRead  201646080 bytes
02:54:01.179244 /Public/Storage/PIIX3IDE0/Port0/QueryBufAttempts         0 count
02:54:01.179245 /Public/Storage/PIIX3IDE0/Port0/QueryBufSuccess         0 count
02:54:01.179246 /Public/Storage/PIIX3IDE0/Port0/ReqsRead        7444 count
02:54:01.179248 /Public/Storage/PIIX3IDE0/Port0/ReqsSubmitted      7444 count
02:54:01.179249 /Public/Storage/PIIX3IDE0/Port0/ReqsSucceeded      7444 count
02:54:01.179250 /SELM/LoadHidSel/GstReadErrors                     0 times
02:54:01.179252 /SELM/LoadHidSel/NoGoodGuest                       0 times
02:54:01.179253 /TM/CPU/00/cNsExecuting                    34161450674 ns
02:54:01.179254 /TM/CPU/00/cNsHalted                       2300752772491 ns
02:54:01.179256 /TM/CPU/00/cNsOther                        8106153822622 ns
02:54:01.179257 /TM/CPU/00/cNsTotal                        10441068045787 ns
02:54:01.179259 /TM/CPU/00/cPeriodsExecuting                24784365 count
02:54:01.179260 /TM/CPU/00/cPeriodsHalted                      79027 count
02:54:01.179262 /TM/CPU/00/pctExecuting                            0 %
02:54:01.179263 /TM/CPU/00/pctHalted                              23 %
02:54:01.179264 /TM/CPU/00/pctOther                               76 %
02:54:01.179266 /TM/CPU/01/cNsExecuting                    34015888806 ns
02:54:01.179267 /TM/CPU/01/cNsHalted                       3759189096983 ns
02:54:01.179269 /TM/CPU/01/cNsOther                        6647863053818 ns
02:54:01.179270 /TM/CPU/01/cNsTotal                        10441068039607 ns
02:54:01.179271 /TM/CPU/01/cPeriodsExecuting                 6459241 count
02:54:01.179273 /TM/CPU/01/cPeriodsHalted                     637870 count
02:54:01.179274 /TM/CPU/01/pctExecuting                            0 %
02:54:01.179275 /TM/CPU/01/pctHalted                              28 %
02:54:01.179277 /TM/CPU/01/pctOther                               71 %
02:54:01.179278 /TM/CPU/pctExecuting                               0 %
02:54:01.179279 /TM/CPU/pctHalted                                 25 %
02:54:01.179281 /TM/CPU/pctOther                                  73 %
02:54:01.179282 /TM/MaxHzHint                                      0 Hz
02:54:01.179283 /TM/MaxHzHint/real                                 0 Hz
02:54:01.179285 /TM/MaxHzHint/tsc                                  0 Hz
02:54:01.179286 /TM/MaxHzHint/virtual                              0 Hz
02:54:01.179287 /TM/MaxHzHint/virtual_sync                         0 Hz
02:54:01.179289 /TM/PIT/Handler                                    0 ticks/call (           0 ticks,       0 calls, max         0, min      -1)
02:54:01.179290 /TM/PIT/Irq                                        0 times
02:54:01.179292 /TM/R3/1nsSteps                                98349 times
02:54:01.179293 /TM/TSC/offCPU0                            36927401864442 ticks
02:54:01.179295 /TM/TSC/offCPU1                            36927401864442 ticks
02:54:01.179296 /TM/VirtualSync/CurrentOffset                 499162 ns
02:54:01.179298 /TRPM/ForwardRaw/IRQ/20                           56 times
02:54:01.179299 /TRPM/ForwardRaw/IRQ/21                            1 times
02:54:01.179300 /TRPM/ForwardRaw/IRQ/23                           65 times
02:54:01.179302 /TRPM/ForwardRaw/IRQ/24                          296 times
02:54:01.179303 /TRPM/ForwardRaw/IRQ/30                            2 times
02:54:01.179307 /TRPM/ForwardRaw/IRQ/EC                       689133 times
02:54:01.179309 /TRPM/ForwardRaw/IRQ/FB                        54856 times
02:54:01.179310 /TRPM/ForwardRaw/IRQ/FD                         1386 times
02:54:01.179312 /TRPM/ForwardRaw/TRAP/08                          12 times
02:54:01.179455 /VMM/EmtHashCollisions/Emt00                       0 times
02:54:01.179462 /VMM/EmtHashCollisions/Emt01                       0 times
02:54:01.179463 /VMM/LogFlush/00-Flushes                           0 times
02:54:01.179471 /VMM/LogFlush/00-NoWakups                          0 times
02:54:01.179472 /VMM/LogFlush/CPU0/Rel/cbBuf                    4096 bytes
02:54:01.179473 /VMM/LogFlush/CPU1/Rel/cbBuf                    4096 bytes
02:54:01.179475 ********************* End of statistics **********************
02:54:01.180762 E1000#0: Interrupt attempts: 5367
02:54:01.180765 E1000#0: Interrupts raised : 5283
02:54:01.180765 E1000#0: Interrupts lowered: 0
02:54:01.180766 E1000#0: ICR outside ISR   : 0
02:54:01.180766 E1000#0: IMS raised ints   : 13
02:54:01.180767 E1000#0: Interrupts skipped: 66
02:54:01.180767 E1000#0: Masked interrupts : 18
02:54:01.180767 E1000#0: Early interrupts  : 0
02:54:01.180768 E1000#0: Late interrupts   : 6
02:54:01.180768 E1000#0: Lost interrupts   : 0
02:54:01.180769 E1000#0: Interrupts by RX  : 79
02:54:01.180769 E1000#0: Interrupts by TX  : 68
02:54:01.180770 E1000#0: Interrupts by ICS : 5150
02:54:01.180770 E1000#0: Interrupts by RDTR: 0
02:54:01.180771 E1000#0: Interrupts by RDMT: 0
02:54:01.180771 E1000#0: Interrupts by TXQE: 0
02:54:01.180771 E1000#0: TX int delay asked: 0
02:54:01.180772 E1000#0: TX delayed:         0
02:54:01.180772 E1000#0: TX delay expired:   0
02:54:01.180773 E1000#0: TX no report asked: 36
02:54:01.180773 E1000#0: TX abs timer expd : 0
02:54:01.180774 E1000#0: TX int timer expd : 0
02:54:01.180774 E1000#0: RX abs timer expd : 0
02:54:01.180774 E1000#0: RX int timer expd : 0
02:54:01.180775 E1000#0: TX CTX descriptors: 30
02:54:01.180775 E1000#0: TX DAT descriptors: 36
02:54:01.180776 E1000#0: TX LEG descriptors: 38
02:54:01.180776 E1000#0: Received frames   : 79
02:54:01.180777 E1000#0: Transmitted frames: 68
02:54:01.180777 E1000#0: TX frames up to 1514: 68
02:54:01.180777 E1000#0: TX frames up to 2962: 0
02:54:01.180778 E1000#0: TX frames up to 4410: 0
02:54:01.180778 E1000#0: TX frames up to 5858: 0
02:54:01.180779 E1000#0: TX frames up to 7306: 0
02:54:01.180779 E1000#0: TX frames up to 8754: 0
02:54:01.180780 E1000#0: TX frames up to 16384: 0
02:54:01.180780 E1000#0: TX frames up to 32768: 0
02:54:01.180780 E1000#0: Larger TX frames    : 0
02:54:01.180781 E1000#0: Max TX Delay        : 0
02:54:01.180935 E1000#1: Interrupt attempts: 6013
02:54:01.180936 E1000#1: Interrupts raised : 5412
02:54:01.180936 E1000#1: Interrupts lowered: 8
02:54:01.180936 E1000#1: ICR outside ISR   : 0
02:54:01.180937 E1000#1: IMS raised ints   : 14
02:54:01.180937 E1000#1: Interrupts skipped: 265
02:54:01.180938 E1000#1: Masked interrupts : 336
02:54:01.180938 E1000#1: Early interrupts  : 0
02:54:01.180939 E1000#1: Late interrupts   : 5
02:54:01.180939 E1000#1: Lost interrupts   : 0
02:54:01.180940 E1000#1: Interrupts by RX  : 681
02:54:01.180940 E1000#1: Interrupts by TX  : 84
02:54:01.180940 E1000#1: Interrupts by ICS : 5160
02:54:01.180941 E1000#1: Interrupts by RDTR: 0
02:54:01.180941 E1000#1: Interrupts by RDMT: 0
02:54:01.180942 E1000#1: Interrupts by TXQE: 0
02:54:01.180942 E1000#1: TX int delay asked: 0
02:54:01.180943 E1000#1: TX delayed:         0
02:54:01.180943 E1000#1: TX delay expired:   0
02:54:01.180944 E1000#1: TX no report asked: 16
02:54:01.180944 E1000#1: TX abs timer expd : 0
02:54:01.180944 E1000#1: TX int timer expd : 0
02:54:01.180945 E1000#1: RX abs timer expd : 0
02:54:01.180945 E1000#1: RX int timer expd : 0
02:54:01.180946 E1000#1: TX CTX descriptors: 11
02:54:01.180946 E1000#1: TX DAT descriptors: 16
02:54:01.180947 E1000#1: TX LEG descriptors: 73
02:54:01.180947 E1000#1: Received frames   : 681
02:54:01.180947 E1000#1: Transmitted frames: 84
02:54:01.180948 E1000#1: TX frames up to 1514: 84
02:54:01.180948 E1000#1: TX frames up to 2962: 0
02:54:01.180949 E1000#1: TX frames up to 4410: 0
02:54:01.180949 E1000#1: TX frames up to 5858: 0
02:54:01.180950 E1000#1: TX frames up to 7306: 0
02:54:01.180950 E1000#1: TX frames up to 8754: 0
02:54:01.180950 E1000#1: TX frames up to 16384: 0
02:54:01.180951 E1000#1: TX frames up to 32768: 0
02:54:01.180951 E1000#1: Larger TX frames    : 0
02:54:01.180952 E1000#1: Max TX Delay        : 0
02:54:01.202510 GIM: KVM: Resetting MSRs
02:54:01.203173 vmmR3LogFlusher: Terminating (VERR_OBJECT_DESTROYED)
02:54:01.203202 Changing the VM state from 'DESTROYING' to 'TERMINATED'
02:54:01.203210 Console: Machine state changed to 'PoweredOff'
02:54:01.203240 VBoxHeadless: processEventQueue: VERR_INTERRUPTED, termination requested
02:54:01.221983 VBoxHeadless: exiting
