00:00:00.006092 VirtualBox VM 7.2.8 r173730 linux.amd64 (Apr 20 2026 11:18:10) release log
00:00:00.006093 Log opened 2026-05-14T02:58:38.379265000Z
00:00:00.006093 Build Type: release
00:00:00.006094 OS Product: Linux
00:00:00.006094 OS Release: 7.0.0-15-generic
00:00:00.006095 OS Version: #15-Ubuntu SMP PREEMPT_DYNAMIC Wed Apr 22 16:06:43 UTC 2026
00:00:00.006104 DMI Product Name: System Product Name
00:00:00.006107 DMI Product Version: System Version
00:00:00.006109 Firmware type: UEFI
00:00:00.006256 Secure Boot: Disabled
00:00:00.006272 Host RAM: 93988MB (91.7GB) total, 69735MB (68.1GB) available
00:00:00.006273 Executable: /opt/VirtualBox/VBoxHeadless
00:00:00.006273 Process ID: 1292496
00:00:00.006273 Package type: LINUX_64BITS_GENERIC
00:00:00.008147 Installed Extension Packs:
00:00:00.008152   None installed!
00:00:00.008521 Console: Machine state changed to 'Starting'
00:00:00.011855 SUP: seg #0: R   0x00000000 LB 0x0004d000
00:00:00.011855 SUP: seg #1: R X 0x0004d000 LB 0x00248000
00:00:00.011855 SUP: seg #2: R   0x00295000 LB 0x00078000
00:00:00.011855 SUP: seg #3: RW  0x0030d000 LB 0x0002db48
00:00:00.014596 SUP: Loaded VMMR0.r0 (/opt/VirtualBox/VMMR0.r0) at 0xXXXXXXXXXXXXXXXX - ModuleInit at XXXXXXXXXXXXXXXX and ModuleTerm at XXXXXXXXXXXXXXXX
00:00:00.014600 SUP: VMMR0EntryEx located at XXXXXXXXXXXXXXXX and VMMR0EntryFast at XXXXXXXXXXXXXXXX
00:00:00.016091 Guest architecture: x86
00:00:00.016123 Guest OS type: 'Linux26_64'
00:00:00.016560 fHMForced=true - No raw-mode support in this build!
00:00:00.016562 Using execution engine 1
00:00:00.018693 File system of '/home/xxx/dev.environment/resources/software/virtualbox/clustering/virtualbox-v2/talos-cluster-cp-1/talos-cluster-cp-1.vdi' is ext4
00:00:00.019993 File system of '/home/xxx/dev.environment/resources/software/virtualbox/clustering/virtualbox-v2/talos-v1.8.3-metal-amd64.iso' (DVD) is ext4
00:00:00.030587 Shared Clipboard: Service loaded
00:00:00.030608 Shared Clipboard: Mode: Off
00:00:00.030641 Shared Clipboard: Service running in headless mode
00:00:00.031008 Drag and drop service loaded
00:00:00.031009 Drag and drop mode: Off
00:00:00.037108 Audio: Detected default audio driver type is 'ALSAAudio'
00:00:00.040404 ************************* CFGM dump *************************
00:00:00.040406 [/] (level 0)
00:00:00.040407   CpuExecutionCap   <integer> = 0x0000000000000064 (100)
00:00:00.040409   EnablePAE         <integer> = 0x0000000000000001 (1)
00:00:00.040409   HMEnabled         <integer> = 0x0000000000000001 (1)
00:00:00.040409   MemBalloonSize    <integer> = 0x0000000000000000 (0, 0 B)
00:00:00.040411   Name              <string>  = "talos-cluster-cp-1" (cb=19)
00:00:00.040411   NumCPUs           <integer> = 0x0000000000000002 (2)
00:00:00.040411   PageFusionAllowed <integer> = 0x0000000000000000 (0)
00:00:00.040412   RamHoleSize       <integer> = 0x0000000020000000 (536 870 912, 512.0 MiB)
00:00:00.040412   RamSize           <integer> = 0x0000000080000000 (2 147 483 648, 2.0 GiB)
00:00:00.040413   TimerMillies      <integer> = 0x000000000000000a (10)
00:00:00.040413   UUID              <bytes>   = "82 08 cb 7b 97 8e 1b 41 b9 c9 de 57 90 40 98 b3" (cb=16)
00:00:00.040418 
00:00:00.040418 [/CPUM/] (level 1)
00:00:00.040419   Enable64bit        <integer> = 0x0000000000000001 (1)
00:00:00.040419   GuestCpuName       <string>  = "host" (cb=5)
00:00:00.040420   NestedHWVirt       <integer> = 0x0000000000000000 (0)
00:00:00.040420   PortableCpuIdLevel <integer> = 0x0000000000000000 (0)
00:00:00.040420   SpecCtrl           <integer> = 0x0000000000000000 (0)
00:00:00.040420 
00:00:00.040421 [/CPUM/IsaExts/] (level 2)
00:00:00.040421 
00:00:00.040421 [/DBGC/] (level 1)
00:00:00.040421   GlobalInitScript <string>  = "/home/xxx/.config/VirtualBox/dbgc-init" (cb=39)
00:00:00.040422   HistoryFile      <string>  = "/home/xxx/.config/VirtualBox/dbgc-history" (cb=42)
00:00:00.040422   LocalInitScript  <string>  = "/home/xxx/dev.environment/resources/software/virtualbox/clustering/virtualbox-v2/talos-cluster-cp-1/dbgc-init" (cb=110)
00:00:00.040422 
00:00:00.040422 [/DBGF/] (level 1)
00:00:00.040423   Path <string>  = "/home/xxx/dev.environment/resources/software/virtualbox/clustering/virtualbox-v2/talos-cluster-cp-1/debug/;/home/xxx/dev.environment/resources/software/virtualbox/clustering/virtualbox-v2/talos-cluster-cp-1/;cache*/home/xxx/dev.environment/resources/software/virtualbox/clustering/virtualbox-v2/talos-cluster-cp-1/dbgcache/;/home/xxx/" (cb=335)
00:00:00.040423 
00:00:00.040423 [/Devices/] (level 1)
00:00:00.040423 
00:00:00.040424 [/Devices/3c501/] (level 2)
00:00:00.040424 
00:00:00.040424 [/Devices/8237A/] (level 2)
00:00:00.040424 
00:00:00.040424 [/Devices/8237A/0/] (level 3)
00:00:00.040425   Trusted <integer> = 0x0000000000000001 (1)
00:00:00.040425 
00:00:00.040425 [/Devices/GIMDev/] (level 2)
00:00:00.040425 
00:00:00.040425 [/Devices/GIMDev/0/] (level 3)
00:00:00.040426   Trusted <integer> = 0x0000000000000001 (1)
00:00:00.040426 
00:00:00.040426 [/Devices/VMMDev/] (level 2)
00:00:00.040427 
00:00:00.040427 [/Devices/VMMDev/0/] (level 3)
00:00:00.040427   PCIBusNo      <integer> = 0x0000000000000000 (0)
00:00:00.040427   PCIDeviceNo   <integer> = 0x0000000000000004 (4)
00:00:00.040428   PCIFunctionNo <integer> = 0x0000000000000000 (0)
00:00:00.040428   Trusted       <integer> = 0x0000000000000001 (1)
00:00:00.040428 
00:00:00.040428 [/Devices/VMMDev/0/Config/] (level 4)
00:00:00.040429   GuestCoreDumpDir <string>  = "/home/xxx/dev.environment/resources/software/virtualbox/clustering/virtualbox-v2/talos-cluster-cp-1/Snapshots" (cb=110)
00:00:00.040429 
00:00:00.040429 [/Devices/VMMDev/0/LUN#0/] (level 4)
00:00:00.040430   Driver <string>  = "HGCM" (cb=5)
00:00:00.040430 
00:00:00.040430 [/Devices/VMMDev/0/LUN#0/Config/] (level 5)
00:00:00.040430 
00:00:00.040430 [/Devices/VMMDev/0/LUN#999/] (level 4)
00:00:00.040431   Driver <string>  = "MainStatus" (cb=11)
00:00:00.040431 
00:00:00.040431 [/Devices/VMMDev/0/LUN#999/Config/] (level 5)
00:00:00.040432   First                <integer> = 0x0000000000000000 (0)
00:00:00.040432   HasMediumAttachments <integer> = 0x0000000000000000 (0)
00:00:00.040432   Last                 <integer> = 0x0000000000000000 (0)
00:00:00.040433   iLedSet              <integer> = 0x0000000000000005 (5)
00:00:00.040433 
00:00:00.040433 [/Devices/acpi/] (level 2)
00:00:00.040433 
00:00:00.040433 [/Devices/acpi/0/] (level 3)
00:00:00.040434   PCIBusNo      <integer> = 0x0000000000000000 (0)
00:00:00.040434   PCIDeviceNo   <integer> = 0x0000000000000007 (7)
00:00:00.040434   PCIFunctionNo <integer> = 0x0000000000000000 (0)
00:00:00.040435   Trusted       <integer> = 0x0000000000000001 (1)
00:00:00.040435 
00:00:00.040435 [/Devices/acpi/0/Config/] (level 4)
00:00:00.040436   CpuHotPlug          <integer> = 0x0000000000000000 (0)
00:00:00.040436   FdcEnabled          <integer> = 0x0000000000000000 (0)
00:00:00.040436   HostBusPciAddress   <integer> = 0x0000000000000000 (0)
00:00:00.040436   HpetEnabled         <integer> = 0x0000000000000000 (0)
00:00:00.040437   IOAPIC              <integer> = 0x0000000000000001 (1)
00:00:00.040437   IocPciAddress       <integer> = 0x0000000000010000 (65 536)
00:00:00.040437   NumCPUs             <integer> = 0x0000000000000002 (2)
00:00:00.040438   Parallel0IoPortBase <integer> = 0x0000000000000000 (0)
00:00:00.040438   Parallel0Irq        <integer> = 0x0000000000000000 (0)
00:00:00.040438   Parallel1IoPortBase <integer> = 0x0000000000000000 (0)
00:00:00.040438   Parallel1Irq        <integer> = 0x0000000000000000 (0)
00:00:00.040439   Serial0IoPortBase   <integer> = 0x0000000000000000 (0)
00:00:00.040439   Serial0Irq          <integer> = 0x0000000000000000 (0)
00:00:00.040439   Serial1IoPortBase   <integer> = 0x0000000000000000 (0)
00:00:00.040440   Serial1Irq          <integer> = 0x0000000000000000 (0)
00:00:00.040440   ShowCpu             <integer> = 0x0000000000000001 (1)
00:00:00.040440   ShowRtc             <integer> = 0x0000000000000000 (0)
00:00:00.040440   SmcEnabled          <integer> = 0x0000000000000000 (0)
00:00:00.040441 
00:00:00.040441 [/Devices/acpi/0/LUN#0/] (level 4)
00:00:00.040441   Driver <string>  = "ACPIHost" (cb=9)
00:00:00.040441 
00:00:00.040441 [/Devices/acpi/0/LUN#0/Config/] (level 5)
00:00:00.040442 
00:00:00.040442 [/Devices/acpi/0/LUN#1/] (level 4)
00:00:00.040442   Driver <string>  = "ACPICpu" (cb=8)
00:00:00.040443 
00:00:00.040443 [/Devices/acpi/0/LUN#1/Config/] (level 5)
00:00:00.040443 
00:00:00.040443 [/Devices/ahci/] (level 2)
00:00:00.040443 
00:00:00.040444 [/Devices/ahci/0/] (level 3)
00:00:00.040444   PCIBusNo      <integer> = 0x0000000000000000 (0)
00:00:00.040444   PCIDeviceNo   <integer> = 0x000000000000000d (13)
00:00:00.040445   PCIFunctionNo <integer> = 0x0000000000000000 (0)
00:00:00.040445   Trusted       <integer> = 0x0000000000000001 (1)
00:00:00.040445 
00:00:00.040445 [/Devices/ahci/0/Config/] (level 4)
00:00:00.040446   Bootable  <integer> = 0x0000000000000001 (1)
00:00:00.040446   PortCount <integer> = 0x000000000000001e (30)
00:00:00.040446 
00:00:00.040446 [/Devices/ahci/0/Config/Port0/] (level 5)
00:00:00.040447   Hotpluggable <integer> = 0x0000000000000000 (0)
00:00:00.040447 
00:00:00.040447 [/Devices/ahci/0/LUN#0/] (level 4)
00:00:00.040447   Driver <string>  = "VD" (cb=3)
00:00:00.040447 
00:00:00.040448 [/Devices/ahci/0/LUN#0/Config/] (level 5)
00:00:00.040448   BlockCache <integer> = 0x0000000000000001 (1)
00:00:00.040448   Format     <string>  = "VDI" (cb=4)
00:00:00.040449   Mountable  <integer> = 0x0000000000000000 (0)
00:00:00.040449   Path       <string>  = "/home/xxx/dev.environment/resources/software/virtualbox/clustering/virtualbox-v2/talos-cluster-cp-1/talos-cluster-cp-1.vdi" (cb=123)
00:00:00.040449   Type       <string>  = "HardDisk" (cb=9)
00:00:00.040450   UseNewIo   <integer> = 0x0000000000000001 (1)
00:00:00.040450 
00:00:00.040450 [/Devices/ahci/0/LUN#0/Config/VDConfig/] (level 6)
00:00:00.040450   AllocationBlockSize <string>  = "1048576" (cb=8)
00:00:00.040451 
00:00:00.040451 [/Devices/ahci/0/LUN#999/] (level 4)
00:00:00.040451   Driver <string>  = "MainStatus" (cb=11)
00:00:00.040451 
00:00:00.040451 [/Devices/ahci/0/LUN#999/Config/] (level 5)
00:00:00.040452   DeviceInstance       <string>  = "ahci/0" (cb=7)
00:00:00.040452   First                <integer> = 0x0000000000000000 (0)
00:00:00.040453   HasMediumAttachments <integer> = 0x0000000000000001 (1)
00:00:00.040453   Last                 <integer> = 0x000000000000001d (29)
00:00:00.040453   iLedSet              <integer> = 0x0000000000000001 (1)
00:00:00.040453 
00:00:00.040454 [/Devices/apic/] (level 2)
00:00:00.040454 
00:00:00.040454 [/Devices/apic/0/] (level 3)
00:00:00.040454   Trusted <integer> = 0x0000000000000001 (1)
00:00:00.040454 
00:00:00.040455 [/Devices/apic/0/Config/] (level 4)
00:00:00.040455   IOAPIC  <integer> = 0x0000000000000001 (1)
00:00:00.040455   Mode    <integer> = 0x0000000000000003 (3)
00:00:00.040455   NumCPUs <integer> = 0x0000000000000002 (2)
00:00:00.040456 
00:00:00.040456 [/Devices/dp8390/] (level 2)
00:00:00.040456 
00:00:00.040456 [/Devices/e1000/] (level 2)
00:00:00.040456 
00:00:00.040457 [/Devices/e1000/0/] (level 3)
00:00:00.040457   PCIBusNo      <integer> = 0x0000000000000000 (0)
00:00:00.040457   PCIDeviceNo   <integer> = 0x0000000000000003 (3)
00:00:00.040457   PCIFunctionNo <integer> = 0x0000000000000000 (0)
00:00:00.040458   Trusted       <integer> = 0x0000000000000001 (1)
00:00:00.040458 
00:00:00.040458 [/Devices/e1000/0/Config/] (level 4)
00:00:00.040458   AdapterType    <integer> = 0x0000000000000000 (0)
00:00:00.040459   CableConnected <integer> = 0x0000000000000001 (1)
00:00:00.040459   LineSpeed      <integer> = 0x0000000000000000 (0)
00:00:00.040459   MAC            <bytes>   = "08 00 27 89 aa 43" (cb=6)
00:00:00.040460 
00:00:00.040460 [/Devices/e1000/0/LUN#0/] (level 4)
00:00:00.040460   Driver <string>  = "NAT" (cb=4)
00:00:00.040460 
00:00:00.040460 [/Devices/e1000/0/LUN#0/Config/] (level 5)
00:00:00.040461   AliasMode          <integer> = 0x0000000000000000 (0)
00:00:00.040461   DNSProxy           <integer> = 0x0000000000000000 (0)
00:00:00.040462   EnableTFTP         <integer> = 0x0000000000000000 (0)
00:00:00.040462   ForwardBroadcast   <integer> = 0x0000000000000000 (0)
00:00:00.040462   LocalhostReachable <integer> = 0x0000000000000000 (0)
00:00:00.040462   Network            <string>  = "10.0.2.0/24" (cb=12)
00:00:00.040463   PassDomain         <integer> = 0x0000000000000001 (1)
00:00:00.040463   UseHostResolver    <integer> = 0x0000000000000000 (0)
00:00:00.040463 
00:00:00.040463 [/Devices/e1000/0/LUN#999/] (level 4)
00:00:00.040464   Driver <string>  = "MainStatus" (cb=11)
00:00:00.040464 
00:00:00.040464 [/Devices/e1000/0/LUN#999/Config/] (level 5)
00:00:00.040464   First                <integer> = 0x0000000000000000 (0)
00:00:00.040465   HasMediumAttachments <integer> = 0x0000000000000000 (0)
00:00:00.040465   Last                 <integer> = 0x0000000000000000 (0)
00:00:00.040465   iLedSet              <integer> = 0x0000000000000003 (3)
00:00:00.040466 
00:00:00.040466 [/Devices/e1000/1/] (level 3)
00:00:00.040466   PCIBusNo      <integer> = 0x0000000000000000 (0)
00:00:00.040466   PCIDeviceNo   <integer> = 0x0000000000000008 (8)
00:00:00.040467   PCIFunctionNo <integer> = 0x0000000000000000 (0)
00:00:00.040467   Trusted       <integer> = 0x0000000000000001 (1)
00:00:00.040467 
00:00:00.040467 [/Devices/e1000/1/Config/] (level 4)
00:00:00.040467   AdapterType    <integer> = 0x0000000000000000 (0)
00:00:00.040468   CableConnected <integer> = 0x0000000000000001 (1)
00:00:00.040468   LineSpeed      <integer> = 0x0000000000000000 (0)
00:00:00.040468   MAC            <bytes>   = "08 00 27 0f 83 0f" (cb=6)
00:00:00.040469 
00:00:00.040469 [/Devices/e1000/1/LUN#0/] (level 4)
00:00:00.040469   Driver <string>  = "IntNet" (cb=7)
00:00:00.040469 
00:00:00.040469 [/Devices/e1000/1/LUN#0/Config/] (level 5)
00:00:00.040470   IfPolicyPromisc <string>  = "deny" (cb=5)
00:00:00.040470   Network         <string>  = "HostInterfaceNetworking-vboxnet0" (cb=33)
00:00:00.040471   Trunk           <string>  = "vboxnet0" (cb=9)
00:00:00.040471   TrunkType       <integer> = 0x0000000000000003 (3)
00:00:00.040471 
00:00:00.040471 [/Devices/e1000/1/LUN#999/] (level 4)
00:00:00.040472   Driver <string>  = "MainStatus" (cb=11)
00:00:00.040472 
00:00:00.040472 [/Devices/e1000/1/LUN#999/Config/] (level 5)
00:00:00.040472   First                <integer> = 0x0000000000000000 (0)
00:00:00.040473   HasMediumAttachments <integer> = 0x0000000000000000 (0)
00:00:00.040473   Last                 <integer> = 0x0000000000000000 (0)
00:00:00.040473   iLedSet              <integer> = 0x0000000000000004 (4)
00:00:00.040473 
00:00:00.040474 [/Devices/i8254/] (level 2)
00:00:00.040474 
00:00:00.040474 [/Devices/i8254/0/] (level 3)
00:00:00.040474 
00:00:00.040474 [/Devices/i8254/0/Config/] (level 4)
00:00:00.040475 
00:00:00.040475 [/Devices/i8259/] (level 2)
00:00:00.040475 
00:00:00.040475 [/Devices/i8259/0/] (level 3)
00:00:00.040476   Trusted <integer> = 0x0000000000000001 (1)
00:00:00.040476 
00:00:00.040476 [/Devices/i8259/0/Config/] (level 4)
00:00:00.040476 
00:00:00.040476 [/Devices/ichac97/] (level 2)
00:00:00.040477 
00:00:00.040477 [/Devices/ichac97/0/] (level 3)
00:00:00.040477   PCIBusNo      <integer> = 0x0000000000000000 (0)
00:00:00.040477   PCIDeviceNo   <integer> = 0x0000000000000005 (5)
00:00:00.040478   PCIFunctionNo <integer> = 0x0000000000000000 (0)
00:00:00.040478   Trusted       <integer> = 0x0000000000000001 (1)
00:00:00.040478 
00:00:00.040478 [/Devices/ichac97/0/AudioConfig/] (level 4)
00:00:00.040479 
00:00:00.040479 [/Devices/ichac97/0/Config/] (level 4)
00:00:00.040479   Codec        <string>  = "STAC9700" (cb=9)
00:00:00.040479   DebugEnabled <integer> = 0x0000000000000000 (0)
00:00:00.040480 
00:00:00.040480 [/Devices/ichac97/0/LUN#0/] (level 4)
00:00:00.040480   Driver <string>  = "AUDIO" (cb=6)
00:00:00.040480 
00:00:00.040480 [/Devices/ichac97/0/LUN#0/AttachedDriver/] (level 5)
00:00:00.040481   Driver <string>  = "ALSAAudio" (cb=10)
00:00:00.040481 
00:00:00.040481 [/Devices/ichac97/0/LUN#0/AttachedDriver/Config/] (level 6)
00:00:00.040482 
00:00:00.040482 [/Devices/ichac97/0/LUN#0/Config/] (level 5)
00:00:00.040482   DriverName    <string>  = "ALSAAudio" (cb=10)
00:00:00.040482   InputEnabled  <integer> = 0x0000000000000000 (0)
00:00:00.040483   OutputEnabled <integer> = 0x0000000000000000 (0)
00:00:00.040483 
00:00:00.040483 [/Devices/ichac97/0/LUN#1/] (level 4)
00:00:00.040483   Driver <string>  = "AUDIO" (cb=6)
00:00:00.040484 
00:00:00.040484 [/Devices/ichac97/0/LUN#2/] (level 4)
00:00:00.040484   Driver <string>  = "AUDIO" (cb=6)
00:00:00.040484 
00:00:00.040484 [/Devices/ioapic/] (level 2)
00:00:00.040485 
00:00:00.040485 [/Devices/ioapic/0/] (level 3)
00:00:00.040485   Trusted <integer> = 0x0000000000000001 (1)
00:00:00.040485 
00:00:00.040485 [/Devices/ioapic/0/Config/] (level 4)
00:00:00.040486   NumCPUs <integer> = 0x0000000000000002 (2)
00:00:00.040486 
00:00:00.040486 [/Devices/mc146818/] (level 2)
00:00:00.040486 
00:00:00.040486 [/Devices/mc146818/0/] (level 3)
00:00:00.040487 
00:00:00.040487 [/Devices/mc146818/0/Config/] (level 4)
00:00:00.040487   UseUTC <integer> = 0x0000000000000001 (1)
00:00:00.040488 
00:00:00.040488 [/Devices/parallel/] (level 2)
00:00:00.040488 
00:00:00.040488 [/Devices/pcarch/] (level 2)
00:00:00.040488 
00:00:00.040488 [/Devices/pcarch/0/] (level 3)
00:00:00.040489   Trusted <integer> = 0x0000000000000001 (1)
00:00:00.040489 
00:00:00.040489 [/Devices/pcarch/0/Config/] (level 4)
00:00:00.040489 
00:00:00.040490 [/Devices/pcbios/] (level 2)
00:00:00.040490 
00:00:00.040490 [/Devices/pcbios/0/] (level 3)
00:00:00.040490   Trusted <integer> = 0x0000000000000001 (1)
00:00:00.040490 
00:00:00.040490 [/Devices/pcbios/0/Config/] (level 4)
00:00:00.040491   APIC               <integer> = 0x0000000000000001 (1)
00:00:00.040492   BootDevice0        <string>  = "IDE" (cb=4)
00:00:00.040492   BootDevice1        <string>  = "DVD" (cb=4)
00:00:00.040492   BootDevice2        <string>  = "NONE" (cb=5)
00:00:00.040492   BootDevice3        <string>  = "NONE" (cb=5)
00:00:00.040493   DmiSystemSerial    <string>  = "VirtualBox-<DmiSystemUuid>" (cb=27)
00:00:00.040493   FloppyDevice       <string>  = "i82078" (cb=7)
00:00:00.040493   HardDiskDevice     <string>  = "piix3ide" (cb=9)
00:00:00.040493   IOAPIC             <integer> = 0x0000000000000001 (1)
00:00:00.040494   McfgBase           <integer> = 0x0000000000000000 (0)
00:00:00.040494   McfgLength         <integer> = 0x0000000000000000 (0)
00:00:00.040494   NumCPUs            <integer> = 0x0000000000000002 (2)
00:00:00.040494   PXEDebug           <integer> = 0x0000000000000000 (0)
00:00:00.040495   SataHardDiskDevice <string>  = "ahci" (cb=5)
00:00:00.040495   SataLUN1           <integer> = 0x0000000000000000 (0)
00:00:00.040495   UUID               <bytes>   = "82 08 cb 7b 97 8e 1b 41 b9 c9 de 57 90 40 98 b3" (cb=16)
00:00:00.040496   UuidLe             <integer> = 0x0000000000000001 (1)
00:00:00.040496 
00:00:00.040497 [/Devices/pcbios/0/Config/NetBoot/] (level 5)
00:00:00.040497 
00:00:00.040497 [/Devices/pcbios/0/Config/NetBoot/0/] (level 6)
00:00:00.040498   NIC           <integer> = 0x0000000000000000 (0)
00:00:00.040498   PCIBusNo      <integer> = 0x0000000000000000 (0)
00:00:00.040498   PCIDeviceNo   <integer> = 0x0000000000000003 (3)
00:00:00.040498   PCIFunctionNo <integer> = 0x0000000000000000 (0)
00:00:00.040499 
00:00:00.040499 [/Devices/pci/] (level 2)
00:00:00.040499 
00:00:00.040499 [/Devices/pci/0/] (level 3)
00:00:00.040500   Trusted <integer> = 0x0000000000000001 (1)
00:00:00.040500 
00:00:00.040500 [/Devices/pci/0/Config/] (level 4)
00:00:00.040500   IOAPIC <integer> = 0x0000000000000001 (1)
00:00:00.040500 
00:00:00.040501 [/Devices/pcibridge/] (level 2)
00:00:00.040501 
00:00:00.040501 [/Devices/pckbd/] (level 2)
00:00:00.040501 
00:00:00.040501 [/Devices/pckbd/0/] (level 3)
00:00:00.040502   Trusted <integer> = 0x0000000000000001 (1)
00:00:00.040502 
00:00:00.040502 [/Devices/pckbd/0/Config/] (level 4)
00:00:00.040502 
00:00:00.040502 [/Devices/pckbd/0/LUN#0/] (level 4)
00:00:00.040503   Driver <string>  = "KeyboardQueue" (cb=14)
00:00:00.040503 
00:00:00.040503 [/Devices/pckbd/0/LUN#0/AttachedDriver/] (level 5)
00:00:00.040504   Driver <string>  = "MainKeyboard" (cb=13)
00:00:00.040504 
00:00:00.040504 [/Devices/pckbd/0/LUN#0/Config/] (level 5)
00:00:00.040504   QueueSize <integer> = 0x0000000000000040 (64, 64 B)
00:00:00.040505 
00:00:00.040505 [/Devices/pckbd/0/LUN#1/] (level 4)
00:00:00.040505   Driver <string>  = "MouseQueue" (cb=11)
00:00:00.040505 
00:00:00.040505 [/Devices/pckbd/0/LUN#1/AttachedDriver/] (level 5)
00:00:00.040506   Driver <string>  = "MainMouse" (cb=10)
00:00:00.040506 
00:00:00.040506 [/Devices/pckbd/0/LUN#1/Config/] (level 5)
00:00:00.040506   QueueSize <integer> = 0x0000000000000080 (128, 128 B)
00:00:00.040507 
00:00:00.040507 [/Devices/pcnet/] (level 2)
00:00:00.040507 
00:00:00.040507 [/Devices/piix3ide/] (level 2)
00:00:00.040508 
00:00:00.040508 [/Devices/piix3ide/0/] (level 3)
00:00:00.040508   PCIBusNo      <integer> = 0x0000000000000000 (0)
00:00:00.040508   PCIDeviceNo   <integer> = 0x0000000000000001 (1)
00:00:00.040509   PCIFunctionNo <integer> = 0x0000000000000001 (1)
00:00:00.040509   Trusted       <integer> = 0x0000000000000001 (1)
00:00:00.040509 
00:00:00.040509 [/Devices/piix3ide/0/Config/] (level 4)
00:00:00.040509   Type <string>  = "PIIX4" (cb=6)
00:00:00.040510 
00:00:00.040510 [/Devices/piix3ide/0/LUN#0/] (level 4)
00:00:00.040510   Driver <string>  = "VD" (cb=3)
00:00:00.040510 
00:00:00.040511 [/Devices/piix3ide/0/LUN#0/Config/] (level 5)
00:00:00.040511   Format    <string>  = "RAW" (cb=4)
00:00:00.040511   Mountable <integer> = 0x0000000000000001 (1)
00:00:00.040512   Path      <string>  = "/home/xxx/dev.environment/resources/software/virtualbox/clustering/virtualbox-v2/talos-v1.8.3-metal-amd64.iso" (cb=110)
00:00:00.040512   ReadOnly  <integer> = 0x0000000000000001 (1)
00:00:00.040512   Type      <string>  = "DVD" (cb=4)
00:00:00.040512 
00:00:00.040512 [/Devices/piix3ide/0/LUN#999/] (level 4)
00:00:00.040513   Driver <string>  = "MainStatus" (cb=11)
00:00:00.040513 
00:00:00.040513 [/Devices/piix3ide/0/LUN#999/Config/] (level 5)
00:00:00.040514   DeviceInstance       <string>  = "piix3ide/0" (cb=11)
00:00:00.040514   First                <integer> = 0x0000000000000000 (0)
00:00:00.040514   HasMediumAttachments <integer> = 0x0000000000000001 (1)
00:00:00.040514   Last                 <integer> = 0x0000000000000003 (3)
00:00:00.040515   iLedSet              <integer> = 0x0000000000000002 (2)
00:00:00.040515 
00:00:00.040515 [/Devices/serial/] (level 2)
00:00:00.040515 
00:00:00.040515 [/Devices/vga/] (level 2)
00:00:00.040516 
00:00:00.040516 [/Devices/vga/0/] (level 3)
00:00:00.040516   PCIBusNo      <integer> = 0x0000000000000000 (0)
00:00:00.040517   PCIDeviceNo   <integer> = 0x0000000000000002 (2)
00:00:00.040517   PCIFunctionNo <integer> = 0x0000000000000000 (0)
00:00:00.040517   Trusted       <integer> = 0x0000000000000001 (1)
00:00:00.040517 
00:00:00.040517 [/Devices/vga/0/Config/] (level 4)
00:00:00.040518   3DEnabled             <integer> = 0x0000000000000000 (0)
00:00:00.040518   CustomVideoModes      <integer> = 0x0000000000000000 (0)
00:00:00.040519   FadeIn                <integer> = 0x0000000000000001 (1)
00:00:00.040519   FadeOut               <integer> = 0x0000000000000001 (1)
00:00:00.040519   HeightReduction       <integer> = 0x0000000000000000 (0)
00:00:00.040520   LogoFile              <string>  = "" (cb=1)
00:00:00.040520   LogoTime              <integer> = 0x0000000000000000 (0)
00:00:00.040520   MonitorCount          <integer> = 0x0000000000000001 (1)
00:00:00.040521   ShowBootMenu          <integer> = 0x0000000000000002 (2)
00:00:00.040521   VMSVGA3dEnabled       <integer> = 0x0000000000000000 (0)
00:00:00.040521   VMSVGAEnabled         <integer> = 0x0000000000000001 (1)
00:00:00.040521   VMSVGAPciBarLayout    <integer> = 0x0000000000000001 (1)
00:00:00.040522   VMSVGAPciId           <integer> = 0x0000000000000001 (1)
00:00:00.040522   VRamSize              <integer> = 0x0000000001000000 (16 777 216, 16.0 MiB)
00:00:00.040522   VmSvga3               <integer> = 0x0000000000000000 (0)
00:00:00.040523   VmSvgaExposeLegacyVga <integer> = 0x0000000000000001 (1)
00:00:00.040523 
00:00:00.040523 [/Devices/vga/0/LUN#0/] (level 4)
00:00:00.040523   Driver <string>  = "MainDisplay" (cb=12)
00:00:00.040524 
00:00:00.040524 [/Devices/vga/0/LUN#0/Config/] (level 5)
00:00:00.040524 
00:00:00.040524 [/Devices/vga/0/LUN#999/] (level 4)
00:00:00.040525   Driver <string>  = "MainStatus" (cb=11)
00:00:00.040525 
00:00:00.040525 [/Devices/vga/0/LUN#999/Config/] (level 5)
00:00:00.040525   First                <integer> = 0x0000000000000000 (0)
00:00:00.040526   HasMediumAttachments <integer> = 0x0000000000000000 (0)
00:00:00.040526   Last                 <integer> = 0x0000000000000000 (0)
00:00:00.040526   iLedSet              <integer> = 0x0000000000000000 (0)
00:00:00.040527 
00:00:00.040527 [/Devices/virtio-net/] (level 2)
00:00:00.040527 
00:00:00.040527 [/EM/] (level 1)
00:00:00.040527   TripleFaultReset <integer> = 0x0000000000000000 (0)
00:00:00.040528 
00:00:00.040528 [/GCM/] (level 1)
00:00:00.040528   MesaVmsvgaDrv <integer> = 0x0000000000000001 (1)
00:00:00.040528 
00:00:00.040528 [/GIM/] (level 1)
00:00:00.040529   Provider <string>  = "KVM" (cb=4)
00:00:00.040529 
00:00:00.040529 [/HM/] (level 1)
00:00:00.040529   64bitEnabled            <integer> = 0x0000000000000001 (1)
00:00:00.040530   EnableLargePages        <integer> = 0x0000000000000000 (0)
00:00:00.040530   EnableNestedPaging      <integer> = 0x0000000000000001 (1)
00:00:00.040530   EnableUX                <integer> = 0x0000000000000001 (1)
00:00:00.040531   EnableVPID              <integer> = 0x0000000000000001 (1)
00:00:00.040531   Exclusive               <integer> = 0x0000000000000001 (1)
00:00:00.040531   HMForced                <integer> = 0x0000000000000001 (1)
00:00:00.040531   IBPBOnVMEntry           <integer> = 0x0000000000000000 (0)
00:00:00.040532   IBPBOnVMExit            <integer> = 0x0000000000000000 (0)
00:00:00.040532   L1DFlushOnSched         <integer> = 0x0000000000000001 (1)
00:00:00.040532   L1DFlushOnVMEntry       <integer> = 0x0000000000000000 (0)
00:00:00.040533   LovelyMesaDrvWorkaround <integer> = 0x0000000000000001 (1)
00:00:00.040533   MDSClearOnSched         <integer> = 0x0000000000000001 (1)
00:00:00.040533   MDSClearOnVMEntry       <integer> = 0x0000000000000000 (0)
00:00:00.040533   SpecCtrlByHost          <integer> = 0x0000000000000000 (0)
00:00:00.040534   SvmVirtVmsaveVmload     <integer> = 0x0000000000000000 (0)
00:00:00.040534   UseNEMInstead           <integer> = 0x0000000000000000 (0)
00:00:00.040534 
00:00:00.040534 [/MM/] (level 1)
00:00:00.040535   CanUseLargerHeap <integer> = 0x0000000000000000 (0)
00:00:00.040535 
00:00:00.040535 [/NEM/] (level 1)
00:00:00.040535   Allow64BitGuests        <integer> = 0x0000000000000001 (1)
00:00:00.040536   IBPBOnVMEntry           <integer> = 0x0000000000000000 (0)
00:00:00.040536   IBPBOnVMExit            <integer> = 0x0000000000000000 (0)
00:00:00.040536   L1DFlushOnSched         <integer> = 0x0000000000000001 (1)
00:00:00.040536   L1DFlushOnVMEntry       <integer> = 0x0000000000000000 (0)
00:00:00.040537   LovelyMesaDrvWorkaround <integer> = 0x0000000000000001 (1)
00:00:00.040537   MDSClearOnSched         <integer> = 0x0000000000000001 (1)
00:00:00.040537   MDSClearOnVMEntry       <integer> = 0x0000000000000000 (0)
00:00:00.040537 
00:00:00.040538 [/PDM/] (level 1)
00:00:00.040538 
00:00:00.040538 [/PDM/AsyncCompletion/] (level 2)
00:00:00.040538 
00:00:00.040538 [/PDM/AsyncCompletion/File/] (level 3)
00:00:00.040539 
00:00:00.040539 [/PDM/AsyncCompletion/File/BwGroups/] (level 4)
00:00:00.040539 
00:00:00.040539 [/PDM/BlkCache/] (level 2)
00:00:00.040540   CacheSize <integer> = 0x0000000000500000 (5 242 880, 5.0 MiB)
00:00:00.040540 
00:00:00.040540 [/PDM/Devices/] (level 2)
00:00:00.040540 
00:00:00.040541 [/PDM/Drivers/] (level 2)
00:00:00.040541 
00:00:00.040541 [/PDM/Drivers/VBoxC/] (level 3)
00:00:00.040541   Path <string>  = "/opt/VirtualBox/components/VBoxC" (cb=33)
00:00:00.040542 
00:00:00.040542 [/PDM/NetworkShaper/] (level 2)
00:00:00.040542 
00:00:00.040542 [/PDM/NetworkShaper/BwGroups/] (level 3)
00:00:00.040542 
00:00:00.040542 [/TM/] (level 1)
00:00:00.040543   UTCOffset <integer> = 0x0000000000000000 (0)
00:00:00.040543 
00:00:00.040543 ********************* End of CFGM dump **********************
00:00:00.040599 HM: HMR3Init: VT-x w/ nested paging and unrestricted guest execution hw support
00:00:00.040628 CPUM: fXStateHostMask=0x7; host XCR0=0x207
00:00:00.041843 CPUM: Matched host CPU INTEL 0x6/0x97/0x2 Intel_Core7_AlderLake with CPU DB entry 'Intel Core i7-6700K' (INTEL 0x6/0x5e/0x3 Intel_Core7_Skylake)
00:00:00.041863 CPUM: MXCSR_MASK=0xffff (host: 0xffff)
00:00:00.041867 CPUM: Microcode revision 0x0000003E
00:00:00.041870 CPUM: Changing leaf 13[0]: EBX=0xa88 -> 0x340, ECX=0xa88 -> 0x340
00:00:00.041876 CPUM: MSR/CPUID reconciliation insert: 0x0000010b IA32_FLUSH_CMD
00:00:00.041877 CPUM: MSR/CPUID reconciliation insert: 0x0000010a IA32_ARCH_CAPABILITIES
00:00:00.041879 CPUM: MSR fudge: 0x00000122 IA32_TSX_CTRL
00:00:00.041880 CPUM: MSR fudge: 0x00000123 IA32_MCU_OPT_CTRL
00:00:00.041888 CPUM: SetGuestCpuIdFeature: Enabled SYSENTER/EXIT
00:00:00.041889 CPUM: SetGuestCpuIdFeature: Enabled SYSCALL/RET
00:00:00.041889 CPUM: SetGuestCpuIdFeature: Enabled PAE
00:00:00.041890 CPUM: SetGuestCpuIdFeature: Enabled LAHF/SAHF
00:00:00.041890 CPUM: SetGuestCpuIdFeature: Enabled NX
00:00:00.041891 CPUM: SetGuestCpuIdFeature: Enabled LONG MODE
00:00:00.041891 CPUM: Enabled MTRR read-write support
00:00:00.041892 CPUM: Enabled fixed-range MTRRs and 16 (virtualized) variable-range MTRRs
00:00:00.042372 PGM: Host paging mode: AMD64+PGE+NX
00:00:00.042375 PGM: PGMPool: cMaxPages=1280 (u64MaxPages=1058)
00:00:00.042376 PGM: pgmR3PoolInit: cMaxPages=0x500 cMaxUsers=0xa00 cMaxPhysExts=0xa00 fCacheEnable=true
00:00:00.042715 PGM: /proc/sys/vm/max_map_count = 1048576 (rc2=VWRN_TRAILING_CHARS); cGuessNeeded=16384
00:00:00.045398 TM: GIP - u32Mode=3 (Invariant) u32UpdateHz=100 u32UpdateIntervalNS=10000000 enmUseTscDelta=3 (Roughly Zero) fGetGipCpu=0x1b cCpus=24
00:00:00.045403 TM: GIP - u64CpuHz=3 187 082 946 (0xbdf706c2)  SUPGetCpuHzFromGip => 3 187 082 946
00:00:00.045405 TM: GIP - CPU: iCpuSet=0x0 idCpu=0x0 idApic=0x0 iGipCpu=0x8 i64TSCDelta=0 enmState=3 u64CpuHz=3187140190(*) cErrors=0
00:00:00.045406 TM: GIP - CPU: iCpuSet=0x1 idCpu=0x1 idApic=0x1 iGipCpu=0x0 i64TSCDelta=0 enmState=3 u64CpuHz=3187082946(*) cErrors=0
00:00:00.045407 TM: GIP - CPU: iCpuSet=0x2 idCpu=0x2 idApic=0x8 iGipCpu=0x4 i64TSCDelta=0 enmState=3 u64CpuHz=3187140115(*) cErrors=0
00:00:00.045408 TM: GIP - CPU: iCpuSet=0x3 idCpu=0x3 idApic=0x9 iGipCpu=0x5 i64TSCDelta=0 enmState=3 u64CpuHz=3187140176(*) cErrors=0
00:00:00.045409 TM: GIP - CPU: iCpuSet=0x4 idCpu=0x4 idApic=0x10 iGipCpu=0xf i64TSCDelta=0 enmState=3 u64CpuHz=3187129509(*) cErrors=0
00:00:00.045410 TM: GIP - CPU: iCpuSet=0x5 idCpu=0x5 idApic=0x11 iGipCpu=0x11 i64TSCDelta=0 enmState=3 u64CpuHz=3187129509(*) cErrors=0
00:00:00.045411 TM: GIP - CPU: iCpuSet=0x6 idCpu=0x6 idApic=0x18 iGipCpu=0x6 i64TSCDelta=0 enmState=3 u64CpuHz=3187140148(*) cErrors=0
00:00:00.045411 TM: GIP - CPU: iCpuSet=0x7 idCpu=0x7 idApic=0x19 iGipCpu=0x9 i64TSCDelta=0 enmState=3 u64CpuHz=3187140198(*) cErrors=0
00:00:00.045412 TM: GIP - CPU: iCpuSet=0x8 idCpu=0x8 idApic=0x20 iGipCpu=0xa i64TSCDelta=0 enmState=3 u64CpuHz=3187140218(*) cErrors=0
00:00:00.045413 TM: GIP - CPU: iCpuSet=0x9 idCpu=0x9 idApic=0x21 iGipCpu=0xb i64TSCDelta=0 enmState=3 u64CpuHz=3187140192(*) cErrors=0
00:00:00.045414 TM: GIP - CPU: iCpuSet=0xa idCpu=0xa idApic=0x28 iGipCpu=0x7 i64TSCDelta=0 enmState=3 u64CpuHz=3187140125(*) cErrors=0
00:00:00.045415 TM: GIP - CPU: iCpuSet=0xb idCpu=0xb idApic=0x29 iGipCpu=0x3 i64TSCDelta=0 enmState=3 u64CpuHz=3187140334(*) cErrors=0
00:00:00.045415 TM: GIP - CPU: iCpuSet=0xc idCpu=0xc idApic=0x30 iGipCpu=0x2 i64TSCDelta=0 enmState=3 u64CpuHz=3187140272(*) cErrors=0
00:00:00.045416 TM: GIP - CPU: iCpuSet=0xd idCpu=0xd idApic=0x31 iGipCpu=0x1 i64TSCDelta=0 enmState=3 u64CpuHz=3187129509(*) cErrors=0
00:00:00.045417 TM: GIP - CPU: iCpuSet=0xe idCpu=0xe idApic=0x38 iGipCpu=0xd i64TSCDelta=0 enmState=3 u64CpuHz=3187105617(*) cErrors=0
00:00:00.045418 TM: GIP - CPU: iCpuSet=0xf idCpu=0xf idApic=0x39 iGipCpu=0xc i64TSCDelta=0 enmState=3 u64CpuHz=3187134454(*) cErrors=0
00:00:00.045421 TM: GIP - CPU: iCpuSet=0x10 idCpu=0x10 idApic=0x40 iGipCpu=0x10 i64TSCDelta=0 enmState=3 u64CpuHz=3187129509(*) cErrors=0
00:00:00.045422 TM: GIP - CPU: iCpuSet=0x11 idCpu=0x11 idApic=0x42 iGipCpu=0xe i64TSCDelta=0 enmState=3 u64CpuHz=3187082946(*) cErrors=0
00:00:00.045423 TM: GIP - CPU: iCpuSet=0x12 idCpu=0x12 idApic=0x44 iGipCpu=0x13 i64TSCDelta=68 enmState=3 u64CpuHz=3187129509(*) cErrors=0
00:00:00.045424 TM: GIP - CPU: iCpuSet=0x13 idCpu=0x13 idApic=0x46 iGipCpu=0x12 i64TSCDelta=0 enmState=3 u64CpuHz=3187129509(*) cErrors=0
00:00:00.045425 TM: GIP - CPU: iCpuSet=0x14 idCpu=0x14 idApic=0x48 iGipCpu=0x14 i64TSCDelta=0 enmState=3 u64CpuHz=3187129509(*) cErrors=0
00:00:00.045425 TM: GIP - CPU: iCpuSet=0x15 idCpu=0x15 idApic=0x4a iGipCpu=0x17 i64TSCDelta=0 enmState=3 u64CpuHz=3187129509(*) cErrors=0
00:00:00.045426 TM: GIP - CPU: iCpuSet=0x16 idCpu=0x16 idApic=0x4c iGipCpu=0x16 i64TSCDelta=0 enmState=3 u64CpuHz=3187129509(*) cErrors=0
00:00:00.045427 TM: GIP - CPU: iCpuSet=0x17 idCpu=0x17 idApic=0x4e iGipCpu=0x15 i64TSCDelta=0 enmState=3 u64CpuHz=3187129509(*) cErrors=0
00:00:00.045432 TM:     cTSCTicksPerSecond=3 187 082 946 (0xbdf706c2) enmTSCMode=1 (VirtTSCEmulated) TSCMultiplier=1
00:00:00.045433 TM: cTSCTicksPerSecondHost=3 187 082 946 (0xbdf706c2)
00:00:00.045433 TM: TSCTiedToExecution=false TSCNotTiedToHalt=false
00:00:00.045700 EMR3Init: fIemExecutesAll=false fGuruOnTripleFault=true
00:00:00.045762 IEM: TargetCpu=CURRENT, Microarch=Intel_Core7_AlderLake aidxTargetCpuEflFlavour={1,0}
00:00:00.045989 GIM: Using provider 'KVM' (Implementation version: 0)
00:00:00.045992 CPUM: SetGuestCpuIdFeature: Enabled Hypervisor Present bit
00:00:00.045999 GCM: Initialized - Fixer bits: 0x8 (MesaVmsvgaDrv)
00:00:00.077886 AIOMgr: Default manager type is 'Async'
00:00:00.077909 AIOMgr: Default file backend is 'NonBuffered'
00:00:00.077953 BlkCache: Cache successfully initialized. Cache size is 5242880 bytes
00:00:00.077954 BlkCache: Cache commit interval is 10000 ms
00:00:00.077955 BlkCache: Cache commit threshold is 2621440 bytes
00:00:00.078433 PcBios: [SMP] BIOS with 2 CPUs
00:00:00.078444 PcBios: Using the 386+ BIOS image.
00:00:00.078481 PcBios: MPS table at 000e1300
00:00:00.078895 PcBios: fCheckShutdownStatusForSoftReset=true  fClearShutdownStatusOnHardReset=true
00:00:00.079185 SUP: seg #0: R   0x00000000 LB 0x00009000
00:00:00.079187 SUP: seg #1: R X 0x00009000 LB 0x00030000
00:00:00.079188 SUP: seg #2: R   0x00039000 LB 0x00010000
00:00:00.079188 SUP: seg #3: RW  0x00049000 LB 0x00007500
00:00:00.079275 SUP: Loaded VBoxDDR0.r0 (/opt/VirtualBox/VBoxDDR0.r0) at 0xXXXXXXXXXXXXXXXX - ModuleInit at XXXXXXXXXXXXXXXX and ModuleTerm at XXXXXXXXXXXXXXXX
00:00:00.079369 PDM: VirtualBox APIC backend registered
00:00:00.079372 CPUM: SetGuestCpuIdFeature: Enabled xAPIC
00:00:00.079373 CPUM: SetGuestCpuIdFeature: Enabled x2APIC
00:00:00.079681 IOAPIC: Version=2.0 ChipType=ICH9
00:00:00.079697 PIT: mode=3 count=0x10000 (65536) - 18.20 Hz (ch=0)
00:00:00.079771 VMMDev: cbDefaultBudget: 1 073 741 824 (40000000)
00:00:00.081231 Shared Folders service loaded
00:00:00.081454 Guest Control service loaded
00:00:00.085610 VGA: Using the 386+ BIOS image.
00:00:00.086000 DrvVD: Flushes will be ignored
00:00:00.086003 DrvVD: Async flushes will be passed to the disk
00:00:00.087347 VD: VDInit finished with VINF_SUCCESS
00:00:00.087486 AIOMgr: Endpoint for file '/home/xxx/dev.environment/resources/software/virtualbox/clustering/virtualbox-v2/talos-cluster-cp-1/talos-cluster-cp-1.vdi' (flags 000c0723) created successfully
00:00:00.088570 VD: Opening the disk took 1284685 ns
00:00:00.088611 AHCI: LUN#0: disk, PCHS=16383/16/63, total number of sectors 41943040
00:00:00.088685 AHCI: Port1: No driver attached
00:00:00.088686 AHCI: Port2: No driver attached
00:00:00.088687 AHCI: Port3: No driver attached
00:00:00.088688 AHCI: Port4: No driver attached
00:00:00.088688 AHCI: Port5: No driver attached
00:00:00.088689 AHCI: Port6: No driver attached
00:00:00.088689 AHCI: Port7: No driver attached
00:00:00.088694 AHCI: Port8: No driver attached
00:00:00.088695 AHCI: Port9: No driver attached
00:00:00.088696 AHCI: Port10: No driver attached
00:00:00.088696 AHCI: Port11: No driver attached
00:00:00.088698 AHCI: Port12: No driver attached
00:00:00.088698 AHCI: Port13: No driver attached
00:00:00.088699 AHCI: Port14: No driver attached
00:00:00.088700 AHCI: Port15: No driver attached
00:00:00.088700 AHCI: Port16: No driver attached
00:00:00.088701 AHCI: Port17: No driver attached
00:00:00.088702 AHCI: Port18: No driver attached
00:00:00.088702 AHCI: Port19: No driver attached
00:00:00.088703 AHCI: Port20: No driver attached
00:00:00.088703 AHCI: Port21: No driver attached
00:00:00.088704 AHCI: Port22: No driver attached
00:00:00.088705 AHCI: Port23: No driver attached
00:00:00.088705 AHCI: Port24: No driver attached
00:00:00.088706 AHCI: Port25: No driver attached
00:00:00.088707 AHCI: Port26: No driver attached
00:00:00.088707 AHCI: Port27: No driver attached
00:00:00.088708 AHCI: Port28: No driver attached
00:00:00.088708 AHCI: Port29: No driver attached
00:00:00.088715 AHCI#0: Reset the HBA
00:00:00.088716 VD#0: Cancelling all active requests
00:00:00.089366 DrvVD: Flushes will be ignored
00:00:00.089368 DrvVD: Async flushes will be passed to the disk
00:00:00.089378 VD: Opening the disk took 9521 ns
00:00:00.089389 PIIX3 ATA: LUN#0: CD/DVD, total number of sectors 51399, passthrough disabled
00:00:00.090193 PIIX3 ATA: LUN#1: no unit
00:00:00.090217 PIIX3 ATA: LUN#2: no unit
00:00:00.090218 PIIX3 ATA: LUN#3: no unit
00:00:00.090243 PIIX3 ATA: Ctl#0: finished processing RESET
00:00:00.090289 PIIX3 ATA: Ctl#1: finished processing RESET
00:00:00.090323 E1000#0: Chip=82540EM LinkUpDelay=5000ms EthernetCRC=on GSO=enabled Itr=disabled ItrRx=enabled TID=disabled R0=enabled RC=disabled
00:00:00.090483 E1000#1: Chip=82540EM LinkUpDelay=5000ms EthernetCRC=on GSO=enabled Itr=disabled ItrRx=enabled TID=disabled R0=enabled RC=disabled
00:00:00.090504 IntNet#0: szNetwork={HostInterfaceNetworking-vboxnet0} enmTrunkType=3 szTrunk={vboxnet0} fFlags=0x8000 cbRecv=325632 cbSend=196608 fIgnoreConnectFailure=false
00:00:00.090750 AC97: Using codec 'STAC9700'
00:00:00.090775 Audio: Initializing ALSA driver
00:00:00.104233 ALSA: The ALSAAudio plugin for pulse audio is being used (pulse).
00:00:00.104254 Audio: Found 76 devices for driver 'ALSA'
00:00:00.104256 Audio: Device 'Rate Converter Plugin Using Libav/FFmpeg Library':
00:00:00.104256 Audio:   ID              = lavrate
00:00:00.104257 Audio:   Usage           = duplex
00:00:00.104257 Audio:   Flags           = NONE
00:00:00.104257 Audio:   Input channels  = 2
00:00:00.104257 Audio:   Output channels = 2
00:00:00.104258 Audio: Device 'Rate Converter Plugin Using Samplerate Library':
00:00:00.104258 Audio:   ID              = samplerate
00:00:00.104258 Audio:   Usage           = duplex
00:00:00.104258 Audio:   Flags           = NONE
00:00:00.104258 Audio:   Input channels  = 2
00:00:00.104258 Audio:   Output channels = 2
00:00:00.104259 Audio: Device 'Rate Converter Plugin Using Speex Resampler':
00:00:00.104259 Audio:   ID              = speexrate
00:00:00.104259 Audio:   Usage           = duplex
00:00:00.104259 Audio:   Flags           = NONE
00:00:00.104259 Audio:   Input channels  = 2
00:00:00.104259 Audio:   Output channels = 2
00:00:00.104260 Audio: Device 'JACK Audio Connection Kit':
00:00:00.104260 Audio:   ID              = jack
00:00:00.104260 Audio:   Usage           = duplex
00:00:00.104260 Audio:   Flags           = NONE
00:00:00.104260 Audio:   Input channels  = 2
00:00:00.104260 Audio:   Output channels = 2
00:00:00.104261 Audio: Device 'Open Sound System':
00:00:00.104261 Audio:   ID              = oss
00:00:00.104261 Audio:   Usage           = duplex
00:00:00.104261 Audio:   Flags           = NONE
00:00:00.104261 Audio:   Input channels  = 2
00:00:00.104262 Audio:   Output channels = 2
00:00:00.104262 Audio: Device 'PipeWire Sound Server':
00:00:00.104262 Audio:   ID              = pipewire
00:00:00.104262 Audio:   Usage           = duplex
00:00:00.104262 Audio:   Flags           = NONE
00:00:00.104262 Audio:   Input channels  = 2
00:00:00.104263 Audio:   Output channels = 2
00:00:00.104268 Audio: Device 'PulseAudio Sound Server':
00:00:00.104268 Audio:   ID              = pulse
00:00:00.104268 Audio:   Usage           = duplex
00:00:00.104268 Audio:   Flags           = NONE
00:00:00.104268 Audio:   Input channels  = 2
00:00:00.104268 Audio:   Output channels = 2
00:00:00.104269 Audio: Device 'Plugin using Speex DSP (resample, agc, denoise, echo, dereverb)':
00:00:00.104269 Audio:   ID              = speex
00:00:00.104269 Audio:   Usage           = duplex
00:00:00.104269 Audio:   Flags           = NONE
00:00:00.104269 Audio:   Input channels  = 2
00:00:00.104269 Audio:   Output channels = 2
00:00:00.104270 Audio: Device 'Plugin for channel upmix (4,6,8)':
00:00:00.104270 Audio:   ID              = upmix
00:00:00.104270 Audio:   Usage           = duplex
00:00:00.104270 Audio:   Flags           = NONE
00:00:00.104270 Audio:   Input channels  = 2
00:00:00.104270 Audio:   Output channels = 2
00:00:00.104271 Audio: Device 'Plugin for channel downmix (stereo) with a simple spacialization':
00:00:00.104271 Audio:   ID              = vdownmix
00:00:00.104271 Audio:   Usage           = duplex
00:00:00.104271 Audio:   Flags           = NONE
00:00:00.104271 Audio:   Input channels  = 2
00:00:00.104271 Audio:   Output channels = 2
00:00:00.104272 Audio: Device 'Default ALSA Output (currently PipeWire Media Server)':
00:00:00.104272 Audio:   ID              = default
00:00:00.104272 Audio:   Usage           = duplex
00:00:00.104272 Audio:   Flags           = NONE
00:00:00.104272 Audio:   Input channels  = 2
00:00:00.104272 Audio:   Output channels = 2
00:00:00.104273 Audio: Device 'Front output / input':
00:00:00.104273 Audio:   ID              = front:CARD=PCH
00:00:00.104273 Audio:   Usage           = duplex
00:00:00.104273 Audio:   Flags           = NONE
00:00:00.104273 Audio:   Input channels  = 2
00:00:00.104273 Audio:   Output channels = 2
00:00:00.104274 Audio: Device '2.1 Surround output to Front and Subwoofer speakers':
00:00:00.104274 Audio:   ID              = surround21:CARD=PCH
00:00:00.104274 Audio:   Usage           = duplex
00:00:00.104274 Audio:   Flags           = NONE
00:00:00.104274 Audio:   Input channels  = 2
00:00:00.104274 Audio:   Output channels = 2
00:00:00.104275 Audio: Device '4.0 Surround output to Front and Rear speakers':
00:00:00.104275 Audio:   ID              = surround40:CARD=PCH
00:00:00.104275 Audio:   Usage           = duplex
00:00:00.104275 Audio:   Flags           = NONE
00:00:00.104275 Audio:   Input channels  = 2
00:00:00.104275 Audio:   Output channels = 2
00:00:00.104276 Audio: Device '4.1 Surround output to Front, Rear and Subwoofer speakers':
00:00:00.104276 Audio:   ID              = surround41:CARD=PCH
00:00:00.104276 Audio:   Usage           = duplex
00:00:00.104276 Audio:   Flags           = NONE
00:00:00.104276 Audio:   Input channels  = 2
00:00:00.104276 Audio:   Output channels = 2
00:00:00.104277 Audio: Device '5.0 Surround output to Front, Center and Rear speakers':
00:00:00.104277 Audio:   ID              = surround50:CARD=PCH
00:00:00.104277 Audio:   Usage           = duplex
00:00:00.104277 Audio:   Flags           = NONE
00:00:00.104277 Audio:   Input channels  = 2
00:00:00.104277 Audio:   Output channels = 2
00:00:00.104278 Audio: Device '5.1 Surround output to Front, Center, Rear and Subwoofer speakers':
00:00:00.104278 Audio:   ID              = surround51:CARD=PCH
00:00:00.104278 Audio:   Usage           = duplex
00:00:00.104278 Audio:   Flags           = NONE
00:00:00.104278 Audio:   Input channels  = 2
00:00:00.104278 Audio:   Output channels = 2
00:00:00.104279 Audio: Device '7.1 Surround output to Front, Center, Side, Rear and Woofer speakers':
00:00:00.104279 Audio:   ID              = surround71:CARD=PCH
00:00:00.104279 Audio:   Usage           = duplex
00:00:00.104279 Audio:   Flags           = NONE
00:00:00.104279 Audio:   Input channels  = 2
00:00:00.104279 Audio:   Output channels = 2
00:00:00.104280 Audio: Device 'USB Stream Output (HDA Intel PCH)':
00:00:00.104280 Audio:   ID              = usbstream:CARD=PCH
00:00:00.104280 Audio:   Usage           = duplex
00:00:00.104280 Audio:   Flags           = NONE
00:00:00.104280 Audio:   Input channels  = 2
00:00:00.104280 Audio:   Output channels = 2
00:00:00.104282 Audio: Device 'Direct hardware device without any conversions (USB Audio, USB Audio)':
00:00:00.104282 Audio:   ID              = hw:CARD=Audio,DEV=0
00:00:00.104282 Audio:   Usage           = duplex
00:00:00.104282 Audio:   Flags           = NONE
00:00:00.104282 Audio:   Input channels  = 2
00:00:00.104283 Audio:   Output channels = 2
00:00:00.104283 Audio: Device 'Direct hardware device without any conversions (USB Audio, USB Audio #1)':
00:00:00.104283 Audio:   ID              = hw:CARD=Audio,DEV=1
00:00:00.104283 Audio:   Usage           = duplex
00:00:00.104283 Audio:   Flags           = NONE
00:00:00.104283 Audio:   Input channels  = 2
00:00:00.104284 Audio:   Output channels = 2
00:00:00.104284 Audio: Device 'Direct hardware device without any conversions (USB Audio, USB Audio #2)':
00:00:00.104284 Audio:   ID              = hw:CARD=Audio,DEV=2
00:00:00.104284 Audio:   Usage           = duplex
00:00:00.104284 Audio:   Flags           = NONE
00:00:00.104285 Audio:   Input channels  = 2
00:00:00.104285 Audio:   Output channels = 2
00:00:00.104285 Audio: Device 'Direct hardware device without any conversions (USB Audio, USB Audio #3)':
00:00:00.104285 Audio:   ID              = hw:CARD=Audio,DEV=3
00:00:00.104285 Audio:   Usage           = output
00:00:00.104285 Audio:   Flags           = NONE
00:00:00.104286 Audio:   Input channels  = 0
00:00:00.104286 Audio:   Output channels = 2
00:00:00.104286 Audio: Device 'Hardware device with all software conversions (USB Audio, USB Audio)':
00:00:00.104286 Audio:   ID              = plughw:CARD=Audio,DEV=0
00:00:00.104286 Audio:   Usage           = duplex
00:00:00.104286 Audio:   Flags           = NONE
00:00:00.104287 Audio:   Input channels  = 2
00:00:00.104287 Audio:   Output channels = 2
00:00:00.104287 Audio: Device 'Hardware device with all software conversions (USB Audio, USB Audio #1)':
00:00:00.104287 Audio:   ID              = plughw:CARD=Audio,DEV=1
00:00:00.104287 Audio:   Usage           = duplex
00:00:00.104287 Audio:   Flags           = NONE
00:00:00.104288 Audio:   Input channels  = 2
00:00:00.104288 Audio:   Output channels = 2
00:00:00.104288 Audio: Device 'Hardware device with all software conversions (USB Audio, USB Audio #2)':
00:00:00.104288 Audio:   ID              = plughw:CARD=Audio,DEV=2
00:00:00.104288 Audio:   Usage           = duplex
00:00:00.104288 Audio:   Flags           = NONE
00:00:00.104289 Audio:   Input channels  = 2
00:00:00.104289 Audio:   Output channels = 2
00:00:00.104289 Audio: Device 'Hardware device with all software conversions (USB Audio, USB Audio #3)':
00:00:00.104289 Audio:   ID              = plughw:CARD=Audio,DEV=3
00:00:00.104289 Audio:   Usage           = output
00:00:00.104289 Audio:   Flags           = NONE
00:00:00.104290 Audio:   Input channels  = 0
00:00:00.104290 Audio:   Output channels = 2
00:00:00.104290 Audio: Device 'Default Audio Device (USB Audio, USB Audio)':
00:00:00.104290 Audio:   ID              = sysdefault:CARD=Audio
00:00:00.104290 Audio:   Usage           = duplex
00:00:00.104290 Audio:   Flags           = NONE
00:00:00.104291 Audio:   Input channels  = 2
00:00:00.104291 Audio:   Output channels = 2
00:00:00.104291 Audio: Device 'Front output / input (USB Audio, USB Audio)':
00:00:00.104291 Audio:   ID              = front:CARD=Audio,DEV=0
00:00:00.104291 Audio:   Usage           = duplex
00:00:00.104291 Audio:   Flags           = NONE
00:00:00.104291 Audio:   Input channels  = 2
00:00:00.104292 Audio:   Output channels = 2
00:00:00.104292 Audio: Device '2.1 Surround output to Front and Subwoofer speakers (USB Audio, USB Audio)':
00:00:00.104292 Audio:   ID              = surround21:CARD=Audio,DEV=0
00:00:00.104292 Audio:   Usage           = output
00:00:00.104292 Audio:   Flags           = NONE
00:00:00.104293 Audio:   Input channels  = 0
00:00:00.104293 Audio:   Output channels = 2
00:00:00.104294 Audio: Device '4.0 Surround output to Front and Rear speakers (USB Audio, USB Audio)':
00:00:00.104294 Audio:   ID              = surround40:CARD=Audio,DEV=0
00:00:00.104294 Audio:   Usage           = output
00:00:00.104294 Audio:   Flags           = NONE
00:00:00.104294 Audio:   Input channels  = 0
00:00:00.104295 Audio:   Output channels = 2
00:00:00.104295 Audio: Device '4.1 Surround output to Front, Rear and Subwoofer speakers (USB Audio, USB Audio)':
00:00:00.104295 Audio:   ID              = surround41:CARD=Audio,DEV=0
00:00:00.104295 Audio:   Usage           = output
00:00:00.104295 Audio:   Flags           = NONE
00:00:00.104295 Audio:   Input channels  = 0
00:00:00.104296 Audio:   Output channels = 2
00:00:00.104296 Audio: Device '5.0 Surround output to Front, Center and Rear speakers (USB Audio, USB Audio)':
00:00:00.104296 Audio:   ID              = surround50:CARD=Audio,DEV=0
00:00:00.104296 Audio:   Usage           = output
00:00:00.104296 Audio:   Flags           = NONE
00:00:00.104296 Audio:   Input channels  = 0
00:00:00.104297 Audio:   Output channels = 2
00:00:00.104297 Audio: Device '5.1 Surround output to Front, Center, Rear and Subwoofer speakers (USB Audio, USB Audio)':
00:00:00.104297 Audio:   ID              = surround51:CARD=Audio,DEV=0
00:00:00.104297 Audio:   Usage           = output
00:00:00.104297 Audio:   Flags           = NONE
00:00:00.104297 Audio:   Input channels  = 0
00:00:00.104298 Audio:   Output channels = 2
00:00:00.104298 Audio: Device '7.1 Surround output to Front, Center, Side, Rear and Woofer speakers (USB Audio, USB Audio)':
00:00:00.104298 Audio:   ID              = surround71:CARD=Audio,DEV=0
00:00:00.104298 Audio:   Usage           = output
00:00:00.104298 Audio:   Flags           = NONE
00:00:00.104298 Audio:   Input channels  = 0
00:00:00.104299 Audio:   Output channels = 2
00:00:00.104299 Audio: Device 'IEC958 (S/PDIF) Digital Audio Output (USB Audio, USB Audio)':
00:00:00.104299 Audio:   ID              = iec958:CARD=Audio,DEV=0
00:00:00.104299 Audio:   Usage           = output
00:00:00.104299 Audio:   Flags           = NONE
00:00:00.104299 Audio:   Input channels  = 0
00:00:00.104300 Audio:   Output channels = 2
00:00:00.104300 Audio: Device 'IEC958 (S/PDIF) Digital Audio Output (USB Audio, USB Audio #1)':
00:00:00.104300 Audio:   ID              = iec958:CARD=Audio,DEV=1
00:00:00.104300 Audio:   Usage           = output
00:00:00.104300 Audio:   Flags           = NONE
00:00:00.104300 Audio:   Input channels  = 0
00:00:00.104301 Audio:   Output channels = 2
00:00:00.104301 Audio: Device 'Direct sample mixing device (USB Audio, USB Audio)':
00:00:00.104301 Audio:   ID              = dmix:CARD=Audio,DEV=0
00:00:00.104301 Audio:   Usage           = output
00:00:00.104301 Audio:   Flags           = NONE
00:00:00.104301 Audio:   Input channels  = 0
00:00:00.104302 Audio:   Output channels = 2
00:00:00.104302 Audio: Device 'Direct sample mixing device (USB Audio, USB Audio #1)':
00:00:00.104302 Audio:   ID              = dmix:CARD=Audio,DEV=1
00:00:00.104302 Audio:   Usage           = output
00:00:00.104302 Audio:   Flags           = NONE
00:00:00.104302 Audio:   Input channels  = 0
00:00:00.104303 Audio:   Output channels = 2
00:00:00.104303 Audio: Device 'Direct sample mixing device (USB Audio, USB Audio #2)':
00:00:00.104303 Audio:   ID              = dmix:CARD=Audio,DEV=2
00:00:00.104303 Audio:   Usage           = output
00:00:00.104303 Audio:   Flags           = NONE
00:00:00.104303 Audio:   Input channels  = 0
00:00:00.104304 Audio:   Output channels = 2
00:00:00.104304 Audio: Device 'Direct sample mixing device (USB Audio, USB Audio #3)':
00:00:00.104304 Audio:   ID              = dmix:CARD=Audio,DEV=3
00:00:00.104304 Audio:   Usage           = output
00:00:00.104304 Audio:   Flags           = NONE
00:00:00.104304 Audio:   Input channels  = 0
00:00:00.104305 Audio:   Output channels = 2
00:00:00.104305 Audio: Device 'Direct sample snooping device (USB Audio, USB Audio)':
00:00:00.104305 Audio:   ID              = dsnoop:CARD=Audio,DEV=0
00:00:00.104305 Audio:   Usage           = input
00:00:00.104306 Audio:   Flags           = NONE
00:00:00.104306 Audio:   Input channels  = 2
00:00:00.104306 Audio:   Output channels = 0
00:00:00.104307 Audio: Device 'Direct sample snooping device (USB Audio, USB Audio #1)':
00:00:00.104307 Audio:   ID              = dsnoop:CARD=Audio,DEV=1
00:00:00.104308 Audio:   Usage           = input
00:00:00.104308 Audio:   Flags           = NONE
00:00:00.104308 Audio:   Input channels  = 2
00:00:00.104308 Audio:   Output channels = 0
00:00:00.104308 Audio: Device 'Direct sample snooping device (USB Audio, USB Audio #2)':
00:00:00.104308 Audio:   ID              = dsnoop:CARD=Audio,DEV=2
00:00:00.104309 Audio:   Usage           = input
00:00:00.104309 Audio:   Flags           = NONE
00:00:00.104309 Audio:   Input channels  = 2
00:00:00.104309 Audio:   Output channels = 0
00:00:00.104309 Audio: Device 'USB Stream Output (USB Audio)':
00:00:00.104309 Audio:   ID              = usbstream:CARD=Audio
00:00:00.104310 Audio:   Usage           = duplex
00:00:00.104310 Audio:   Flags           = NONE
00:00:00.104310 Audio:   Input channels  = 2
00:00:00.104310 Audio:   Output channels = 2
00:00:00.104310 Audio: Device 'Direct hardware device without any conversions (HDA NVidia, DELL S2721NX)':
00:00:00.104310 Audio:   ID              = hw:CARD=NVidia,DEV=3
00:00:00.104311 Audio:   Usage           = output
00:00:00.104311 Audio:   Flags           = NONE
00:00:00.104311 Audio:   Input channels  = 0
00:00:00.104311 Audio:   Output channels = 2
00:00:00.104311 Audio: Device 'Direct hardware device without any conversions (HDA NVidia, HDMI 1)':
00:00:00.104311 Audio:   ID              = hw:CARD=NVidia,DEV=7
00:00:00.104312 Audio:   Usage           = output
00:00:00.104312 Audio:   Flags           = NONE
00:00:00.104312 Audio:   Input channels  = 0
00:00:00.104312 Audio:   Output channels = 2
00:00:00.104312 Audio: Device 'Direct hardware device without any conversions (HDA NVidia, HDMI 2)':
00:00:00.104312 Audio:   ID              = hw:CARD=NVidia,DEV=8
00:00:00.104313 Audio:   Usage           = output
00:00:00.104313 Audio:   Flags           = NONE
00:00:00.104313 Audio:   Input channels  = 0
00:00:00.104313 Audio:   Output channels = 2
00:00:00.104313 Audio: Device 'Direct hardware device without any conversions (HDA NVidia, HDMI 3)':
00:00:00.104313 Audio:   ID              = hw:CARD=NVidia,DEV=9
00:00:00.104314 Audio:   Usage           = output
00:00:00.104314 Audio:   Flags           = NONE
00:00:00.104314 Audio:   Input channels  = 0
00:00:00.104314 Audio:   Output channels = 2
00:00:00.104314 Audio: Device 'Hardware device with all software conversions (HDA NVidia, DELL S2721NX)':
00:00:00.104314 Audio:   ID              = plughw:CARD=NVidia,DEV=3
00:00:00.104315 Audio:   Usage           = output
00:00:00.104315 Audio:   Flags           = NONE
00:00:00.104315 Audio:   Input channels  = 0
00:00:00.104315 Audio:   Output channels = 2
00:00:00.104315 Audio: Device 'Hardware device with all software conversions (HDA NVidia, HDMI 1)':
00:00:00.104315 Audio:   ID              = plughw:CARD=NVidia,DEV=7
00:00:00.104316 Audio:   Usage           = output
00:00:00.104316 Audio:   Flags           = NONE
00:00:00.104316 Audio:   Input channels  = 0
00:00:00.104316 Audio:   Output channels = 2
00:00:00.104316 Audio: Device 'Hardware device with all software conversions (HDA NVidia, HDMI 2)':
00:00:00.104316 Audio:   ID              = plughw:CARD=NVidia,DEV=8
00:00:00.104317 Audio:   Usage           = output
00:00:00.104317 Audio:   Flags           = NONE
00:00:00.104317 Audio:   Input channels  = 0
00:00:00.104317 Audio:   Output channels = 2
00:00:00.104317 Audio: Device 'Hardware device with all software conversions (HDA NVidia, HDMI 3)':
00:00:00.104317 Audio:   ID              = plughw:CARD=NVidia,DEV=9
00:00:00.104317 Audio:   Usage           = output
00:00:00.104318 Audio:   Flags           = NONE
00:00:00.104318 Audio:   Input channels  = 0
00:00:00.104318 Audio:   Output channels = 2
00:00:00.104319 Audio: Device 'HDMI Audio Output (HDA NVidia, DELL S2721NX)':
00:00:00.104319 Audio:   ID              = hdmi:CARD=NVidia,DEV=0
00:00:00.104319 Audio:   Usage           = output
00:00:00.104319 Audio:   Flags           = NONE
00:00:00.104320 Audio:   Input channels  = 0
00:00:00.104320 Audio:   Output channels = 2
00:00:00.104320 Audio: Device 'HDMI Audio Output (HDA NVidia, HDMI 1)':
00:00:00.104320 Audio:   ID              = hdmi:CARD=NVidia,DEV=1
00:00:00.104320 Audio:   Usage           = output
00:00:00.104320 Audio:   Flags           = NONE
00:00:00.104321 Audio:   Input channels  = 0
00:00:00.104321 Audio:   Output channels = 2
00:00:00.104321 Audio: Device 'HDMI Audio Output (HDA NVidia, HDMI 2)':
00:00:00.104321 Audio:   ID              = hdmi:CARD=NVidia,DEV=2
00:00:00.104321 Audio:   Usage           = output
00:00:00.104321 Audio:   Flags           = NONE
00:00:00.104321 Audio:   Input channels  = 0
00:00:00.104322 Audio:   Output channels = 2
00:00:00.104322 Audio: Device 'HDMI Audio Output (HDA NVidia, HDMI 3)':
00:00:00.104322 Audio:   ID              = hdmi:CARD=NVidia,DEV=3
00:00:00.104322 Audio:   Usage           = output
00:00:00.104322 Audio:   Flags           = NONE
00:00:00.104322 Audio:   Input channels  = 0
00:00:00.104323 Audio:   Output channels = 2
00:00:00.104323 Audio: Device 'Direct sample mixing device (HDA NVidia, DELL S2721NX)':
00:00:00.104323 Audio:   ID              = dmix:CARD=NVidia,DEV=3
00:00:00.104323 Audio:   Usage           = output
00:00:00.104323 Audio:   Flags           = NONE
00:00:00.104323 Audio:   Input channels  = 0
00:00:00.104324 Audio:   Output channels = 2
00:00:00.104324 Audio: Device 'Direct sample mixing device (HDA NVidia, HDMI 1)':
00:00:00.104324 Audio:   ID              = dmix:CARD=NVidia,DEV=7
00:00:00.104324 Audio:   Usage           = output
00:00:00.104324 Audio:   Flags           = NONE
00:00:00.104324 Audio:   Input channels  = 0
00:00:00.104325 Audio:   Output channels = 2
00:00:00.104325 Audio: Device 'Direct sample mixing device (HDA NVidia, HDMI 2)':
00:00:00.104325 Audio:   ID              = dmix:CARD=NVidia,DEV=8
00:00:00.104325 Audio:   Usage           = output
00:00:00.104325 Audio:   Flags           = NONE
00:00:00.104325 Audio:   Input channels  = 0
00:00:00.104326 Audio:   Output channels = 2
00:00:00.104326 Audio: Device 'Direct sample mixing device (HDA NVidia, HDMI 3)':
00:00:00.104326 Audio:   ID              = dmix:CARD=NVidia,DEV=9
00:00:00.104326 Audio:   Usage           = output
00:00:00.104326 Audio:   Flags           = NONE
00:00:00.104326 Audio:   Input channels  = 0
00:00:00.104326 Audio:   Output channels = 2
00:00:00.104327 Audio: Device 'USB Stream Output (HDA NVidia)':
00:00:00.104327 Audio:   ID              = usbstream:CARD=NVidia
00:00:00.104327 Audio:   Usage           = duplex
00:00:00.104327 Audio:   Flags           = NONE
00:00:00.104327 Audio:   Input channels  = 2
00:00:00.104327 Audio:   Output channels = 2
00:00:00.104328 Audio: Device 'Direct hardware device without any conversions (USB Audio Device, USB Audio)':
00:00:00.104328 Audio:   ID              = hw:CARD=Device,DEV=0
00:00:00.104328 Audio:   Usage           = duplex
00:00:00.104328 Audio:   Flags           = NONE
00:00:00.104328 Audio:   Input channels  = 2
00:00:00.104329 Audio:   Output channels = 2
00:00:00.104329 Audio: Device 'Hardware device with all software conversions (USB Audio Device, USB Audio)':
00:00:00.104329 Audio:   ID              = plughw:CARD=Device,DEV=0
00:00:00.104329 Audio:   Usage           = duplex
00:00:00.104329 Audio:   Flags           = NONE
00:00:00.104329 Audio:   Input channels  = 2
00:00:00.104330 Audio:   Output channels = 2
00:00:00.104330 Audio: Device 'Default Audio Device (USB Audio Device, USB Audio)':
00:00:00.104330 Audio:   ID              = sysdefault:CARD=Device
00:00:00.104330 Audio:   Usage           = duplex
00:00:00.104330 Audio:   Flags           = NONE
00:00:00.104330 Audio:   Input channels  = 2
00:00:00.104331 Audio:   Output channels = 2
00:00:00.104331 Audio: Device 'Front output / input (USB Audio Device, USB Audio)':
00:00:00.104331 Audio:   ID              = front:CARD=Device,DEV=0
00:00:00.104331 Audio:   Usage           = duplex
00:00:00.104331 Audio:   Flags           = NONE
00:00:00.104331 Audio:   Input channels  = 2
00:00:00.104332 Audio:   Output channels = 2
00:00:00.104333 Audio: Device '2.1 Surround output to Front and Subwoofer speakers (USB Audio Device, USB Audio)':
00:00:00.104333 Audio:   ID              = surround21:CARD=Device,DEV=0
00:00:00.104333 Audio:   Usage           = output
00:00:00.104333 Audio:   Flags           = NONE
00:00:00.104334 Audio:   Input channels  = 0
00:00:00.104334 Audio:   Output channels = 2
00:00:00.104334 Audio: Device '4.0 Surround output to Front and Rear speakers (USB Audio Device, USB Audio)':
00:00:00.104334 Audio:   ID              = surround40:CARD=Device,DEV=0
00:00:00.104334 Audio:   Usage           = output
00:00:00.104334 Audio:   Flags           = NONE
00:00:00.104335 Audio:   Input channels  = 0
00:00:00.104335 Audio:   Output channels = 2
00:00:00.104335 Audio: Device '4.1 Surround output to Front, Rear and Subwoofer speakers (USB Audio Device, USB Audio)':
00:00:00.104335 Audio:   ID              = surround41:CARD=Device,DEV=0
00:00:00.104335 Audio:   Usage           = output
00:00:00.104335 Audio:   Flags           = NONE
00:00:00.104336 Audio:   Input channels  = 0
00:00:00.104336 Audio:   Output channels = 2
00:00:00.104336 Audio: Device '5.0 Surround output to Front, Center and Rear speakers (USB Audio Device, USB Audio)':
00:00:00.104336 Audio:   ID              = surround50:CARD=Device,DEV=0
00:00:00.104336 Audio:   Usage           = output
00:00:00.104336 Audio:   Flags           = NONE
00:00:00.104337 Audio:   Input channels  = 0
00:00:00.104337 Audio:   Output channels = 2
00:00:00.104337 Audio: Device '5.1 Surround output to Front, Center, Rear and Subwoofer speakers (USB Audio Device, USB Audio)':
00:00:00.104337 Audio:   ID              = surround51:CARD=Device,DEV=0
00:00:00.104337 Audio:   Usage           = output
00:00:00.104337 Audio:   Flags           = NONE
00:00:00.104338 Audio:   Input channels  = 0
00:00:00.104338 Audio:   Output channels = 2
00:00:00.104338 Audio: Device '7.1 Surround output to Front, Center, Side, Rear and Woofer speakers (USB Audio Device, USB Audio)':
00:00:00.104338 Audio:   ID              = surround71:CARD=Device,DEV=0
00:00:00.104338 Audio:   Usage           = output
00:00:00.104338 Audio:   Flags           = NONE
00:00:00.104339 Audio:   Input channels  = 0
00:00:00.104339 Audio:   Output channels = 2
00:00:00.104339 Audio: Device 'IEC958 (S/PDIF) Digital Audio Output (USB Audio Device, USB Audio)':
00:00:00.104339 Audio:   ID              = iec958:CARD=Device,DEV=0
00:00:00.104339 Audio:   Usage           = output
00:00:00.104339 Audio:   Flags           = NONE
00:00:00.104340 Audio:   Input channels  = 0
00:00:00.104340 Audio:   Output channels = 2
00:00:00.104340 Audio: Device 'Direct sample mixing device (USB Audio Device, USB Audio)':
00:00:00.104340 Audio:   ID              = dmix:CARD=Device,DEV=0
00:00:00.104340 Audio:   Usage           = output
00:00:00.104340 Audio:   Flags           = NONE
00:00:00.104341 Audio:   Input channels  = 0
00:00:00.104341 Audio:   Output channels = 2
00:00:00.104341 Audio: Device 'Direct sample snooping device (USB Audio Device, USB Audio)':
00:00:00.104341 Audio:   ID              = dsnoop:CARD=Device,DEV=0
00:00:00.104341 Audio:   Usage           = input
00:00:00.104341 Audio:   Flags           = NONE
00:00:00.104342 Audio:   Input channels  = 2
00:00:00.104342 Audio:   Output channels = 0
00:00:00.104342 Audio: Device 'USB Stream Output (USB Audio Device)':
00:00:00.104342 Audio:   ID              = usbstream:CARD=Device
00:00:00.104342 Audio:   Usage           = duplex
00:00:00.104342 Audio:   Flags           = NONE
00:00:00.104343 Audio:   Input channels  = 2
00:00:00.104343 Audio:   Output channels = 2
00:00:00.104376 AC97: Reset
00:00:00.104376 AC97: Mixer reset (EAID=0x809, EACS=0x9)
00:00:00.104377 AC97: Record select to left=mic, right=mic
00:00:00.104379 Audio Mixer: MUTING master volume of 'AC'97 Mixer' -- channel volumes: ff ff ff ff ff ff ff ff ff ff ff ff
00:00:00.104381 Audio Mixer: MUTING sink 'AC'97 Mixer/Line In' -- channel volumes: 00 00 00 00 00 00 00 00 00 00 00 00
00:00:00.104382 Audio Mixer: MUTING sink 'AC'97 Mixer/Microphone In' -- channel volumes: 00 00 00 00 00 00 00 00 00 00 00 00
00:00:00.104383 Audio Mixer: MUTING sink 'AC'97 Mixer/PCM Output' -- channel volumes: 00 00 00 00 00 00 00 00 00 00 00 00
00:00:00.104385 Audio Mixer: MUTING sink 'AC'97 Mixer/PCM Output' -- channel volumes: 00 00 00 00 00 00 00 00 00 00 00 00
00:00:00.104386 Audio Mixer: MUTING sink 'AC'97 Mixer/Line In' -- channel volumes: 00 00 00 00 00 00 00 00 00 00 00 00
00:00:00.104387 Audio Mixer: MUTING sink 'AC'97 Mixer/Line In' -- channel volumes: 00 00 00 00 00 00 00 00 00 00 00 00
00:00:00.104387 Audio Mixer: MUTING sink 'AC'97 Mixer/Microphone In' -- channel volumes: 00 00 00 00 00 00 00 00 00 00 00 00
00:00:00.104626 PGM: The CPU physical address width is 46 bits
00:00:00.104628 PGM: PGMR3InitFinalize: 4 MB PSE mask 00003fffffffffff -> VINF_SUCCESS
00:00:00.104632 TM: TMR3InitFinalize: fTSCModeSwitchAllowed=true
00:00:00.104690 CPUM: Mapped 1.0MiB (1048576 bytes) of RAM using fixed-range MTRRs
00:00:00.104691 CPUM: Mapped 2.0GiB (2147483648 bytes) of RAM using 1 variable-range MTRRs
00:00:00.104743 CPUM: Host IA32_ARCH_CAPABILITIES  = 0x14c8fd6b
00:00:00.104745 CPUM: Guest IA32_ARCH_CAPABILITIES = 0x1408e169
00:00:00.104775 VMM: Enabled thread-context hooks
00:00:00.104775 VMM: RTThreadPreemptIsPending() can be trusted
00:00:00.104776 VMM: Kernel preemption is possible
00:00:00.104879 HM: Host MSR_IA32_FEATURE_CONTROL = 0x5
00:00:00.104941 HM: fWorldSwitcher=0x0 (fIbpbOnVmExit=false fIbpbOnVmEntry=false fL1dFlushOnVmEntry=false); fL1dFlushOnSched=false fMdsClearOnVmEntry=false
00:00:00.104943 HM: Using VT-x implementation 3.0
00:00:00.104943 HM: Max resume loops                  = 8192
00:00:00.104944 HM: Host CR0                          = 0x80050033
00:00:00.104944 HM: Host CR4                          = 0xf72ef0
00:00:00.104944 HM: Host EFER                         = 0xd01
00:00:00.104944 HM: Host SMM_MONITOR_CTL              = 0x0
00:00:00.104944 HM: Host CORE_CAPABILITIES            = 0xfd
00:00:00.104945 HM: Host MEMORY_CTRL                  = 0x20000000 - split-lock disable!
00:00:00.104945 HM: Host DR6 zero'ed                  = 0xffff0ff0
00:00:00.104945 HM: MSR_IA32_FEATURE_CONTROL          = 0x5
00:00:00.104946 HM:   LOCK
00:00:00.104946 HM:   VMXON
00:00:00.104946 HM: MSR_IA32_VMX_BASIC                = 0x3da050000000013
00:00:00.104946 HM:   VMCS id                           = 0x13
00:00:00.104946 HM:   VMCS size                         = 1280 bytes
00:00:00.104947 HM:   VMCS physical address limit       = None
00:00:00.104947 HM:   VMCS memory type                  = Write Back (WB)
00:00:00.104947 HM:   Dual-monitor treatment support    = true
00:00:00.104947 HM:   OUTS & INS instruction-info       = true
00:00:00.104948 HM:   Supports true-capability MSRs     = true
00:00:00.104948 HM:   VM-entry Xcpt error-code optional = true
00:00:00.104948 HM: MSR_IA32_VMX_PINBASED_CTLS        = 0xff00000016
00:00:00.104948 HM:   EXT_INT_EXIT
00:00:00.104948 HM:   NMI_EXIT
00:00:00.104948 HM:   VIRTUAL_NMI
00:00:00.104949 HM:   PREEMPT_TIMER
00:00:00.104949 HM:   POSTED_INT
00:00:00.104949 HM: MSR_IA32_VMX_PROCBASED_CTLS       = 0xfffbfffe0401e172
00:00:00.104949 HM:   INT_WINDOW_EXIT
00:00:00.104950 HM:   USE_TSC_OFFSETTING
00:00:00.104950 HM:   HLT_EXIT
00:00:00.104950 HM:   INVLPG_EXIT
00:00:00.104950 HM:   MWAIT_EXIT
00:00:00.104950 HM:   RDPMC_EXIT
00:00:00.104950 HM:   RDTSC_EXIT
00:00:00.104951 HM:   CR3_LOAD_EXIT (must be set)
00:00:00.104951 HM:   CR3_STORE_EXIT (must be set)
00:00:00.104951 HM:   USE_TERTIARY_CTLS
00:00:00.104951 HM:   CR8_LOAD_EXIT
00:00:00.104951 HM:   CR8_STORE_EXIT
00:00:00.104951 HM:   USE_TPR_SHADOW
00:00:00.104952 HM:   NMI_WINDOW_EXIT
00:00:00.104952 HM:   MOV_DR_EXIT
00:00:00.104952 HM:   UNCOND_IO_EXIT
00:00:00.104952 HM:   USE_IO_BITMAPS
00:00:00.104952 HM:   MONITOR_TRAP_FLAG
00:00:00.104952 HM:   USE_MSR_BITMAPS
00:00:00.104952 HM:   MONITOR_EXIT
00:00:00.104953 HM:   PAUSE_EXIT
00:00:00.104953 HM:   USE_SECONDARY_CTLS
00:00:00.104953 HM: MSR_IA32_VMX_PROCBASED_CTLS2      = 0xf5d7fff00000000
00:00:00.104953 HM:   VIRT_APIC_ACCESS
00:00:00.104953 HM:   EPT
00:00:00.104954 HM:   DESC_TABLE_EXIT
00:00:00.104954 HM:   RDTSCP
00:00:00.104954 HM:   VIRT_X2APIC_MODE
00:00:00.104954 HM:   VPID
00:00:00.104954 HM:   WBINVD_EXIT
00:00:00.104955 HM:   UNRESTRICTED_GUEST
00:00:00.104955 HM:   APIC_REG_VIRT
00:00:00.104955 HM:   VIRT_INT_DELIVERY
00:00:00.104955 HM:   PAUSE_LOOP_EXIT
00:00:00.104955 HM:   RDRAND_EXIT
00:00:00.104955 HM:   INVPCID
00:00:00.104956 HM:   VMFUNC
00:00:00.104956 HM:   VMCS_SHADOWING
00:00:00.104956 HM:   ENCLS_EXIT (must be cleared)
00:00:00.104956 HM:   RDSEED_EXIT
00:00:00.104956 HM:   PML (must be cleared)
00:00:00.104956 HM:   EPT_XCPT_VE
00:00:00.104956 HM:   CONCEAL_VMX_FROM_PT
00:00:00.104957 HM:   XSAVES_XRSTORS
00:00:00.104957 HM:   PASID_TRANSLATE (must be cleared)
00:00:00.104957 HM:   MODE_BASED_EPT_PERM
00:00:00.104957 HM:   SPP_EPT (must be cleared)
00:00:00.104957 HM:   PT_EPT
00:00:00.104958 HM:   TSC_SCALING
00:00:00.104958 HM:   USER_WAIT_PAUSE
00:00:00.104958 HM:   PCONFIG
00:00:00.104958 HM:   ENCLV_EXIT (must be cleared)
00:00:00.104958 HM:   BUS_LOCK_DETECT (must be cleared)
00:00:00.104958 HM:   INSTR_TIMEOUT (must be cleared)
00:00:00.104958 HM: MSR_IA32_VMX_PROCBASED_CTLS3      = 0xf
00:00:00.104959 HM:   LOADIWKEY_EXIT                    = true
00:00:00.104959 HM:   HLAT                              = true
00:00:00.104959 HM:   EPT_PAGING_WRITE                  = true
00:00:00.104959 HM:   GST_PAGING_VERIFY                 = true
00:00:00.104959 HM:   IPI_VIRT                          = false
00:00:00.104959 HM:   VIRT_SPEC_CTRL                    = false
00:00:00.104960 HM: MSR_IA32_VMX_ENTRY_CTLS           = 0x76ffff000011ff
00:00:00.104960 HM:   LOAD_DEBUG (must be set)
00:00:00.104960 HM:   IA32E_MODE_GUEST
00:00:00.104960 HM:   ENTRY_TO_SMM
00:00:00.104960 HM:   DEACTIVATE_DUAL_MON
00:00:00.104961 HM:   LOAD_PERF_MSR
00:00:00.104961 HM:   LOAD_PAT_MSR
00:00:00.104961 HM:   LOAD_EFER_MSR
00:00:00.104961 HM:   LOAD_BNDCFGS_MSR (must be cleared)
00:00:00.104961 HM:   CONCEAL_VMX_FROM_PT
00:00:00.104961 HM:   LOAD_RTIT_CTL_MSR
00:00:00.104961 HM:   LOAD_UINV (must be cleared)
00:00:00.104962 HM:   LOAD_CET_STATE
00:00:00.104962 HM:   LOAD_LBR_CTL_MSR
00:00:00.104962 HM:   LOAD_PKRS_MSR
00:00:00.104962 HM: MSR_IA32_VMX_EXIT_CTLS            = 0xf77fffff00036dff
00:00:00.104962 HM:   SAVE_DEBUG (must be set)
00:00:00.104962 HM:   HOST_ADDR_SPACE_SIZE
00:00:00.104963 HM:   LOAD_PERF_MSR
00:00:00.104963 HM:   ACK_EXT_INT
00:00:00.104963 HM:   SAVE_PAT_MSR
00:00:00.104963 HM:   LOAD_PAT_MSR
00:00:00.104963 HM:   SAVE_EFER_MSR
00:00:00.104963 HM:   LOAD_EFER_MSR
00:00:00.104963 HM:   SAVE_PREEMPT_TIMER
00:00:00.104964 HM:   CLEAR_BNDCFGS_MSR (must be cleared)
00:00:00.104964 HM:   CONCEAL_VMX_FROM_PT
00:00:00.104964 HM:   CLEAR_RTIT_CTL_MSR
00:00:00.104964 HM:   CLEAR_LBR_CTL_MSR
00:00:00.104964 HM:   CLEAR_UINV (must be cleared)
00:00:00.104964 HM:   LOAD_CET_STATE
00:00:00.104965 HM:   LOAD_PKRS_MSR
00:00:00.104965 HM:   SAVE_PERF_MSR
00:00:00.104965 HM: MSR_IA32_VMX_TRUE_PINBASED_CTLS   = 0xff00000016
00:00:00.104965 HM: MSR_IA32_VMX_TRUE_PROCBASED_CTLS  = 0xfffbfffe04006172
00:00:00.104965 HM: MSR_IA32_VMX_TRUE_ENTRY_CTLS      = 0x76ffff000011fb
00:00:00.104966 HM: MSR_IA32_VMX_TRUE_EXIT_CTLS       = 0xf77fffff00036dfb
00:00:00.104966 HM: MSR_IA32_VMX_MISC                 = 0x7004c1e7
00:00:00.104966 HM:   PREEMPT_TIMER_TSC                 = 0x7
00:00:00.104966 HM:   EXIT_SAVE_EFER_LMA                = true
00:00:00.104967 HM:   ACTIVITY_STATES                   = 0x7 ( HLT SHUTDOWN SIPI_WAIT )
00:00:00.104967 HM:   INTEL_PT                          = true
00:00:00.104967 HM:   SMM_READ_SMBASE_MSR               = true
00:00:00.104967 HM:   CR3_TARGET                        = 0x4
00:00:00.104967 HM:   MAX_MSR                           = 0x0 ( 512 )
00:00:00.104968 HM:   VMXOFF_BLOCK_SMI                  = true
00:00:00.104968 HM:   VMWRITE_ALL                       = true
00:00:00.104968 HM:   ENTRY_INJECT_SOFT_INT             = 0x1
00:00:00.104968 HM:   MSEG_ID                           = 0x0
00:00:00.104968 HM: MSR_IA32_VMX_VMCS_ENUM            = 0x2e
00:00:00.104968 HM:   HIGHEST_IDX                       = 0x17
00:00:00.104969 HM: MSR_IA32_VMX_EPT_VPID_CAP         = 0x10f0106f34141
00:00:00.104969 HM:   RWX_X_ONLY
00:00:00.104969 HM:   PAGE_WALK_LENGTH_4
00:00:00.104969 HM:   MEMTYPE_UC
00:00:00.104969 HM:   MEMTYPE_WB
00:00:00.104970 HM:   PDE_2M
00:00:00.104970 HM:   PDPTE_1G
00:00:00.104970 HM:   INVEPT
00:00:00.104970 HM:   ACCESS_DIRTY
00:00:00.104970 HM:   ADVEXITINFO_EPT_VIOLATION
00:00:00.104970 HM:   SUPER_SHW_STACK
00:00:00.104971 HM:   INVEPT_SINGLE_CONTEXT
00:00:00.104971 HM:   INVEPT_ALL_CONTEXTS
00:00:00.104971 HM:   INVVPID
00:00:00.104971 HM:   INVVPID_INDIV_ADDR
00:00:00.104971 HM:   INVVPID_SINGLE_CONTEXT
00:00:00.104971 HM:   INVVPID_ALL_CONTEXTS
00:00:00.104971 HM:   INVVPID_SINGLE_CONTEXT_RETAIN_GLOBALS
00:00:00.104971 HM: MSR_IA32_VMX_VMFUNC               = 0x1
00:00:00.104971 HM:   EPTP_SWITCHING
00:00:00.104972 HM: MSR_IA32_VMX_CR0_FIXED0           = 0x80000021
00:00:00.104972 HM: MSR_IA32_VMX_CR0_FIXED1           = 0xffffffff
00:00:00.104972 HM: MSR_IA32_VMX_CR4_FIXED0           = 0x2000
00:00:00.104972 HM: MSR_IA32_VMX_CR4_FIXED1           = 0x1ff6fff
00:00:00.104973 HM: Guest support: 32-bit and 64-bit
00:00:00.104975 HM: Supports VMCS EFER fields         = true
00:00:00.104975 HM: Enabled VMX
00:00:00.104977 HM: Enabled nested paging
00:00:00.104977 HM:   EPT flush type                  = Single context
00:00:00.104977 HM: Enabled unrestricted guest execution
00:00:00.104977 HM: Enabled VPID
00:00:00.104977 HM:   VPID flush type                 = Single context
00:00:00.104977 HM: Enabled VMX-preemption timer (cPreemptTimerShift=7)
00:00:00.104978 HM: VT-x/AMD-V init method: Global
00:00:00.104978 HM: VT-x/AMD-V enable method: Host API
00:00:00.104978 EM: Exit history optimizations: enabled=true enabled-r0=true enabled-r0-no-preemption=false
00:00:00.107024 PcBios: SATA LUN#0 LCHS=1024/255/63
00:00:00.107029 APIC: fPostedIntrsEnabled=false fVirtApicRegsEnabled=false fSupportsTscDeadline=false
00:00:00.107030 TMR3UtcNow: nsNow=1 778 727 518 480 207 000 nsPrev=0 -> cNsDelta=1 778 727 518 480 207 000 (offLag=0 offVirtualSync=0 offVirtualSyncGivenUp=0, NowAgain=1 778 727 518 480 207 000)
00:00:00.107033 VMM: fUsePeriodicPreemptionTimers=false
00:00:00.107175 CPUM: Logical host processors: 24 present, 24 max, 24 online, online mask: 0000000000ffffff
00:00:00.107306 CPUM: Physical host cores: 16
00:00:00.107306 ************************ CPUID dump *************************
00:00:00.108498          Raw Standard CPUID Leaves
00:00:00.108498      Leaf/sub-leaf  eax      ebx      ecx      edx
00:00:00.108499 Gst: 00000000/0000  00000016 756e6547 6c65746e 49656e69
00:00:00.108499 Hst:                00000020 756e6547 6c65746e 49656e69
00:00:00.108500 Gst: 00000001/0000  00090672 00020800 f6fa3203 178bfbff
00:00:00.108500 Hst:                00090672 08800800 7ffafbff bfebfbff
00:00:00.108500 Gst: 00000002/0000  00feff01 000000f0 00000000 00000000
00:00:00.108501 Hst:                00feff01 000000f0 00000000 00000000
00:00:00.108501 Gst: 00000003/0000  00000000 00000000 00000000 00000000
00:00:00.108501 Hst:                00000000 00000000 00000000 00000000
00:00:00.108502 Gst: 00000004/0000  04000121 02c0003f 0000003f 00000000
00:00:00.108502 Hst:                fc004121 02c0003f 0000003f 00000000
00:00:00.108502 Gst: 00000004/0001  04000122 01c0003f 0000003f 00000000
00:00:00.108503 Hst:                fc004122 01c0003f 0000003f 00000000
00:00:00.108503 Gst: 00000004/0002  04000143 0240003f 000007ff 00000000
00:00:00.108503 Hst:                fc01c143 0240003f 000007ff 00000000
00:00:00.108504 Gst: 00000004/0003  04000163 02c0003f 00009fff 00000004
00:00:00.108504 Hst:                fc1fc163 02c0003f 00009fff 00000004
00:00:00.108504 Gst: 00000004/0004  04000000 00000000 00000000 00000000
00:00:00.108505 Hst:                00000000 00000000 00000000 00000000
00:00:00.108505 Gst: 00000005/0000  00000000 00000000 00000000 00000000
00:00:00.108505 Hst:                00000040 00000040 00000003 10102020
00:00:00.108505 Gst: 00000006/0000  00000004 00000000 00000000 00000000
00:00:00.108506 Hst:                00dfcff7 00000002 00000409 00010003
00:00:00.108506 Gst: 00000007/0000  00000002 208c2569 00000000 30000400
00:00:00.108506 Hst:                00000002 239c27eb 98c027bc fc1cc410
00:00:00.108507 Gst: 00000007/0001  00000000 00000000 00000000 00000000
00:00:00.108507 Hst:                00400810 00000000 00000000 00040000
00:00:00.108507 Gst: 00000007/0002  00000000 00000000 00000000 00000000
00:00:00.108508 Hst:                00000000 00000000 00000000 00000097
00:00:00.108508 Gst: 00000007/0003  00000000 00000000 00000000 00000000
00:00:00.108508 Hst:                00000000 00000000 00000000 00000000
00:00:00.108508 Gst: 00000008/0000  00000000 00000000 00000000 00000000
00:00:00.108509 Hst:                00000000 00000000 00000000 00000000
00:00:00.108509 Gst: 00000009/0000  00000000 00000000 00000000 00000000
00:00:00.108509 Hst:                00000000 00000000 00000000 00000000
00:00:00.108509 Gst: 0000000a/0000  00000000 00000000 00000000 00000000
00:00:00.108510 Hst:                07300605 00000000 00000007 00008603
00:00:00.108510 Gst: 0000000b/0000  00000000 00000001 00000100 00000000
00:00:00.108510 Hst:                00000001 00000002 00000100 00000008
00:00:00.108511 Gst: 0000000b/0001  00000001 00000002 00000201 00000000
00:00:00.108511 Hst:                00000007 00000018 00000201 00000008
00:00:00.108511 Gst: 0000000b/0002  00000000 00000000 00000002 00000000
00:00:00.108511 Hst:                00000000 00000000 00000002 00000008
00:00:00.108512 Gst: 0000000c/0000  00000000 00000000 00000000 00000000
00:00:00.108512 Hst:                00000000 00000000 00000000 00000000
00:00:00.108512 Gst: 0000000d/0000  00000007 00000340 00000340 00000000
00:00:00.108512 Hst:                00000207 00000a88 00000a88 00000000
00:00:00.108513 Gst: 0000000d/0001  00000000 00000698 00000000 00000000
00:00:00.108513 Hst:                0000000f 00000698 00019900 00000000
00:00:00.108513 Gst: 0000000d/0002  00000100 00000240 00000000 00000000
00:00:00.108514 Hst:                00000100 00000240 00000000 00000000
00:00:00.108514 Gst: 0000000d/0003  00000000 00000000 00000000 00000000
00:00:00.108514 Hst:                00000000 00000000 00000000 00000000
00:00:00.108514 Gst: 0000000d/0004  00000000 00000000 00000000 00000000
00:00:00.108515 Hst:                00000000 00000000 00000000 00000000
00:00:00.108515 Gst: 0000000d/0005  00000000 00000000 00000000 00000000
00:00:00.108515 Hst:                00000000 00000000 00000000 00000000
00:00:00.108515 Gst: 0000000d/0006  00000000 00000000 00000000 00000000
00:00:00.108516 Hst:                00000000 00000000 00000000 00000000
00:00:00.108516 Gst: 0000000d/0007  00000000 00000000 00000000 00000000
00:00:00.108516 Hst:                00000000 00000000 00000000 00000000
00:00:00.108516 Gst: 0000000d/0008  00000000 00000000 00000000 00000000
00:00:00.108517 Hst:                00000080 00000000 00000001 00000000
00:00:00.108517 Gst: 0000000d/0009  00000000 00000000 00000000 00000000
00:00:00.108517 Hst:                00000008 00000a80 00000000 00000000
00:00:00.108518 Gst: 0000000d/000a  00000000 00000000 00000000 00000000
00:00:00.108518 Hst:                00000000 00000000 00000000 00000000
00:00:00.108518 Gst: 0000000d/000b  00000000 00000000 00000000 00000000
00:00:00.108518 Hst:                00000010 00000000 00000001 00000000
00:00:00.108519 Gst: 0000000d/000c  00000000 00000000 00000000 00000000
00:00:00.108519 Hst:                00000018 00000000 00000001 00000000
00:00:00.108519 Gst: 0000000d/000d  00000000 00000000 00000000 00000000
00:00:00.108519 Hst:                00000000 00000000 00000000 00000000
00:00:00.108520 Gst: 0000000d/000e  00000000 00000000 00000000 00000000
00:00:00.108520 Hst:                00000000 00000000 00000000 00000000
00:00:00.108520 Gst: 0000000d/000f  00000000 00000000 00000000 00000000
00:00:00.108520 Hst:                00000328 00000000 00000001 00000000
00:00:00.108521 Gst: 0000000d/0010  00000000 00000000 00000000 00000000
00:00:00.108521 Hst:                00000008 00000000 00000001 00000000
00:00:00.108521 Gst: 0000000d/0011  00000000 00000000 00000000 00000000
00:00:00.108521 Hst:                00000000 00000000 00000000 00000000
00:00:00.108522 Gst: 0000000e/0000  00000000 00000000 00000000 00000000
00:00:00.108522 Hst:                00000000 00000000 00000000 00000000
00:00:00.108522 Gst: 0000000f/0000  00000000 00000000 00000000 00000000
00:00:00.108522 Hst:                00000000 00000000 00000000 00000000
00:00:00.108523 Gst: 00000010/0000  00000000 00000000 00000000 00000000
00:00:00.108523 Hst:                00000000 00000000 00000000 00000000
00:00:00.108523 Gst: 00000011/0000  00000000 00000000 00000000 00000000
00:00:00.108524 Hst:                00000000 00000000 00000000 00000000
00:00:00.108524 Gst: 00000012/0000  00000000 00000000 00000000 00000000
00:00:00.108524 Hst:                00000000 00000000 00000000 00000000
00:00:00.108524 Gst: 00000013/0000  00000000 00000000 00000000 00000000
00:00:00.108525 Hst:                00000000 00000000 00000000 00000000
00:00:00.108525 Gst: 00000014/0000  00000000 00000000 00000000 00000000
00:00:00.108525 Hst:                00000001 0000005f 00000007 00000000
00:00:00.108525 Hst: 00000015/0000  00000002 000000a6 0249f000 00000000
00:00:00.108526 Hst: 00000016/0000  00000c80 00001450 00000064 00000000
00:00:00.108526 Hst: 00000017/0000  00000000 00000000 00000000 00000000
00:00:00.108526 Hst: 00000018/0000  00000008 00000000 00000000 00000000
00:00:00.108527 Hst: 00000019/0000  00000007 00000014 00000003 00000000
00:00:00.108527 Hst: 0000001a/0000  40000001 00000000 00000000 00000000
00:00:00.108527 Hst: 0000001b/0000  00000001 00000001 00000000 00000000
00:00:00.108528 Hst: 0000001c/0000  4000000b 00000007 00000007 00000000
00:00:00.108528 Hst: 0000001d/0000  00000000 00000000 00000000 00000000
00:00:00.108528 Hst: 0000001e/0000  00000000 00000000 00000000 00000000
00:00:00.108529 Hst: 0000001f/0000  00000001 00000002 00000100 00000008
00:00:00.108529 Hst: 00000020/0000  00000000 00000001 00000000 00000000
00:00:00.108529                                Name: GenuineIntel
00:00:00.108530                            Supports: 0x00000000-0x00000016
00:00:00.108531                              Family:  6 	Extended: 0 	Effective: 6
00:00:00.108531                               Model:  7 	Extended: 9 	Effective: 151
00:00:00.108532                            Stepping: 2
00:00:00.108532                                Type: 0 (primary)
00:00:00.108533                             APIC ID: 0x00
00:00:00.108533                        Logical CPUs: 2
00:00:00.108533                        CLFLUSH Size: 8
00:00:00.108534                            Brand ID: 0x00
00:00:00.108534 Features
00:00:00.108534   Mnemonic - Description                                  = Guest (Host)
00:00:00.108535   FPU - x87 FPU on Chip                                   = 1 (1)
00:00:00.108536   VME - Virtual 8086 Mode Enhancements                    = 1 (1)
00:00:00.108536   DE - Debugging extensions                               = 1 (1)
00:00:00.108537   PSE - Page Size Extension                               = 1 (1)
00:00:00.108537   TSC - Time Stamp Counter                                = 1 (1)
00:00:00.108537   MSR - Model Specific Registers                          = 1 (1)
00:00:00.108538   PAE - Physical Address Extension                        = 1 (1)
00:00:00.108538   MCE - Machine Check Exception                           = 1 (1)
00:00:00.108539   CX8 - CMPXCHG8B instruction                             = 1 (1)
00:00:00.108539   APIC - APIC On-Chip                                     = 1 (1)
00:00:00.108539   SEP - SYSENTER and SYSEXIT Present                      = 1 (1)
00:00:00.108540   MTRR - Memory Type Range Registers                      = 1 (1)
00:00:00.108540   PGE - PTE Global Bit                                    = 1 (1)
00:00:00.108541   MCA - Machine Check Architecture                        = 1 (1)
00:00:00.108541   CMOV - Conditional Move instructions                    = 1 (1)
00:00:00.108541   PAT - Page Attribute Table                              = 1 (1)
00:00:00.108542   PSE-36 - 36-bit Page Size Extension                     = 1 (1)
00:00:00.108542   PSN - Processor Serial Number                           = 0 (0)
00:00:00.108543   CLFSH - CLFLUSH instruction                             = 1 (1)
00:00:00.108543   DS - Debug Store                                        = 0 (1)
00:00:00.108543   ACPI - Thermal Mon. & Soft. Clock Ctrl.                 = 0 (1)
00:00:00.108544   MMX - Intel MMX Technology                              = 1 (1)
00:00:00.108544   FXSR - FXSAVE and FXRSTOR instructions                  = 1 (1)
00:00:00.108545   SSE - SSE support                                       = 1 (1)
00:00:00.108545   SSE2 - SSE2 support                                     = 1 (1)
00:00:00.108546   SS - Self Snoop                                         = 0 (1)
00:00:00.108546   HTT - Hyper-Threading Technology                        = 1 (1)
00:00:00.108546   TM - Therm. Monitor                                     = 0 (1)
00:00:00.108547   PBE - Pending Break Enabled                             = 0 (1)
00:00:00.108547   SSE3 - SSE3 support                                     = 1 (1)
00:00:00.108548   PCLMUL - PCLMULQDQ support (for AES-GCM)                = 1 (1)
00:00:00.108548   DTES64 - DS Area 64-bit Layout                          = 0 (1)
00:00:00.108549   MONITOR - MONITOR/MWAIT instructions                    = 0 (1)
00:00:00.108549   CPL-DS - CPL Qualified Debug Store                      = 0 (1)
00:00:00.108549   VMX - Virtual Machine Extensions                        = 0 (1)
00:00:00.108550   SMX - Safer Mode Extensions                             = 0 (1)
00:00:00.108550   EST - Enhanced SpeedStep Technology                     = 0 (1)
00:00:00.108550   TM2 - Terminal Monitor 2                                = 0 (1)
00:00:00.108551   SSSE3 - Supplemental Streaming SIMD Extensions 3        = 1 (1)
00:00:00.108551   CNTX-ID - L1 Context ID                                 = 0 (0)
00:00:00.108552   SDBG - Silicon Debug interface                          = 0 (1)
00:00:00.108552   FMA - Fused Multiply Add extensions                     = 1 (1)
00:00:00.108552   CX16 - CMPXCHG16B instruction                           = 1 (1)
00:00:00.108553   TPRUPDATE - xTPR Update Control                         = 0 (1)
00:00:00.108553   PDCM - Perf/Debug Capability MSR                        = 0 (1)
00:00:00.108553   PCID - Process Context Identifiers                      = 1 (1)
00:00:00.108554   DCA - Direct Cache Access                               = 0 (0)
00:00:00.108554   SSE4_1 - SSE4_1 support                                 = 1 (1)
00:00:00.108555   SSE4_2 - SSE4_2 support                                 = 1 (1)
00:00:00.108555   X2APIC - x2APIC support                                 = 1 (1)
00:00:00.108555   MOVBE - MOVBE instruction                               = 1 (1)
00:00:00.108556   POPCNT - POPCNT instruction                             = 1 (1)
00:00:00.108556   TSCDEADL - Time Stamp Counter Deadline                  = 0 (1)
00:00:00.108557   AES - AES instructions                                  = 1 (1)
00:00:00.108557   XSAVE - XSAVE instruction                               = 1 (1)
00:00:00.108558   OSXSAVE - OSXSAVE instruction                           = 0 (1)
00:00:00.108558   AVX - AVX support                                       = 1 (1)
00:00:00.108558   F16C - 16-bit floating point conversion instructions    = 1 (1)
00:00:00.108559   RDRAND - RDRAND instruction                             = 1 (1)
00:00:00.108559   HVP - Hypervisor Present (we're a guest)                = 1 (0)
00:00:00.108560 Structured Extended Feature Flags Enumeration (leaf 7):
00:00:00.108560 Sub-leaf 0
00:00:00.108560   Mnemonic - Description                                  = Guest (Host)
00:00:00.108560   FSGSBASE - RDFSBASE/RDGSBASE/WRFSBASE/WRGSBASE instr.   = 1 (1)
00:00:00.108561   TSCADJUST - Supports MSR_IA32_TSC_ADJUST                = 0 (1)
00:00:00.108561   SGX - Supports Software Guard Extensions                = 0 (0)
00:00:00.108561   BMI1 - Advanced Bit Manipulation extension 1            = 1 (1)
00:00:00.108562   HLE - Hardware Lock Elision                             = 0 (0)
00:00:00.108562   AVX2 - Advanced Vector Extensions 2                     = 1 (1)
00:00:00.108563   FDP_EXCPTN_ONLY - FPU DP only updated on exceptions     = 1 (1)
00:00:00.108563   SMEP - Supervisor Mode Execution Prevention             = 0 (1)
00:00:00.108563   BMI2 - Advanced Bit Manipulation extension 2            = 1 (1)
00:00:00.108563   ERMS - Enhanced REP MOVSB/STOSB instructions            = 0 (1)
00:00:00.108564   INVPCID - INVPCID instruction                           = 1 (1)
00:00:00.108564   RTM - Restricted Transactional Memory                   = 0 (0)
00:00:00.108565   PQM - Platform Quality of Service Monitoring            = 0 (0)
00:00:00.108565   DEPFPU_CS_DS - Deprecates FPU CS, FPU DS values if set  = 1 (1)
00:00:00.108565   MPE - Intel Memory Protection Extensions                = 0 (0)
00:00:00.108565   PQE - Platform Quality of Service Enforcement           = 0 (0)
00:00:00.108566   AVX512F - AVX512 Foundation instructions                = 0 (0)
00:00:00.108566   AVX512DQ - Supports the AVX512DQ instructions           = 0 (0)
00:00:00.108566   RDSEED - RDSEED instruction                             = 1 (1)
00:00:00.108567   ADX - ADCX/ADOX instructions                            = 1 (1)
00:00:00.108567   SMAP - Supervisor Mode Access Prevention                = 0 (1)
00:00:00.108568   AVX512_IFMA - Supports the AVX512_IFMA instructions     = 0 (0)
00:00:00.108568   CLFLUSHOPT - CLFLUSHOPT (Cache Line Flush) instruction  = 1 (1)
00:00:00.108568   CLWB - CLWB instruction                                 = 0 (1)
00:00:00.108569   INTEL_PT - Intel Processor Trace                        = 0 (1)
00:00:00.108569   AVX512PF - AVX512 Prefetch instructions                 = 0 (0)
00:00:00.108569   AVX512ER - AVX512 Exponential & Reciprocal instructions = 0 (0)
00:00:00.108570   AVX512CD - AVX512 Conflict Detection instructions       = 0 (0)
00:00:00.108570   SHA - Secure Hash Algorithm extensions                  = 1 (1)
00:00:00.108570   AVX512BW - Supports the AVX512BW instructions           = 0 (0)
00:00:00.108571   AVX512VL - Supports the AVX512VL instructions           = 0 (0)
00:00:00.108571   PREFETCHWT1 - PREFETCHWT1 instruction                   = 0 (0)
00:00:00.108571   AVX512_VBMI - Supports the AVX512_VBMI instructions     = 0 (0)
00:00:00.108572   UMIP - User mode insturction prevention                 = 0 (1)
00:00:00.108572   PKU - Protection Key for Usermode pages                 = 0 (1)
00:00:00.108572   OSPKE - CR4.PKU mirror                                  = 0 (1)
00:00:00.108573   WAITPKG - TPAUSE, UMONITOR & UMWAIT support             = 0 (1)
00:00:00.108573   AVX512_VBMI2 - Supports the AVX512_VBMI2 instructions   = 0 (0)
00:00:00.108573   CET_SS - CET shadow stack support                       = 0 (1)
00:00:00.108574   GFNI - Supports the GFNI instruction set                = 0 (1)
00:00:00.108574   VAES - Supports the VEX encoded AES instruction set     = 0 (1)
00:00:00.108574   VPCLMULQDQ - Supports the VPCLMULQDQ instruction        = 0 (1)
00:00:00.108575   AVX512_VNNI - Supports the AVX512_VNNI instructions     = 0 (0)
00:00:00.108575   AVX512_BITALG - Supports the AVX512_BITALG instructions = 0 (0)
00:00:00.108575   TME_EN - Supports 4 IA32_TME_ MSRs                      = 0 (1)
00:00:00.108576   AVX512_VPOPCNTDQ - Supports the AVX512_VPOPCNTDQ instructions = 0 (0)
00:00:00.108576   LA57 - 57-bit linear addresses                          = 0 (0)
00:00:00.108576   MAWAU - Value used by BNDLDX & BNDSTX                   = 0x0 (0x0)
00:00:00.108577   RDPID - Read processor ID support                       = 0 (1)
00:00:00.108577   KEY_LOCKER - Supports Key Locker                        = 0 (1)
00:00:00.108577   BUS_LOCK_DETECT - Supports OS bus-lock detection        = 0 (0)
00:00:00.108578   CLDEMOTE - Supports cache line demote                   = 0 (0)
00:00:00.108578   MOVDIRI - Supports the MOVDIRI instruction              = 0 (1)
00:00:00.108578   MOVDIRI64B - Supports the MOVDIRI64B instruction        = 0 (1)
00:00:00.108579   ENQCMD - Supports the Eqnqueue Stores                   = 0 (0)
00:00:00.108579   SGX_LC - Supports SGX Launch Configuration              = 0 (0)
00:00:00.108579   PKS - Supports protection keys for supervisor pages     = 0 (1)
00:00:00.108580   SGX_KEYS - Supports Attestation Service for Intel SGX   = 0 (0)
00:00:00.108580   AVX512_4VNNIW - Supports the AVX512_4VNNIW instructions = 0 (0)
00:00:00.108580   AVX512_4FMAPS - Supports the AVX512_4FMAPS instructions = 0 (0)
00:00:00.108581   FAST_SHORT_REP_MOVSB - Supports fast short REP MOVSB    = 0 (1)
00:00:00.108581   UINTR - Supports user interrupts                        = 0 (0)
00:00:00.108581   AVX512_VP2INTERSECT - Supports the AVX512_VP2INTERSECT instr. = 0 (0)
00:00:00.108581   MCU_OPT_CTRL - Supports IA32_MCU_OPT_CTRL               = 0 (0)
00:00:00.108582   MD_CLEAR - Supports MDS related buffer clearing         = 1 (1)
00:00:00.108582   RTM_ALWAYS_ABORT - XBEGIN always aborts and does fallback = 0 (0)
00:00:00.108582   RTM_FORCE_ABORT - Supports IA32_TSX_FORCE_ABORT         = 0 (0)
00:00:00.108583   SERIALIZE - Supports the SERIALIZE instruction          = 0 (1)
00:00:00.108583   HYBRID - Identifiers the CPU as a hybrid part           = 0 (1)
00:00:00.108583   TSXLDTRK - Supports susp/resume of TSX ld addr tracking = 0 (0)
00:00:00.108584   PCONFIG - Supports the PCONFIG instruction              = 0 (1)
00:00:00.108584   ARCH_LBRS - Supports architectural LBRs                 = 0 (1)
00:00:00.108584   CET_IBT - Supports indirect branch tracking w/ CET      = 0 (1)
00:00:00.108585   AMX_BF16 - Supports tile comp. ops on bfloat16 number   = 0 (0)
00:00:00.108585   AVX512_FP16 - Supports the FP16 data type with AVX512   = 0 (0)
00:00:00.108585   AMX_TILE - Supports the tile architecture               = 0 (0)
00:00:00.108585   AMX_INT8 - Supports tile comp. ops on 8-bit integers    = 0 (0)
00:00:00.108586   IBRS_IBPB - IA32_SPEC_CTRL.IBRS and IA32_PRED_CMD.IBPB  = 0 (1)
00:00:00.108586   STIBP - Supports IA32_SPEC_CTRL.STIBP                   = 0 (1)
00:00:00.108586   FLUSH_CMD - Supports IA32_FLUSH_CMD                     = 1 (1)
00:00:00.108587   ARCHCAP - Supports IA32_ARCH_CAP                        = 1 (1)
00:00:00.108587   CORECAP - Supports IA32_CORE_CAP                        = 0 (1)
00:00:00.108587   SSBD - Supports IA32_SPEC_CTRL.SSBD                     = 0 (1)
00:00:00.108588  Sub-leaf 2
00:00:00.108588   Mnemonic - Description                                  = Guest (Host)
00:00:00.108588   PSFD - Supports IA32_SPEC_CTRL[7] (PSFD)                = 0 (1)
00:00:00.108589   IPRED_CTRL - Supports IA32_SPEC_CTRL[4:3] (IPRED_DIS)   = 0 (1)
00:00:00.108589   RRSBA_CTRL - Supports IA32_SPEC_CTRL[6:5] (RRSBA_DIS)   = 0 (1)
00:00:00.108589   DDPD_U - Supports IA32_SPEC_CTRL[8] (DDPD_U)            = 0 (0)
00:00:00.108590   BHI_CTRL - Supports IA32_SPEC_CTRL[10] (BHI_DIS_S)      = 0 (1)
00:00:00.108590   MCDT_NO - No MXCSR Config Dependent Timing issues       = 0 (0)
00:00:00.108590   UC_LOCK_DIS - Supports UC-lock disable and causing #AC  = 0 (0)
00:00:00.108590   MONITOR_MITG_NO - No MONITOR/UMONITOR power issues      = 0 (1)
00:00:00.108591 Processor Extended State Enumeration (leaf 0xd):
00:00:00.108591    XSAVE area cur/max size by XCR0, Guest: 0x340/0x340
00:00:00.108591    XSAVE area cur/max size by XCR0,  Host: 0xa88/0xa88
00:00:00.108592                    Valid XCR0 bits, Guest: 0x00000000`00000007 ( x87 SSE YMM_Hi128 )
00:00:00.108593                    Valid XCR0 bits,  Host: 0x00000000`00000207 ( x87 SSE YMM_Hi128 9 )
00:00:00.108594                     XSAVE features, Guest
00:00:00.108594                     XSAVE features,  Host XSAVEOPT XSAVEC XGETBC1 XSAVES
00:00:00.108595       XSAVE area cur size XCR0|XSS, Guest: 0x698
00:00:00.108595       XSAVE area cur size XCR0|XSS,  Host: 0x698
00:00:00.108595                Valid IA32_XSS bits, Guest: 0x00000000`00000000
00:00:00.108596                Valid IA32_XSS bits,  Host: 0x00019900`00000000 ( 40 43 44 47 48 )
00:00:00.108597   State #2, Guest: off=0x0240, cb=0x0100 IA32_XSS-bit -- YMM_Hi128
00:00:00.108598   State #2,  Host:  off=0x0240, cb=0x0100 IA32_XSS-bit -- YMM_Hi128
00:00:00.108598   State #8,  Host:  off=0x0000, cb=0x0080 XCR0-bit -- 8
00:00:00.108599   State #9,  Host:  off=0x0a80, cb=0x0008 IA32_XSS-bit -- 9
00:00:00.108599   State #11,  Host:  off=0x0000, cb=0x0010 XCR0-bit -- 11
00:00:00.108600   State #12,  Host:  off=0x0000, cb=0x0018 XCR0-bit -- 12
00:00:00.108600   State #15,  Host:  off=0x0000, cb=0x0328 XCR0-bit -- 15
00:00:00.108601   State #16,  Host:  off=0x0000, cb=0x0008 XCR0-bit -- 16
00:00:00.108604          Raw Hypervisor CPUID Leaves
00:00:00.108604      Leaf/sub-leaf  eax      ebx      ecx      edx
00:00:00.108604 Gst: 40000000/0000  40000001 4b4d564b 564b4d56 0000004d
00:00:00.108605 Gst: 40000001/0000  01000089 00000000 00000000 00000000
00:00:00.108605          Raw Extended CPUID Leaves
00:00:00.108606      Leaf/sub-leaf  eax      ebx      ecx      edx
00:00:00.108606 Gst: 80000000/0000  80000008 00000000 00000000 00000000
00:00:00.108606 Hst:                80000008 00000000 00000000 00000000
00:00:00.108606 Gst: 80000001/0000  00000000 00000000 00000121 28100800
00:00:00.108607 Hst:                00000000 00000000 00000121 2c100800
00:00:00.108607 Gst: 80000002/0000  68743231 6e654720 746e4920 52286c65
00:00:00.108607 Hst:                68743231 6e654720 746e4920 52286c65
00:00:00.108608 Gst: 80000003/0000  6f432029 54286572 6920294d 32312d39
00:00:00.108608 Hst:                6f432029 54286572 6920294d 32312d39
00:00:00.108608 Gst: 80000004/0000  4b303039 00000000 00000000 00000000
00:00:00.108608 Hst:                4b303039 00000000 00000000 00000000
00:00:00.108609 Gst: 80000005/0000  00000000 00000000 00000000 00000000
00:00:00.108609 Hst:                00000000 00000000 00000000 00000000
00:00:00.108609 Gst: 80000006/0000  00000000 00000000 05007040 00000000
00:00:00.108610 Hst:                00000000 00000000 05007040 00000000
00:00:00.108610 Gst: 80000007/0000  00000000 00000000 00000000 00000100
00:00:00.108610 Hst:                00000000 00000000 00000000 00000100
00:00:00.108610 Gst: 80000008/0000  0000302e 00000000 00000000 00000000
00:00:00.108611 Hst:                0000302e 00000000 00000000 00000000
00:00:00.108611 Ext Name:                        
00:00:00.108611 Ext Supports:                    0x80000000-0x80000008
00:00:00.108612 Family:                          0  	Extended: 0 	Effective: 0
00:00:00.108612 Model:                           0  	Extended: 0 	Effective: 0
00:00:00.108612 Stepping:                        0
00:00:00.108612 Brand ID:                        0x000
00:00:00.108612 Ext Features
00:00:00.108613   Mnemonic - Description                                  = Guest (Host)
00:00:00.108613   FPU - x87 FPU on Chip                                   = 0 (0)
00:00:00.108614   VME - Virtual 8086 Mode Enhancements                    = 0 (0)
00:00:00.108614   DE - Debugging extensions                               = 0 (0)
00:00:00.108614   PSE - Page Size Extension                               = 0 (0)
00:00:00.108615   TSC - Time Stamp Counter                                = 0 (0)
00:00:00.108615   MSR - K86 Model Specific Registers                      = 0 (0)
00:00:00.108616   PAE - Physical Address Extension                        = 0 (0)
00:00:00.108616   MCE - Machine Check Exception                           = 0 (0)
00:00:00.108616   CX8 - CMPXCHG8B instruction                             = 0 (0)
00:00:00.108617   APIC - APIC On-Chip                                     = 0 (0)
00:00:00.108617   SEP - SYSCALL/SYSRET                                    = 1 (1)
00:00:00.108618   MTRR - Memory Type Range Registers                      = 0 (0)
00:00:00.108618   PGE - PTE Global Bit                                    = 0 (0)
00:00:00.108618   MCA - Machine Check Architecture                        = 0 (0)
00:00:00.108619   CMOV - Conditional Move instructions                    = 0 (0)
00:00:00.108619   PAT - Page Attribute Table                              = 0 (0)
00:00:00.108620   PSE-36 - 36-bit Page Size Extension                     = 0 (0)
00:00:00.108620   NX - No-Execute/Execute-Disable                         = 1 (1)
00:00:00.108620   AXMMX - AMD Extensions to MMX instructions              = 0 (0)
00:00:00.108621   MMX - Intel MMX Technology                              = 0 (0)
00:00:00.108621   FXSR - FXSAVE and FXRSTOR Instructions                  = 0 (0)
00:00:00.108621   FFXSR - AMD fast FXSAVE and FXRSTOR instructions        = 0 (0)
00:00:00.108622   Page1GB - 1 GB large page                               = 0 (1)
00:00:00.108622   RDTSCP - RDTSCP instruction                             = 1 (1)
00:00:00.108623   LM - AMD64 Long Mode                                    = 1 (1)
00:00:00.108623   3DNOWEXT - AMD Extensions to 3DNow                      = 0 (0)
00:00:00.108623   3DNOW - AMD 3DNow                                       = 0 (0)
00:00:00.108624   LahfSahf - LAHF/SAHF support in 64-bit mode             = 1 (1)
00:00:00.108624   CmpLegacy - Core multi-processing legacy mode           = 0 (0)
00:00:00.108625   SVM - AMD Secure Virtual Machine extensions             = 0 (0)
00:00:00.108625   EXTAPIC - AMD Extended APIC registers                   = 0 (0)
00:00:00.108625   CR8L - AMD LOCK MOV CR0 means MOV CR8                   = 0 (0)
00:00:00.108626   ABM - AMD Advanced Bit Manipulation                     = 1 (1)
00:00:00.108626   SSE4A - SSE4A instructions                              = 0 (0)
00:00:00.108627   MISALIGNSSE - AMD Misaligned SSE mode                   = 0 (0)
00:00:00.108627   3DNOWPRF - AMD PREFETCH and PREFETCHW instructions      = 1 (1)
00:00:00.108627   OSVW - AMD OS Visible Workaround                        = 0 (0)
00:00:00.108628   IBS - Instruct Based Sampling                           = 0 (0)
00:00:00.108628   XOP - Extended Operation support                        = 0 (0)
00:00:00.108628   SKINIT - SKINIT, STGI, and DEV support                  = 0 (0)
00:00:00.108629   WDT - AMD Watchdog Timer support                        = 0 (0)
00:00:00.108629   LWP - Lightweight Profiling support                     = 0 (0)
00:00:00.108629   FMA4 - Four operand FMA instruction support             = 0 (0)
00:00:00.108630   TCE - Translation Cache Extension support               = 0 (0)
00:00:00.108630   NodeId - NodeId in MSR C001_100C                        = 0 (0)
00:00:00.108631   TBM - Trailing Bit Manipulation instructions            = 0 (0)
00:00:00.108631   TOPOEXT - Topology Extensions                           = 0 (0)
00:00:00.108631   PRFEXTCORE - Performance Counter Extensions support     = 0 (0)
00:00:00.108632   PRFEXTNB - NB Performance Counter Extensions support    = 0 (0)
00:00:00.108632   DATABPEXT - Data-access Breakpoint Extension            = 0 (0)
00:00:00.108632   PERFTSC - Performance Time Stamp Counter                = 0 (0)
00:00:00.108632   PCX_L2I - L2I/L3 Performance Counter Extensions         = 0 (0)
00:00:00.108633   MONITORX - MWAITX and MONITORX instructions             = 0 (0)
00:00:00.108633   AddrMaskExt - BP Addressing masking extended to bit 31  = 0 (0)
00:00:00.108633 Full Name:                       "12th Gen Intel(R) Core(TM) i9-12900K"
00:00:00.108634 TLB 2/4M Instr/Uni:              res0     0 entries
00:00:00.108634 TLB 2/4M Data:                   res0     0 entries
00:00:00.108634 TLB 4K Instr/Uni:                res0     0 entries
00:00:00.108634 TLB 4K Data:                     res0     0 entries
00:00:00.108635 L1 Instr Cache Line Size:        0 bytes
00:00:00.108635 L1 Instr Cache Lines Per Tag:    0
00:00:00.108635 L1 Instr Cache Associativity:    res0  
00:00:00.108635 L1 Instr Cache Size:             0 KB
00:00:00.108635 L1 Data Cache Line Size:         0 bytes
00:00:00.108635 L1 Data Cache Lines Per Tag:     0
00:00:00.108635 L1 Data Cache Associativity:     res0  
00:00:00.108635 L1 Data Cache Size:              0 KB
00:00:00.108636 L2 TLB 2/4M Instr/Uni:           off       0 entries
00:00:00.108636 L2 TLB 2/4M Data:                off       0 entries
00:00:00.108636 L2 TLB 4K Instr/Uni:             off       0 entries
00:00:00.108636 L2 TLB 4K Data:                  off       0 entries
00:00:00.108636 L2 Cache Line Size:              64 bytes
00:00:00.108637 L2 Cache Lines Per Tag:          0
00:00:00.108637 L2 Cache Associativity:          res7  
00:00:00.108637 L2 Cache Size:                   1280 KB
00:00:00.108637 L3 Cache Line Size:              0 bytes
00:00:00.108637 L3 Cache Lines Per Tag:          0
00:00:00.108637 L3 Cache Associativity:          off   
00:00:00.108637 L3 Cache Size:                   0 KB
00:00:00.108638 APM Features EDX
00:00:00.108638   Mnemonic - Description                                  = Guest (Host)
00:00:00.108638   TS - Temperature Sensor                                 = 0 (0)
00:00:00.108639   FID - Frequency ID control                              = 0 (0)
00:00:00.108639   VID - Voltage ID control                                = 0 (0)
00:00:00.108639   TTP - Thermal Trip                                      = 0 (0)
00:00:00.108640   TM - Hardware Thermal Control (HTC)                     = 0 (0)
00:00:00.108640   100MHzSteps - 100 MHz Multiplier control                = 0 (0)
00:00:00.108641   HwPstate - Hardware P-state control                     = 0 (0)
00:00:00.108641   TscInvariant - Invariant Time Stamp Counter             = 1 (1)
00:00:00.108641   CPB - Core Performance Boost                            = 0 (0)
00:00:00.108642   EffFreqRO - Read-only Effective Frequency Interface     = 0 (0)
00:00:00.108642   ProcFdbkIf - Processor Feedback Interface               = 0 (0)
00:00:00.108642   ProcPwrRep - Core power reporting interface support     = 0 (0)
00:00:00.108643   ConnectedStandby - Connected Standby                    = 0 (0)
00:00:00.108643   RAPL - Running average power limit                      = 0 (0)
00:00:00.108643 Physical Address Width:          46 bits
00:00:00.108644 Virtual Address Width:           48 bits
00:00:00.108644 Max page count for INVLPGB:      0x302e
00:00:00.108644 Max ECX for RDPRU:               0x0
00:00:00.108644 ********************* End of CPUID dump *********************
00:00:00.108645 *********************** VT-x features ***********************
00:00:00.108645 Nested hardware virtualization - VMX features
00:00:00.108645   Mnemonic - Description                                  = guest (host)
00:00:00.108646   VMX - Virtual-Machine Extensions                        = 0 (1)
00:00:00.108646   InsOutInfo - INS/OUTS instruction info.                 = 0 (1)
00:00:00.108646   ExtIntExit - External interrupt exiting                 = 0 (1)
00:00:00.108646   NmiExit - NMI exiting                                   = 0 (1)
00:00:00.108647   VirtNmi - Virtual NMIs                                  = 0 (1)
00:00:00.108647   PreemptTimer - VMX preemption timer                     = 0 (1)
00:00:00.108647   PostedInt - Posted interrupts                           = 0 (1)
00:00:00.108647   IntWindowExit - Interrupt-window exiting                = 0 (1)
00:00:00.108647   TscOffsetting - TSC offsetting                          = 0 (1)
00:00:00.108648   HltExit - HLT exiting                                   = 0 (1)
00:00:00.108648   InvlpgExit - INVLPG exiting                             = 0 (1)
00:00:00.108648   MwaitExit - MWAIT exiting                               = 0 (1)
00:00:00.108648   RdpmcExit - RDPMC exiting                               = 0 (1)
00:00:00.108648   RdtscExit - RDTSC exiting                               = 0 (1)
00:00:00.108648   Cr3LoadExit - CR3-load exiting                          = 0 (1)
00:00:00.108649   Cr3StoreExit - CR3-store exiting                        = 0 (1)
00:00:00.108649   TertiaryExecCtls - Activate tertiary controls           = 0 (1)
00:00:00.108649   Cr8LoadExit  - CR8-load exiting                         = 0 (1)
00:00:00.108649   Cr8StoreExit - CR8-store exiting                        = 0 (1)
00:00:00.108649   UseTprShadow - Use TPR shadow                           = 0 (1)
00:00:00.108650   NmiWindowExit - NMI-window exiting                      = 0 (1)
00:00:00.108650   MovDRxExit - Mov-DR exiting                             = 0 (1)
00:00:00.108650   UncondIoExit - Unconditional I/O exiting                = 0 (1)
00:00:00.108650   UseIoBitmaps - Use I/O bitmaps                          = 0 (1)
00:00:00.108650   MonitorTrapFlag - Monitor Trap Flag                     = 0 (1)
00:00:00.108651   UseMsrBitmaps - MSR bitmaps                             = 0 (1)
00:00:00.108651   MonitorExit - MONITOR exiting                           = 0 (1)
00:00:00.108651   PauseExit - PAUSE exiting                               = 0 (1)
00:00:00.108651   SecondaryExecCtl - Activate secondary controls          = 0 (1)
00:00:00.108651   VirtApic - Virtualize-APIC accesses                     = 0 (1)
00:00:00.108651   Ept - Extended Page Tables                              = 0 (1)
00:00:00.108652   DescTableExit - Descriptor-table exiting                = 0 (1)
00:00:00.108652   Rdtscp - Enable RDTSCP                                  = 0 (1)
00:00:00.108652   VirtX2ApicMode - Virtualize-x2APIC mode                 = 0 (1)
00:00:00.108652   Vpid - Enable VPID                                      = 0 (1)
00:00:00.108652   WbinvdExit - WBINVD exiting                             = 0 (1)
00:00:00.108653   UnrestrictedGuest - Unrestricted guest                  = 0 (1)
00:00:00.108653   ApicRegVirt - APIC-register virtualization              = 0 (1)
00:00:00.108653   VirtIntDelivery - Virtual-interrupt delivery            = 0 (1)
00:00:00.108653   PauseLoopExit - PAUSE-loop exiting                      = 0 (1)
00:00:00.108653   RdrandExit - RDRAND exiting                             = 0 (1)
00:00:00.108653   Invpcid - Enable INVPCID                                = 0 (1)
00:00:00.108654   VmFuncs - Enable VM Functions                           = 0 (1)
00:00:00.108654   VmcsShadowing - VMCS shadowing                          = 0 (1)
00:00:00.108654   RdseedExiting - RDSEED exiting                          = 0 (1)
00:00:00.108654   PML - Page-Modification Log                             = 0 (0)
00:00:00.108654   EptVe - EPT violations can cause #VE                    = 0 (1)
00:00:00.108655   ConcealVmxFromPt - Conceal VMX from Processor Trace     = 0 (1)
00:00:00.108655   XsavesXRstors - Enable XSAVES/XRSTORS                   = 0 (1)
00:00:00.108655   PasidTranslate - PASID translation                      = 0 (0)
00:00:00.108655   ModeBasedExecuteEpt - Mode-based execute permissions    = 0 (1)
00:00:00.108656   SppEpt - Sub-page page write permissions for EPT        = 0 (0)
00:00:00.108656   PtEpt - Processor Trace address' translatable by EPT    = 0 (1)
00:00:00.108656   UseTscScaling - Use TSC scaling                         = 0 (1)
00:00:00.108656   UserWaitPause - Enable TPAUSE, UMONITOR and UMWAIT      = 0 (1)
00:00:00.108656   Pconfig - Enable PCONFIG                                = 0 (1)
00:00:00.108656   EnclvExit - ENCLV exiting                               = 0 (0)
00:00:00.108657   BusLockDetect - VMM Bus-Lock detection                  = 0 (0)
00:00:00.108657   InstrTimeout - Instruction timeout                      = 0 (0)
00:00:00.108657   LoadIwKeyExit - LOADIWKEY exiting                       = 0 (1)
00:00:00.108657   HLAT - Hypervisor-managed linear-address translation    = 0 (1)
00:00:00.108657   EptPagingWrite - EPT paging-write                       = 0 (1)
00:00:00.108658   GstPagingVerify - Guest-paging verification             = 0 (1)
00:00:00.108658   IpiVirt - IPI virtualization                            = 0 (0)
00:00:00.108658   VirtSpecCtrl - Virtualize IA32_SPEC_CTRL                = 0 (0)
00:00:00.108658   EntryLoadDebugCtls - Load debug controls on VM-entry    = 0 (1)
00:00:00.108658   Ia32eModeGuest - IA-32e mode guest                      = 0 (1)
00:00:00.108659   EntryLoadEferMsr - Load IA32_EFER MSR on VM-entry       = 0 (1)
00:00:00.108659   EntryLoadPatMsr - Load IA32_PAT MSR on VM-entry         = 0 (1)
00:00:00.108659   ExitSaveDebugCtls - Save debug controls on VM-exit      = 0 (1)
00:00:00.108659   HostAddrSpaceSize - Host address-space size             = 0 (1)
00:00:00.108659   ExitAckExtInt - Acknowledge interrupt on VM-exit        = 0 (1)
00:00:00.108659   ExitSavePatMsr - Save IA32_PAT MSR on VM-exit           = 0 (1)
00:00:00.108660   ExitLoadPatMsr - Load IA32_PAT MSR on VM-exit           = 0 (1)
00:00:00.108660   ExitSaveEferMsr - Save IA32_EFER MSR on VM-exit         = 0 (1)
00:00:00.108660   ExitLoadEferMsr - Load IA32_EFER MSR on VM-exit         = 0 (1)
00:00:00.108660   SavePreemptTimer - Save VMX-preemption timer            = 0 (1)
00:00:00.108660   SecondaryExitCtls - Secondary VM-exit controls          = 0 (1)
00:00:00.108661   ExitSaveEferLma - Save IA32_EFER.LMA on VM-exit         = 0 (1)
00:00:00.108661   IntelPt - Intel Processor Trace in VMX operation        = 0 (1)
00:00:00.108661   VmwriteAll - VMWRITE to any supported VMCS field        = 0 (1)
00:00:00.108661   EntryInjectSoftInt - Inject softint. with 0-len instr.  = 0 (1)
00:00:00.108661 
00:00:00.108661 ******************* End of VT-x features ********************
00:00:00.108700 VMEmt: Halt method global1 (5)
00:00:00.108811 VMEmt: HaltedGlobal1 config: cNsSpinBlockThresholdCfg=2000
00:00:00.108822 Changing the VM state from 'CREATING' to 'CREATED'
00:00:00.110084 NAT: DNS settings changed, triggering update
00:00:00.110094 Nameserver is either on 127/8 network or failed to obtain from host. Falling back to libslirp DNS proxy.
00:00:00.110096 fallback virtual nameserver: 50462730Changing the VM state from 'CREATED' to 'POWERING_ON'
00:00:00.110559 VMSVGA3d: cap[0]=0x00000000 {3D}
00:00:00.110560 VMSVGA3d: cap[1]=0x00000000 {MAX_LIGHTS}
00:00:00.110560 VMSVGA3d: cap[2]=0x00000000 {MAX_TEXTURES}
00:00:00.110560 VMSVGA3d: cap[3]=0x00000000 {MAX_CLIP_PLANES}
00:00:00.110560 VMSVGA3d: cap[4]=0x00000000 {VERTEX_SHADER_VERSION}
00:00:00.110561 VMSVGA3d: cap[5]=0x00000000 {VERTEX_SHADER}
00:00:00.110561 VMSVGA3d: cap[6]=0x00000000 {FRAGMENT_SHADER_VERSION}
00:00:00.110561 VMSVGA3d: cap[7]=0x00000000 {FRAGMENT_SHADER}
00:00:00.110561 VMSVGA3d: cap[8]=0x00000000 {MAX_RENDER_TARGETS}
00:00:00.110562 VMSVGA3d: cap[9]=0x00000000 {S23E8_TEXTURES}
00:00:00.110562 VMSVGA3d: cap[10]=0x00000000 {S10E5_TEXTURES}
00:00:00.110562 VMSVGA3d: cap[11]=0x00000000 {MAX_FIXED_VERTEXBLEND}
00:00:00.110562 VMSVGA3d: cap[12]=0x00000000 {D16_BUFFER_FORMAT}
00:00:00.110562 VMSVGA3d: cap[13]=0x00000000 {D24S8_BUFFER_FORMAT}
00:00:00.110563 VMSVGA3d: cap[14]=0x00000000 {D24X8_BUFFER_FORMAT}
00:00:00.110563 VMSVGA3d: cap[15]=0x00000000 {QUERY_TYPES}
00:00:00.110563 VMSVGA3d: cap[16]=0x00000000 {TEXTURE_GRADIENT_SAMPLING}
00:00:00.110563 VMSVGA3d: cap[17]=0.000000 {MAX_POINT_SIZE}
00:00:00.110564 VMSVGA3d: cap[18]=0x00000000 {MAX_SHADER_TEXTURES}
00:00:00.110564 VMSVGA3d: cap[19]=0x00004000 {MAX_TEXTURE_WIDTH}
00:00:00.110564 VMSVGA3d: cap[20]=0x00004000 {MAX_TEXTURE_HEIGHT}
00:00:00.110564 VMSVGA3d: cap[21]=0x00000000 {MAX_VOLUME_EXTENT}
00:00:00.110565 VMSVGA3d: cap[22]=0x00000000 {MAX_TEXTURE_REPEAT}
00:00:00.110565 VMSVGA3d: cap[23]=0x00000000 {MAX_TEXTURE_ASPECT_RATIO}
00:00:00.110565 VMSVGA3d: cap[24]=0x00000000 {MAX_TEXTURE_ANISOTROPY}
00:00:00.110565 VMSVGA3d: cap[25]=0x00000000 {MAX_PRIMITIVE_COUNT}
00:00:00.110566 VMSVGA3d: cap[26]=0x00000000 {MAX_VERTEX_INDEX}
00:00:00.110566 VMSVGA3d: cap[27]=0x00000000 {MAX_VERTEX_SHADER_INSTRUCTIONS}
00:00:00.110566 VMSVGA3d: cap[28]=0x00000000 {MAX_FRAGMENT_SHADER_INSTRUCTIONS}
00:00:00.110566 VMSVGA3d: cap[29]=0x00000000 {MAX_VERTEX_SHADER_TEMPS}
00:00:00.110566 VMSVGA3d: cap[30]=0x00000000 {MAX_FRAGMENT_SHADER_TEMPS}
00:00:00.110567 VMSVGA3d: cap[31]=0x00000000 {TEXTURE_OPS}
00:00:00.110567 VMSVGA3d: cap[32]=0x00000000 {SURFACEFMT_X8R8G8B8}
00:00:00.110567 VMSVGA3d: cap[33]=0x00000000 {SURFACEFMT_A8R8G8B8}
00:00:00.110568 VMSVGA3d: cap[34]=0x00000000 {SURFACEFMT_A2R10G10B10}
00:00:00.110568 VMSVGA3d: cap[35]=0x00000000 {SURFACEFMT_X1R5G5B5}
00:00:00.110568 VMSVGA3d: cap[36]=0x00000000 {SURFACEFMT_A1R5G5B5}
00:00:00.110568 VMSVGA3d: cap[37]=0x00000000 {SURFACEFMT_A4R4G4B4}
00:00:00.110568 VMSVGA3d: cap[38]=0x00000000 {SURFACEFMT_R5G6B5}
00:00:00.110569 VMSVGA3d: cap[39]=0x00000000 {SURFACEFMT_LUMINANCE16}
00:00:00.110569 VMSVGA3d: cap[40]=0x00000000 {SURFACEFMT_LUMINANCE8_ALPHA8}
00:00:00.110569 VMSVGA3d: cap[41]=0x00000000 {SURFACEFMT_ALPHA8}
00:00:00.110569 VMSVGA3d: cap[42]=0x00000000 {SURFACEFMT_LUMINANCE8}
00:00:00.110569 VMSVGA3d: cap[43]=0x00000000 {SURFACEFMT_Z_D16}
00:00:00.110570 VMSVGA3d: cap[44]=0x00000000 {SURFACEFMT_Z_D24S8}
00:00:00.110570 VMSVGA3d: cap[45]=0x00000000 {SURFACEFMT_Z_D24X8}
00:00:00.110570 VMSVGA3d: cap[46]=0x00000000 {SURFACEFMT_DXT1}
00:00:00.110570 VMSVGA3d: cap[47]=0x00000000 {SURFACEFMT_DXT2}
00:00:00.110571 VMSVGA3d: cap[48]=0x00000000 {SURFACEFMT_DXT3}
00:00:00.110571 VMSVGA3d: cap[49]=0x00000000 {SURFACEFMT_DXT4}
00:00:00.110571 VMSVGA3d: cap[50]=0x00000000 {SURFACEFMT_DXT5}
00:00:00.110571 VMSVGA3d: cap[51]=0x00000000 {SURFACEFMT_BUMPX8L8V8U8}
00:00:00.110571 VMSVGA3d: cap[52]=0x00000000 {SURFACEFMT_A2W10V10U10}
00:00:00.110572 VMSVGA3d: cap[53]=0x00000000 {SURFACEFMT_BUMPU8V8}
00:00:00.110572 VMSVGA3d: cap[54]=0x00000000 {SURFACEFMT_Q8W8V8U8}
00:00:00.110572 VMSVGA3d: cap[55]=0x00000000 {SURFACEFMT_CxV8U8}
00:00:00.110572 VMSVGA3d: cap[56]=0x00000000 {SURFACEFMT_R_S10E5}
00:00:00.110573 VMSVGA3d: cap[57]=0x00000000 {SURFACEFMT_R_S23E8}
00:00:00.110573 VMSVGA3d: cap[58]=0x00000000 {SURFACEFMT_RG_S10E5}
00:00:00.110573 VMSVGA3d: cap[59]=0x00000000 {SURFACEFMT_RG_S23E8}
00:00:00.110573 VMSVGA3d: cap[60]=0x00000000 {SURFACEFMT_ARGB_S10E5}
00:00:00.110573 VMSVGA3d: cap[61]=0x00000000 {SURFACEFMT_ARGB_S23E8}
00:00:00.110574 VMSVGA3d: cap[62]=0x00000000 {MISSING62}
00:00:00.110574 VMSVGA3d: cap[63]=0x00000000 {MAX_VERTEX_SHADER_TEXTURES}
00:00:00.110574 VMSVGA3d: cap[64]=0x00000000 {MAX_SIMULTANEOUS_RENDER_TARGETS}
00:00:00.110574 VMSVGA3d: cap[65]=0x00000000 {SURFACEFMT_V16U16}
00:00:00.110574 VMSVGA3d: cap[66]=0x00000000 {SURFACEFMT_G16R16}
00:00:00.110575 VMSVGA3d: cap[67]=0x00000000 {SURFACEFMT_A16B16G16R16}
00:00:00.110575 VMSVGA3d: cap[68]=0x00000000 {SURFACEFMT_UYVY}
00:00:00.110575 VMSVGA3d: cap[69]=0x00000000 {SURFACEFMT_YUY2}
00:00:00.110575 VMSVGA3d: cap[70]=0x00000000 {DEAD4}
00:00:00.110575 VMSVGA3d: cap[71]=0x00000000 {DEAD5}
00:00:00.110576 VMSVGA3d: cap[72]=0x00000000 {DEAD7}
00:00:00.110576 VMSVGA3d: cap[73]=0x00000000 {DEAD6}
00:00:00.110576 VMSVGA3d: cap[74]=0x00000000 {AUTOGENMIPMAPS}
00:00:00.110576 VMSVGA3d: cap[75]=0x00000000 {SURFACEFMT_NV12}
00:00:00.110576 VMSVGA3d: cap[76]=0x00000000 {DEAD10}
00:00:00.110577 VMSVGA3d: cap[77]=0x00000000 {MAX_CONTEXT_IDS}
00:00:00.110577 VMSVGA3d: cap[78]=0x00000000 {MAX_SURFACE_IDS}
00:00:00.110577 VMSVGA3d: cap[79]=0x00000000 {SURFACEFMT_Z_DF16}
00:00:00.110577 VMSVGA3d: cap[80]=0x00000000 {SURFACEFMT_Z_DF24}
00:00:00.110577 VMSVGA3d: cap[81]=0x00000000 {SURFACEFMT_Z_D24S8_INT}
00:00:00.110578 VMSVGA3d: cap[82]=0x00000000 {SURFACEFMT_ATI1}
00:00:00.110578 VMSVGA3d: cap[83]=0x00000000 {SURFACEFMT_ATI2}
00:00:00.110578 VMSVGA3d: cap[84]=0x00000000 {DEAD1}
00:00:00.110578 VMSVGA3d: cap[85]=0x00000000 {DEAD8}
00:00:00.110579 VMSVGA3d: cap[86]=0x00000000 {DEAD9}
00:00:00.110579 VMSVGA3d: cap[87]=0x00000000 {LINE_AA}
00:00:00.110579 VMSVGA3d: cap[88]=0x00000000 {LINE_STIPPLE}
00:00:00.110579 VMSVGA3d: cap[89]=0.000000 {MAX_LINE_WIDTH}
00:00:00.110579 VMSVGA3d: cap[90]=0.000000 {MAX_AA_LINE_WIDTH}
00:00:00.110580 VMSVGA3d: cap[91]=0x00000000 {SURFACEFMT_YV12}
00:00:00.110580 VMSVGA3d: cap[92]=0x00000000 {DEAD3}
00:00:00.110580 VMSVGA3d: cap[93]=0x00000000 {TS_COLOR_KEY}
00:00:00.110580 VMSVGA3d: cap[94]=0x00000000 {DEAD2}
00:00:00.110581 VMSVGA3d: cap[95]=0x00000000 {DXCONTEXT}
00:00:00.110581 VMSVGA3d: cap[96]=0x00000000 {DEAD11}
00:00:00.110581 VMSVGA3d: cap[97]=0x00000000 {DX_MAX_VERTEXBUFFERS}
00:00:00.110581 VMSVGA3d: cap[98]=0x00000000 {DX_MAX_CONSTANT_BUFFERS}
00:00:00.110581 VMSVGA3d: cap[99]=0x00000000 {DX_PROVOKING_VERTEX}
00:00:00.110582 VMSVGA3d: cap[100]=0x00000005 {DXFMT_X8R8G8B8}
00:00:00.110582 VMSVGA3d: cap[101]=0x00000000 {DXFMT_A8R8G8B8}
00:00:00.110582 VMSVGA3d: cap[102]=0x00000000 {DXFMT_R5G6B5}
00:00:00.110582 VMSVGA3d: cap[103]=0x00000000 {DXFMT_X1R5G5B5}
00:00:00.110582 VMSVGA3d: cap[104]=0x00000000 {DXFMT_A1R5G5B5}
00:00:00.110583 VMSVGA3d: cap[105]=0x00000000 {DXFMT_A4R4G4B4}
00:00:00.110583 VMSVGA3d: cap[106]=0x00000000 {DXFMT_Z_D32}
00:00:00.110583 VMSVGA3d: cap[107]=0x00000000 {DXFMT_Z_D16}
00:00:00.110583 VMSVGA3d: cap[108]=0x00000000 {DXFMT_Z_D24S8}
00:00:00.110583 VMSVGA3d: cap[109]=0x00000000 {DXFMT_Z_D15S1}
00:00:00.110584 VMSVGA3d: cap[110]=0x00000000 {DXFMT_LUMINANCE8}
00:00:00.110584 VMSVGA3d: cap[111]=0x00000000 {DXFMT_LUMINANCE4_ALPHA4}
00:00:00.110584 VMSVGA3d: cap[112]=0x00000000 {DXFMT_LUMINANCE16}
00:00:00.110584 VMSVGA3d: cap[113]=0x00000000 {DXFMT_LUMINANCE8_ALPHA8}
00:00:00.110584 VMSVGA3d: cap[114]=0x00000000 {DXFMT_DXT1}
00:00:00.110585 VMSVGA3d: cap[115]=0x00000000 {DXFMT_DXT2}
00:00:00.110585 VMSVGA3d: cap[116]=0x00000000 {DXFMT_DXT3}
00:00:00.110585 VMSVGA3d: cap[117]=0x00000000 {DXFMT_DXT4}
00:00:00.110585 VMSVGA3d: cap[118]=0x00000000 {DXFMT_DXT5}
00:00:00.110585 VMSVGA3d: cap[119]=0x00000000 {DXFMT_BUMPU8V8}
00:00:00.110586 VMSVGA3d: cap[120]=0x00000000 {DXFMT_BUMPL6V5U5}
00:00:00.110586 VMSVGA3d: cap[121]=0x00000000 {DXFMT_BUMPX8L8V8U8}
00:00:00.110586 VMSVGA3d: cap[122]=0x00000000 {DXFMT_FORMAT_DEAD1}
00:00:00.110586 VMSVGA3d: cap[123]=0x00000000 {DXFMT_ARGB_S10E5}
00:00:00.110586 VMSVGA3d: cap[124]=0x00000000 {DXFMT_ARGB_S23E8}
00:00:00.110587 VMSVGA3d: cap[125]=0x00000000 {DXFMT_A2R10G10B10}
00:00:00.110587 VMSVGA3d: cap[126]=0x00000000 {DXFMT_V8U8}
00:00:00.110587 VMSVGA3d: cap[127]=0x00000000 {DXFMT_Q8W8V8U8}
00:00:00.110587 VMSVGA3d: cap[128]=0x00000000 {DXFMT_CxV8U8}
00:00:00.110587 VMSVGA3d: cap[129]=0x00000000 {DXFMT_X8L8V8U8}
00:00:00.110588 VMSVGA3d: cap[130]=0x00000000 {DXFMT_A2W10V10U10}
00:00:00.110588 VMSVGA3d: cap[131]=0x00000000 {DXFMT_ALPHA8}
00:00:00.110588 VMSVGA3d: cap[132]=0x00000000 {DXFMT_R_S10E5}
00:00:00.110588 VMSVGA3d: cap[133]=0x00000000 {DXFMT_R_S23E8}
00:00:00.110588 VMSVGA3d: cap[134]=0x00000000 {DXFMT_RG_S10E5}
00:00:00.110589 VMSVGA3d: cap[135]=0x00000000 {DXFMT_RG_S23E8}
00:00:00.110589 VMSVGA3d: cap[136]=0x00000000 {DXFMT_BUFFER}
00:00:00.110589 VMSVGA3d: cap[137]=0x00000000 {DXFMT_Z_D24X8}
00:00:00.110589 VMSVGA3d: cap[138]=0x00000000 {DXFMT_V16U16}
00:00:00.110589 VMSVGA3d: cap[139]=0x00000000 {DXFMT_G16R16}
00:00:00.110589 VMSVGA3d: cap[140]=0x00000000 {DXFMT_A16B16G16R16}
00:00:00.110590 VMSVGA3d: cap[141]=0x00000000 {DXFMT_UYVY}
00:00:00.110590 VMSVGA3d: cap[142]=0x00000000 {DXFMT_YUY2}
00:00:00.110590 VMSVGA3d: cap[143]=0x00000000 {DXFMT_NV12}
00:00:00.110590 VMSVGA3d: cap[144]=0x00000000 {DXFMT_FORMAT_DEAD2}
00:00:00.110591 VMSVGA3d: cap[145]=0x00000000 {DXFMT_R32G32B32A32_TYPELESS}
00:00:00.110591 VMSVGA3d: cap[146]=0x00000000 {DXFMT_R32G32B32A32_UINT}
00:00:00.110591 VMSVGA3d: cap[147]=0x00000000 {DXFMT_R32G32B32A32_SINT}
00:00:00.110591 VMSVGA3d: cap[148]=0x00000000 {DXFMT_R32G32B32_TYPELESS}
00:00:00.110591 VMSVGA3d: cap[149]=0x00000000 {DXFMT_R32G32B32_FLOAT}
00:00:00.110592 VMSVGA3d: cap[150]=0x00000000 {DXFMT_R32G32B32_UINT}
00:00:00.110592 VMSVGA3d: cap[151]=0x00000000 {DXFMT_R32G32B32_SINT}
00:00:00.110592 VMSVGA3d: cap[152]=0x00000000 {DXFMT_R16G16B16A16_TYPELESS}
00:00:00.110592 VMSVGA3d: cap[153]=0x00000000 {DXFMT_R16G16B16A16_UINT}
00:00:00.110592 VMSVGA3d: cap[154]=0x00000000 {DXFMT_R16G16B16A16_SNORM}
00:00:00.110593 VMSVGA3d: cap[155]=0x00000000 {DXFMT_R16G16B16A16_SINT}
00:00:00.110593 VMSVGA3d: cap[156]=0x00000000 {DXFMT_R32G32_TYPELESS}
00:00:00.110593 VMSVGA3d: cap[157]=0x00000000 {DXFMT_R32G32_UINT}
00:00:00.110593 VMSVGA3d: cap[158]=0x00000000 {DXFMT_R32G32_SINT}
00:00:00.110593 VMSVGA3d: cap[159]=0x00000000 {DXFMT_R32G8X24_TYPELESS}
00:00:00.110594 VMSVGA3d: cap[160]=0x00000000 {DXFMT_D32_FLOAT_S8X24_UINT}
00:00:00.110594 VMSVGA3d: cap[161]=0x00000000 {DXFMT_R32_FLOAT_X8X24}
00:00:00.110594 VMSVGA3d: cap[162]=0x00000000 {DXFMT_X32_G8X24_UINT}
00:00:00.110594 VMSVGA3d: cap[163]=0x00000000 {DXFMT_R10G10B10A2_TYPELESS}
00:00:00.110594 VMSVGA3d: cap[164]=0x00000000 {DXFMT_R10G10B10A2_UINT}
00:00:00.110595 VMSVGA3d: cap[165]=0x00000000 {DXFMT_R11G11B10_FLOAT}
00:00:00.110595 VMSVGA3d: cap[166]=0x00000000 {DXFMT_R8G8B8A8_TYPELESS}
00:00:00.110595 VMSVGA3d: cap[167]=0x00000000 {DXFMT_R8G8B8A8_UNORM}
00:00:00.110595 VMSVGA3d: cap[168]=0x00000000 {DXFMT_R8G8B8A8_UNORM_SRGB}
00:00:00.110595 VMSVGA3d: cap[169]=0x00000000 {DXFMT_R8G8B8A8_UINT}
00:00:00.110596 VMSVGA3d: cap[170]=0x00000000 {DXFMT_R8G8B8A8_SINT}
00:00:00.110596 VMSVGA3d: cap[171]=0x00000000 {DXFMT_R16G16_TYPELESS}
00:00:00.110596 VMSVGA3d: cap[172]=0x00000000 {DXFMT_R16G16_UINT}
00:00:00.110596 VMSVGA3d: cap[173]=0x00000000 {DXFMT_R16G16_SINT}
00:00:00.110596 VMSVGA3d: cap[174]=0x00000000 {DXFMT_R32_TYPELESS}
00:00:00.110596 VMSVGA3d: cap[175]=0x00000000 {DXFMT_D32_FLOAT}
00:00:00.110597 VMSVGA3d: cap[176]=0x00000000 {DXFMT_R32_UINT}
00:00:00.110597 VMSVGA3d: cap[177]=0x00000000 {DXFMT_R32_SINT}
00:00:00.110597 VMSVGA3d: cap[178]=0x00000000 {DXFMT_R24G8_TYPELESS}
00:00:00.110597 VMSVGA3d: cap[179]=0x00000000 {DXFMT_D24_UNORM_S8_UINT}
00:00:00.110597 VMSVGA3d: cap[180]=0x00000000 {DXFMT_R24_UNORM_X8}
00:00:00.110598 VMSVGA3d: cap[181]=0x00000000 {DXFMT_X24_G8_UINT}
00:00:00.110598 VMSVGA3d: cap[182]=0x00000000 {DXFMT_R8G8_TYPELESS}
00:00:00.110598 VMSVGA3d: cap[183]=0x00000000 {DXFMT_R8G8_UNORM}
00:00:00.110598 VMSVGA3d: cap[184]=0x00000000 {DXFMT_R8G8_UINT}
00:00:00.110598 VMSVGA3d: cap[185]=0x00000000 {DXFMT_R8G8_SINT}
00:00:00.110599 VMSVGA3d: cap[186]=0x00000000 {DXFMT_R16_TYPELESS}
00:00:00.110599 VMSVGA3d: cap[187]=0x00000000 {DXFMT_R16_UNORM}
00:00:00.110599 VMSVGA3d: cap[188]=0x00000000 {DXFMT_R16_UINT}
00:00:00.110599 VMSVGA3d: cap[189]=0x00000000 {DXFMT_R16_SNORM}
00:00:00.110599 VMSVGA3d: cap[190]=0x00000000 {DXFMT_R16_SINT}
00:00:00.110600 VMSVGA3d: cap[191]=0x00000000 {DXFMT_R8_TYPELESS}
00:00:00.110600 VMSVGA3d: cap[192]=0x00000000 {DXFMT_R8_UNORM}
00:00:00.110600 VMSVGA3d: cap[193]=0x00000000 {DXFMT_R8_UINT}
00:00:00.110600 VMSVGA3d: cap[194]=0x00000000 {DXFMT_R8_SNORM}
00:00:00.110600 VMSVGA3d: cap[195]=0x00000000 {DXFMT_R8_SINT}
00:00:00.110600 VMSVGA3d: cap[196]=0x00000000 {DXFMT_P8}
00:00:00.110601 VMSVGA3d: cap[197]=0x00000000 {DXFMT_R9G9B9E5_SHAREDEXP}
00:00:00.110601 VMSVGA3d: cap[198]=0x00000000 {DXFMT_R8G8_B8G8_UNORM}
00:00:00.110601 VMSVGA3d: cap[199]=0x00000000 {DXFMT_G8R8_G8B8_UNORM}
00:00:00.110601 VMSVGA3d: cap[200]=0x00000000 {DXFMT_BC1_TYPELESS}
00:00:00.110601 VMSVGA3d: cap[201]=0x00000000 {DXFMT_BC1_UNORM_SRGB}
00:00:00.110602 VMSVGA3d: cap[202]=0x00000000 {DXFMT_BC2_TYPELESS}
00:00:00.110602 VMSVGA3d: cap[203]=0x00000000 {DXFMT_BC2_UNORM_SRGB}
00:00:00.110602 VMSVGA3d: cap[204]=0x00000000 {DXFMT_BC3_TYPELESS}
00:00:00.110602 VMSVGA3d: cap[205]=0x00000000 {DXFMT_BC3_UNORM_SRGB}
00:00:00.110602 VMSVGA3d: cap[206]=0x00000000 {DXFMT_BC4_TYPELESS}
00:00:00.110603 VMSVGA3d: cap[207]=0x00000000 {DXFMT_ATI1}
00:00:00.110603 VMSVGA3d: cap[208]=0x00000000 {DXFMT_BC4_SNORM}
00:00:00.110603 VMSVGA3d: cap[209]=0x00000000 {DXFMT_BC5_TYPELESS}
00:00:00.110603 VMSVGA3d: cap[210]=0x00000000 {DXFMT_ATI2}
00:00:00.110603 VMSVGA3d: cap[211]=0x00000000 {DXFMT_BC5_SNORM}
00:00:00.110604 VMSVGA3d: cap[212]=0x00000000 {DXFMT_R10G10B10_XR_BIAS_A2_UNORM}
00:00:00.110604 VMSVGA3d: cap[213]=0x00000000 {DXFMT_B8G8R8A8_TYPELESS}
00:00:00.110604 VMSVGA3d: cap[214]=0x00000000 {DXFMT_B8G8R8A8_UNORM_SRGB}
00:00:00.110604 VMSVGA3d: cap[215]=0x00000000 {DXFMT_B8G8R8X8_TYPELESS}
00:00:00.110604 VMSVGA3d: cap[216]=0x00000000 {DXFMT_B8G8R8X8_UNORM_SRGB}
00:00:00.110605 VMSVGA3d: cap[217]=0x00000000 {DXFMT_Z_DF16}
00:00:00.110605 VMSVGA3d: cap[218]=0x00000000 {DXFMT_Z_DF24}
00:00:00.110605 VMSVGA3d: cap[219]=0x00000000 {DXFMT_Z_D24S8_INT}
00:00:00.110605 VMSVGA3d: cap[220]=0x00000000 {DXFMT_YV12}
00:00:00.110605 VMSVGA3d: cap[221]=0x00000000 {DXFMT_R32G32B32A32_FLOAT}
00:00:00.110606 VMSVGA3d: cap[222]=0x00000000 {DXFMT_R16G16B16A16_FLOAT}
00:00:00.110606 VMSVGA3d: cap[223]=0x00000000 {DXFMT_R16G16B16A16_UNORM}
00:00:00.110606 VMSVGA3d: cap[224]=0x00000000 {DXFMT_R32G32_FLOAT}
00:00:00.110606 VMSVGA3d: cap[225]=0x00000000 {DXFMT_R10G10B10A2_UNORM}
00:00:00.110606 VMSVGA3d: cap[226]=0x00000000 {DXFMT_R8G8B8A8_SNORM}
00:00:00.110607 VMSVGA3d: cap[227]=0x00000000 {DXFMT_R16G16_FLOAT}
00:00:00.110607 VMSVGA3d: cap[228]=0x00000000 {DXFMT_R16G16_UNORM}
00:00:00.110607 VMSVGA3d: cap[229]=0x00000000 {DXFMT_R16G16_SNORM}
00:00:00.110607 VMSVGA3d: cap[230]=0x00000000 {DXFMT_R32_FLOAT}
00:00:00.110607 VMSVGA3d: cap[231]=0x00000000 {DXFMT_R8G8_SNORM}
00:00:00.110607 VMSVGA3d: cap[232]=0x00000000 {DXFMT_R16_FLOAT}
00:00:00.110608 VMSVGA3d: cap[233]=0x00000000 {DXFMT_D16_UNORM}
00:00:00.110608 VMSVGA3d: cap[234]=0x00000000 {DXFMT_A8_UNORM}
00:00:00.110608 VMSVGA3d: cap[235]=0x00000000 {DXFMT_BC1_UNORM}
00:00:00.110608 VMSVGA3d: cap[236]=0x00000000 {DXFMT_BC2_UNORM}
00:00:00.110608 VMSVGA3d: cap[237]=0x00000000 {DXFMT_BC3_UNORM}
00:00:00.110609 VMSVGA3d: cap[238]=0x00000000 {DXFMT_B5G6R5_UNORM}
00:00:00.110609 VMSVGA3d: cap[239]=0x00000000 {DXFMT_B5G5R5A1_UNORM}
00:00:00.110609 VMSVGA3d: cap[240]=0x00000000 {DXFMT_B8G8R8A8_UNORM}
00:00:00.110609 VMSVGA3d: cap[241]=0x00000000 {DXFMT_B8G8R8X8_UNORM}
00:00:00.110609 VMSVGA3d: cap[242]=0x00000000 {DXFMT_BC4_UNORM}
00:00:00.110610 VMSVGA3d: cap[243]=0x00000000 {DXFMT_BC5_UNORM}
00:00:00.110610 VMSVGA3d: cap[244]=0x00000000 {SM41}
00:00:00.110610 VMSVGA3d: cap[245]=0x00000000 {MULTISAMPLE_2X}
00:00:00.110610 VMSVGA3d: cap[246]=0x00000000 {MULTISAMPLE_4X}
00:00:00.110610 VMSVGA3d: cap[247]=0x00000000 {MS_FULL_QUALITY}
00:00:00.110610 VMSVGA3d: cap[248]=0x00000000 {LOGICOPS}
00:00:00.110611 VMSVGA3d: cap[249]=0x00000000 {LOGIC_BLENDOPS}
00:00:00.110611 VMSVGA3d: cap[250]=0x00000000 {RESERVED_1}
00:00:00.110611 VMSVGA3d: cap[251]=0x00000000 {DXFMT_BC6H_TYPELESS}
00:00:00.110611 VMSVGA3d: cap[252]=0x00000000 {DXFMT_BC6H_UF16}
00:00:00.110611 VMSVGA3d: cap[253]=0x00000000 {DXFMT_BC6H_SF16}
00:00:00.110612 VMSVGA3d: cap[254]=0x00000000 {DXFMT_BC7_TYPELESS}
00:00:00.110612 VMSVGA3d: cap[255]=0x00000000 {DXFMT_BC7_UNORM}
00:00:00.110612 VMSVGA3d: cap[256]=0x00000000 {DXFMT_BC7_UNORM_SRGB}
00:00:00.110612 VMSVGA3d: cap[257]=0x00000000 {RESERVED_2}
00:00:00.110612 VMSVGA3d: cap[258]=0x00000000 {SM5}
00:00:00.110613 VMSVGA3d: cap[259]=0x00000000 {MULTISAMPLE_8X}
00:00:00.110620 AIOMgr: Endpoints without assigned bandwidth groups:
00:00:00.110626 AIOMgr:     /home/xxx/dev.environment/resources/software/virtualbox/clustering/virtualbox-v2/talos-cluster-cp-1/talos-cluster-cp-1.vdi
00:00:00.110682 Changing the VM state from 'POWERING_ON' to 'RUNNING'
00:00:00.110684 Console: Machine state changed to 'Running'
00:00:00.110808 VBoxHeadless: starting event loop
00:00:00.111215 VMMDev: Guest Log: BIOS: VirtualBox 7.2.8
00:00:00.111252 PCI: Setting up resources and interrupts
00:00:00.111384 PIT: mode=2 count=0x10000 (65536) - 18.20 Hz (ch=0)
00:00:00.120379 VMMDev: Guest Log: CPUID EDX: 0x178bfbff
00:00:00.120409 PIIX3 ATA: Ctl#0: RESET, DevSel=0 AIOIf=0 CmdIf0=0x00 (-1 usec ago) CmdIf1=0x00 (-1 usec ago)
00:00:00.120426 PIIX3 ATA: Ctl#0: finished processing RESET
00:00:00.120802 AHCI#0: Reset the HBA
00:00:00.120803 VD#0: Cancelling all active requests
00:00:00.120824 AHCI#0: Port 0 reset
00:00:00.120834 VD#0: Cancelling all active requests
00:00:00.121063 VMMDev: Guest Log: BIOS: AHCI 0-P#0: PCHS=16383/16/63 LCHS=1024/255/63 0x0000000002800000 sectors
00:00:00.121089 AHCI#0: Port 1 reset
00:00:00.134237 Display::i_handleDisplayResize: uScreenId=0 pvVRAM=0000000000000000 w=720 h=400 bpp=0 cbLine=0x0 flags=0x0 origin=0,0
00:00:00.276259 AHCI#0: Port 2 reset
00:00:00.441323 AHCI#0: Port 3 reset
00:00:00.606315 AHCI#0: Port 4 reset
00:00:00.771155 AHCI#0: Port 5 reset
00:00:00.935968 AHCI#0: Port 6 reset
00:00:01.100890 AHCI#0: Port 7 reset
00:00:01.265191 AHCI#0: Port 8 reset
00:00:01.430180 AHCI#0: Port 9 reset
00:00:01.594987 AHCI#0: Port 10 reset
00:00:01.759947 AHCI#0: Port 11 reset
00:00:01.923980 AHCI#0: Port 12 reset
00:00:02.088773 AHCI#0: Port 13 reset
00:00:02.253579 AHCI#0: Port 14 reset
00:00:02.418959 AHCI#0: Port 15 reset
00:00:02.583163 AHCI#0: Port 16 reset
00:00:02.748150 AHCI#0: Port 17 reset
00:00:02.913122 AHCI#0: Port 18 reset
00:00:03.078206 AHCI#0: Port 19 reset
00:00:03.242370 AHCI#0: Port 20 reset
00:00:03.407189 AHCI#0: Port 21 reset
00:00:03.572025 AHCI#0: Port 22 reset
00:00:03.737074 AHCI#0: Port 23 reset
00:00:03.902055 AHCI#0: Port 24 reset
00:00:04.066120 AHCI#0: Port 25 reset
00:00:04.230995 AHCI#0: Port 26 reset
00:00:04.395922 AHCI#0: Port 27 reset
00:00:04.561053 AHCI#0: Port 28 reset
00:00:04.725189 AHCI#0: Port 29 reset
00:00:04.891627 PIT: mode=2 count=0x48d3 (18643) - 64.00 Hz (ch=0)
00:00:04.945107 Display::i_handleDisplayResize: uScreenId=0 pvVRAM=00007074b4200000 w=640 h=480 bpp=32 cbLine=0xA00 flags=0x0 origin=0,0
00:00:07.381504 PIT: mode=2 count=0x10000 (65536) - 18.20 Hz (ch=0)
00:00:07.381619 VMMDev: Guest Log: BIOS: Boot : bseqnr=1, bootseq=0032
00:00:07.381819 VMMDev: Guest Log: BIOS: Boot from Hard Disk 0 failed
00:00:07.381921 VMMDev: Guest Log: BIOS: Boot : bseqnr=2, bootseq=0003
00:00:07.382147 VMMDev: Guest Log: BIOS: Booting from CD-ROM...
00:00:07.391622 Display::i_handleDisplayResize: uScreenId=0 pvVRAM=0000000000000000 w=720 h=400 bpp=0 cbLine=0x0 flags=0x0 origin=0,0
00:00:10.797556 GIM: KVM: VCPU  0: Enabled system-time struct. at 0x00000000459ca000 - u32TscScale=0xa0a60226 i8TscShift=-1 uVersion=2 fFlags=0x1 uTsc=0x7ee101239 uVirtNanoTS=0x27cf73d6d TscKHz=3187082
00:00:10.797617 TM: Switching TSC mode from 'VirtTSCEmulated' to 'RealTSCOffset'
00:00:10.830795 GIM: KVM: Enabled wall-clock struct. at 0x00000000459c9008 - u32Sec=1778727529 u32Nano=203724351 uVersion=2
00:00:10.851844 PIT: mode=2 count=0x12a5 (4773) - 249.98 Hz (ch=0)
00:00:10.852193 APIC0: Switched mode to x2APIC
00:00:10.983495 PIT: mode=0 count=0x10000 (65536) - 18.20 Hz (ch=0)
00:00:10.985778 APIC1: Switched mode to x2APIC
00:00:10.985809 GIM: KVM: VCPU  1: Enabled system-time struct. at 0x00000000459ca040 - u32TscScale=0xa0a60226 i8TscShift=-1 uVersion=2 fFlags=0x1 uTsc=0x811d5ceda uVirtNanoTS=0x28830a1a2 TscKHz=3187082
00:00:11.116659 PIIX3 ATA: Ctl#0: RESET, DevSel=0 AIOIf=0 CmdIf0=0xa0 (-1 usec ago) CmdIf1=0x00 (-1 usec ago)
00:00:11.116714 PIIX3 ATA: Ctl#0: finished processing RESET
00:00:11.146784 IEM: rdmsr(0xc0011029) -> #GP(0)
00:00:11.900053 AHCI#0: Reset the HBA
00:00:11.900068 VD#0: Cancelling all active requests
00:00:11.942016 AHCI#0: Port 0 reset
00:00:11.946261 VD#0: Cancelling all active requests
00:00:14.243807 NAT: Link up
00:01:05.404966 TM: Switching TSC mode from 'RealTSCOffset' to 'VirtTSCEmulated'
00:01:05.534283 ACPI: Reset initiated by ACPI
00:01:05.534312 Changing the VM state from 'RUNNING' to 'RESETTING'
00:01:05.534483 GIM: KVM: Resetting MSRs
00:01:05.534529 PIT: mode=3 count=0x10000 (65536) - 18.20 Hz (ch=0)
00:01:05.537635 AHCI#0: Reset the HBA
00:01:05.537649 VD#0: Cancelling all active requests
00:01:05.537678 AC97: Reset
00:01:05.537680 AC97: Mixer reset (EAID=0x809, EACS=0x9)
00:01:05.537682 AC97: Record select to left=mic, right=mic
00:01:05.537685 Audio Mixer: MUTING master volume of 'AC'97 Mixer' -- channel volumes: ff ff ff ff ff ff ff ff ff ff ff ff
00:01:05.537693 PIIX3 ATA: Ctl#0: finished processing RESET
00:01:05.537788 Audio Mixer: MUTING sink 'AC'97 Mixer/Line In' -- channel volumes: 00 00 00 00 00 00 00 00 00 00 00 00
00:01:05.537799 Audio Mixer: MUTING sink 'AC'97 Mixer/Microphone In' -- channel volumes: 00 00 00 00 00 00 00 00 00 00 00 00
00:01:05.537803 Audio Mixer: MUTING sink 'AC'97 Mixer/PCM Output' -- channel volumes: 00 00 00 00 00 00 00 00 00 00 00 00
00:01:05.537808 Audio Mixer: MUTING sink 'AC'97 Mixer/PCM Output' -- channel volumes: 00 00 00 00 00 00 00 00 00 00 00 00
00:01:05.537812 Audio Mixer: MUTING sink 'AC'97 Mixer/Line In' -- channel volumes: 00 00 00 00 00 00 00 00 00 00 00 00
00:01:05.537815 PIIX3 ATA: Ctl#1: finished processing RESET
00:01:05.537894 Audio Mixer: MUTING sink 'AC'97 Mixer/Line In' -- channel volumes: 00 00 00 00 00 00 00 00 00 00 00 00
00:01:05.537902 Audio Mixer: MUTING sink 'AC'97 Mixer/Microphone In' -- channel volumes: 00 00 00 00 00 00 00 00 00 00 00 00
00:01:05.537920 PDMR3Reset: after     3 ms, 1 loops: 1 async tasks - piix3ide/0
00:01:05.551685 Changing the VM state from 'RESETTING' to 'RUNNING'
00:01:05.552432 VMMDev: Guest Log: BIOS: VirtualBox 7.2.8
00:01:05.552468 PCI: Setting up resources and interrupts
00:01:05.552592 PIT: mode=2 count=0x10000 (65536) - 18.20 Hz (ch=0)
00:01:05.562142 VMMDev: Guest Log: CPUID EDX: 0x178bfbff
00:01:05.562173 PIIX3 ATA: Ctl#0: RESET, DevSel=0 AIOIf=0 CmdIf0=0xa0 (-1 usec ago) CmdIf1=0x00 (-1 usec ago)
00:01:05.562280 PIIX3 ATA: Ctl#0: finished processing RESET
00:01:05.562661 AHCI#0: Reset the HBA
00:01:05.562662 VD#0: Cancelling all active requests
00:01:05.562683 AHCI#0: Port 0 reset
00:01:05.562780 VD#0: Cancelling all active requests
00:01:05.563109 VMMDev: Guest Log: BIOS: AHCI 0-P#0: PCHS=16383/16/63 LCHS=1024/255/63 0x0000000002800000 sectors
00:01:10.332419 PIT: mode=2 count=0x48d3 (18643) - 64.00 Hz (ch=0)
00:01:10.385889 Display::i_handleDisplayResize: uScreenId=0 pvVRAM=00007074b4200000 w=640 h=480 bpp=32 cbLine=0xA00 flags=0x0 origin=0,0
00:01:12.822784 PIT: mode=2 count=0x10000 (65536) - 18.20 Hz (ch=0)
00:01:12.822921 VMMDev: Guest Log: BIOS: Boot : bseqnr=1, bootseq=0032
00:01:12.826045 VMMDev: Guest Log: BIOS: Boot from Hard Disk 0 failed
00:01:12.826138 VMMDev: Guest Log: BIOS: Boot : bseqnr=2, bootseq=0003
00:01:12.826308 VMMDev: Guest Log: BIOS: Booting from CD-ROM...
00:01:12.877758 Display::i_handleDisplayResize: uScreenId=0 pvVRAM=0000000000000000 w=720 h=400 bpp=0 cbLine=0x0 flags=0x0 origin=0,0
00:01:16.230319 GIM: KVM: VCPU  0: Enabled system-time struct. at 0x00000000123ca000 - u32TscScale=0xa0a60226 i8TscShift=-1 uVersion=2 fFlags=0x1 uTsc=0x7ef1705fc uVirtNanoTS=0x27d49bedc TscKHz=3187082
00:01:16.230356 TM: Switching TSC mode from 'VirtTSCEmulated' to 'RealTSCOffset'
00:01:16.262856 GIM: KVM: Enabled wall-clock struct. at 0x00000000123c9008 - u32Sec=1778727594 u32Nano=636437225 uVersion=2
00:01:16.284317 PIT: mode=2 count=0x12a5 (4773) - 249.98 Hz (ch=0)
00:01:16.284641 APIC0: Switched mode to x2APIC
00:01:16.416487 PIT: mode=0 count=0x10000 (65536) - 18.20 Hz (ch=0)
00:01:16.418743 APIC1: Switched mode to x2APIC
00:01:16.418775 GIM: KVM: VCPU  1: Enabled system-time struct. at 0x00000000123ca040 - u32TscScale=0xa0a60226 i8TscShift=-1 uVersion=2 fFlags=0x1 uTsc=0x812e69a8f uVirtNanoTS=0x2888639be TscKHz=3187082
00:01:16.539761 PIIX3 ATA: Ctl#0: RESET, DevSel=0 AIOIf=0 CmdIf0=0xa0 (-1 usec ago) CmdIf1=0x00 (-1 usec ago)
00:01:16.539813 PIIX3 ATA: Ctl#0: finished processing RESET
00:01:16.571700 IEM: rdmsr(0xc0011029) -> #GP(0)
00:01:17.333044 AHCI#0: Reset the HBA
00:01:17.333058 VD#0: Cancelling all active requests
00:01:17.368856 AHCI#0: Port 0 reset
00:01:17.370612 VD#0: Cancelling all active requests
00:01:19.672524 NAT: Link up
02:54:29.394258 Console: Machine state changed to 'Stopping'
02:54:29.394477 Console::powerDown(): A request to power off the VM has been issued (mMachineState=Stopping, InUninit=0)
02:54:29.394684 Changing the VM state from 'RUNNING' to 'POWERING_OFF'
02:54:29.394691 ****************** Guest state at power off for VCpu 1 ******************
02:54:29.394695 Guest CPUM (VCPU 1) state: 
02:54:29.394697 rax=ffff9d08fdd2af60 rbx=0000000000000001 rcx=4000000000000000 rdx=0000000000000000
02:54:29.394699 rsi=0000000000000087 rdi=0000000000afa794 r8 =ffff9d08fdd203e0 r9 =0000000000000000
02:54:29.394699 r10=0000000000000000 r11=0000000000000000 r12=0000000000000000 r13=0000000000000000
02:54:29.394700 r14=ffff9d0881c14300 r15=0000000000000000
02:54:29.394700 rip=ffffffffb12b52bf rsp=ffffad15c00a3ed0 rbp=ffff9d0881c14300 iopl=0  iopl=0 nv up ei pl nz na po nc
02:54:29.394701 cs={0010 base=0000000000000000 limit=ffffffff flags=0000a09b}
02:54:29.394701 ds={0000 base=0000000000000000 limit=ffffffff flags=0001c000}
02:54:29.394701 es={0000 base=0000000000000000 limit=ffffffff flags=0001c000}
02:54:29.394702 fs={0000 base=0000000000000000 limit=ffffffff flags=0001c000}
02:54:29.394702 gs={0000 base=ffff9d08fdd00000 limit=ffffffff flags=0001c000}
02:54:29.394702 ss={0018 base=0000000000000000 limit=ffffffff flags=0000c093}
02:54:29.394702 cr0=0000000080050033 cr2=00007fa23caf37f5 cr3=00000000080ec000 cr4=00000000000506e0
02:54:29.394703 dr0=0000000000000000 dr1=0000000000000000 dr2=0000000000000000 dr3=0000000000000000
02:54:29.394703 dr4=0000000000000000 dr5=0000000000000000 dr6=00000000ffff0ff0 dr7=0000000000000400
02:54:29.394704 gdtr=fffffe35c1304000:007f  idtr=fffffe0000000000:0fff  eflags=00000206
02:54:29.394704 ldtr={0000 base=00000000 limit=ffffffff flags=0001c000}
02:54:29.394705 tr  ={0040 base=fffffe35c1306000 limit=00004087 flags=0000008b}
02:54:29.394705 SysEnter={cs=0010 eip=ffffffffb1401fe0 esp=fffffe35c1306000}
02:54:29.394706 xcr=0000000000000007 xcr1=0000000000000000 xss=0000000000000000 (fXStateMask=0000000000000007)
02:54:29.394706 FCW=037f FSW=0000 FTW=0000 FOP=0000 MXCSR=00001fa0 MXCSR_MASK=0000ffff
02:54:29.394707 FPUIP=00000000 CS=0000 Rsrvd1=0000  FPUDP=00000000 DS=0000 Rsvrd2=0000
02:54:29.394707 ST(0)=FPR0={0000'00000000'00000000} t0 +0.0000000000000000000000 * 2 ^ -16383 (*)
02:54:29.394708 ST(1)=FPR1={0000'00000000'00000000} t0 +0.0000000000000000000000 * 2 ^ -16383 (*)
02:54:29.394709 ST(2)=FPR2={0000'00000000'00000000} t0 +0.0000000000000000000000 * 2 ^ -16383 (*)
02:54:29.394710 ST(3)=FPR3={0000'00000000'00000000} t0 +0.0000000000000000000000 * 2 ^ -16383 (*)
02:54:29.394710 ST(4)=FPR4={0000'00000000'00000000} t0 +0.0000000000000000000000 * 2 ^ -16383 (*)
02:54:29.394711 ST(5)=FPR5={0000'00000000'00000000} t0 +0.0000000000000000000000 * 2 ^ -16383 (*)
02:54:29.394711 ST(6)=FPR6={0000'00000000'00000000} t0 +0.0000000000000000000000 * 2 ^ -16383 (*)
02:54:29.394711 ST(7)=FPR7={0000'00000000'00000000} t0 +0.0000000000000000000000 * 2 ^ -16383 (*)
02:54:29.394712 YMM0 =00000000'00000000'00000000'00000000'b7c614ac'b7c614ac'b7c614ac'b7c614ac
02:54:29.394713 YMM1 =00000000'00000000'00000000'00000000'018ead19'018ead19'018ead19'018ead19
02:54:29.394714 YMM2 =00000000'00000000'00000000'00000000'9daf69c1'9daf69c1'9daf69c1'9daf69c1
02:54:29.394715 YMM3 =00000000'00000000'00000000'00000000'62157524'62157524'62157524'62157524
02:54:29.394716 YMM4 =00000000'00000000'00000000'00000000'60586177'fde398e7'ae59b07e'13207b3c
02:54:29.394716 YMM5 =00000000'00000000'00000000'00000000'e34ab5bf'27255058'a77f2d6c'a40ccc96
02:54:29.394717 YMM6 =00000000'00000000'00000000'00000000'09f76905'8ad85a78'a32dfcca'871b6d72
02:54:29.394718 YMM7 =00000000'00000000'00000000'00000000'33c307ca'5bd4ef33'42c1b3a6'b5d4642b
02:54:29.394718 YMM8 =00000000'00000000'00000000'00000000'c9fa974a'3875e5d4'e62bb869'9ed92180
02:54:29.394719 YMM9 =00000000'00000000'00000000'00000000'88a01210'c3becf8b'cb7c8a30'cf9be8e7
02:54:29.394720 YMM10=00000000'00000000'00000000'00000000'f32df93e'194e8a7a'b91a7463'06207711
02:54:29.394720 YMM11=00000000'00000000'00000000'00000000'b0a09802'aa6444e4'0713f519'75f628e9
02:54:29.394721 YMM12=00000000'00000000'00000000'00000000'e587dc7c'e587dc7c'e587dc7c'e587dc7c
02:54:29.394722 YMM13=00000000'00000000'00000000'00000000'54c1c138'54c1c138'54c1c138'54c1c138
02:54:29.394722 YMM14=00000000'00000000'00000000'00000000'5149e894'5149e894'5149e894'5149e894
02:54:29.394723 YMM15=00000000'00000000'00000000'00000000'00000000'00000000'00000000'00000000
02:54:29.394724 EFER         =0000000000000d01
02:54:29.394724 PAT          =0407050600070106
02:54:29.394724 STAR         =0023001000000000
02:54:29.394724 CSTAR        =0000000000000000
02:54:29.394725 LSTAR        =ffffffffb1400080
02:54:29.394725 SFMASK       =0000000000257fd5
02:54:29.394725 KERNELGSBASE =0000000000000000
02:54:29.394725 MTRR_CAP          =0000000000000510
02:54:29.394725 MTRR_DEF_TYPE     =0000000000000c00
02:54:29.394726 MTRR_FIX64K_00000 =0606060606060606
02:54:29.394726 MTRR_FIX16K_80000 =0606060606060606
02:54:29.394726 MTRR_FIX16K_A0000 =0000000000000000
02:54:29.394726 MTRR_FIX4K_C0000  =0505050505050505
02:54:29.394726 MTRR_FIX4K_C8000  =0505050505050505
02:54:29.394726 MTRR_FIX4K_D0000  =0505050505050505
02:54:29.394727 MTRR_FIX4K_D8000  =0505050505050505
02:54:29.394727 MTRR_FIX4K_E0000  =0505050505050505
02:54:29.394727 MTRR_FIX4K_E8000  =0505050505050505
02:54:29.394727 MTRR_FIX4K_F0000  =0505050505050505
02:54:29.394727 MTRR_FIX4K_F8000  =0505050505050505
02:54:29.394728 MTRR_PHYSBASE[ 0] =0000000000000006 First=0000000000000000      0 MB [WB]
02:54:29.394729 MTRR_PHYSMASK[ 0] =00003fff80000800 Last =000000007fffffff   2047 MB [2048 MB]
02:54:29.394729 MTRR_PHYSBASE[ 1] =0000000000000000
02:54:29.394730 MTRR_PHYSMASK[ 1] =0000000000000000
02:54:29.394730 MTRR_PHYSBASE[ 2] =0000000000000000
02:54:29.394730 MTRR_PHYSMASK[ 2] =0000000000000000
02:54:29.394730 MTRR_PHYSBASE[ 3] =0000000000000000
02:54:29.394730 MTRR_PHYSMASK[ 3] =0000000000000000
02:54:29.394730 MTRR_PHYSBASE[ 4] =0000000000000000
02:54:29.394731 MTRR_PHYSMASK[ 4] =0000000000000000
02:54:29.394731 MTRR_PHYSBASE[ 5] =0000000000000000
02:54:29.394731 MTRR_PHYSMASK[ 5] =0000000000000000
02:54:29.394731 MTRR_PHYSBASE[ 6] =0000000000000000
02:54:29.394731 MTRR_PHYSMASK[ 6] =0000000000000000
02:54:29.394731 MTRR_PHYSBASE[ 7] =0000000000000000
02:54:29.394731 MTRR_PHYSMASK[ 7] =0000000000000000
02:54:29.394732 MTRR_PHYSBASE[ 8] =0000000000000000
02:54:29.394732 MTRR_PHYSMASK[ 8] =0000000000000000
02:54:29.394732 MTRR_PHYSBASE[ 9] =0000000000000000
02:54:29.394732 MTRR_PHYSMASK[ 9] =0000000000000000
02:54:29.394732 MTRR_PHYSBASE[10] =0000000000000000
02:54:29.394732 MTRR_PHYSMASK[10] =0000000000000000
02:54:29.394733 MTRR_PHYSBASE[11] =0000000000000000
02:54:29.394733 MTRR_PHYSMASK[11] =0000000000000000
02:54:29.394733 MTRR_PHYSBASE[12] =0000000000000000
02:54:29.394733 MTRR_PHYSMASK[12] =0000000000000000
02:54:29.394733 MTRR_PHYSBASE[13] =0000000000000000
02:54:29.394733 MTRR_PHYSMASK[13] =0000000000000000
02:54:29.394734 MTRR_PHYSBASE[14] =0000000000000000
02:54:29.394734 MTRR_PHYSMASK[14] =0000000000000000
02:54:29.394734 MTRR_PHYSBASE[15] =0000000000000000
02:54:29.394734 MTRR_PHYSMASK[15] =0000000000000000
02:54:29.394734 ***
02:54:29.394735 VCPU[1] hardware virtualization state:
02:54:29.394736 fSavedInhibit                = 0x0
02:54:29.394736 In nested-guest hwvirt mode  = false
02:54:29.394736 Hwvirt state disabled.
02:54:29.394737 ***
02:54:29.394740 Guest paging mode (VCPU #1):  AMD64+NX (changed 3 times), A20 enabled (changed 0 times)
02:54:29.394741 Guest SLAT mode (VCPU #1): Direct
02:54:29.394741 Shadow paging mode (VCPU #1): EPT
02:54:29.394741 Host paging mode:             AMD64+G+NX
02:54:29.394742 ***
02:54:29.394742 ************** End of Guest state at power off for VCpu 1 ***************
02:54:29.394758 ****************** Guest state at power off for VCpu 0 ******************
02:54:29.394762 Guest CPUM (VCPU 0) state: 
02:54:29.394763 rax=ffff9d08fdc2af60 rbx=0000000000000000 rcx=4000000000000000 rdx=0000000000000000
02:54:29.394765 rsi=0000000000000087 rdi=00000000004c3684 r8 =ffff9d08fdc203e0 r9 =0000000000000000
02:54:29.394766 r10=0000000000000000 r11=0000000000000000 r12=0000000000000000 r13=0000000000000000
02:54:29.394766 r14=ffffffffb260d240 r15=000000000008b000
02:54:29.394767 rip=ffffffffb12b52bf rsp=ffffffffb2603e68 rbp=ffffffffb260d240 iopl=0  iopl=0 nv up ei pl nz na pe nc
02:54:29.394768 cs={0010 base=0000000000000000 limit=ffffffff flags=0000a09b}
02:54:29.394768 ds={0000 base=0000000000000000 limit=ffffffff flags=0001c000}
02:54:29.394769 es={0000 base=0000000000000000 limit=ffffffff flags=0001c000}
02:54:29.394769 fs={0000 base=0000000000000000 limit=ffffffff flags=0001c000}
02:54:29.394770 gs={0000 base=ffff9d08fdc00000 limit=ffffffff flags=0001c000}
02:54:29.394770 ss={0018 base=0000000000000000 limit=ffffffff flags=0000c093}
02:54:29.394770 cr0=0000000080050033 cr2=00007fef4ab807f5 cr3=000000000474a000 cr4=00000000000506f0
02:54:29.394771 dr0=0000000000000000 dr1=0000000000000000 dr2=0000000000000000 dr3=0000000000000000
02:54:29.394772 dr4=0000000000000000 dr5=0000000000000000 dr6=00000000ffff0ff0 dr7=0000000000000400
02:54:29.394772 gdtr=fffffe11f85bb000:007f  idtr=fffffe0000000000:0fff  eflags=00000202
02:54:29.394773 ldtr={0000 base=00000000 limit=ffffffff flags=0001c000}
02:54:29.394774 tr  ={0040 base=fffffe11f85bd000 limit=00004087 flags=0000008b}
02:54:29.394774 SysEnter={cs=0010 eip=ffffffffb1401fe0 esp=fffffe11f85bd000}
02:54:29.394775 xcr=0000000000000007 xcr1=0000000000000000 xss=0000000000000000 (fXStateMask=0000000000000007)
02:54:29.394776 FCW=037f FSW=0000 FTW=0000 FOP=0000 MXCSR=00001fa0 MXCSR_MASK=0000ffff
02:54:29.394776 FPUIP=00000000 CS=0000 Rsrvd1=0000  FPUDP=00000000 DS=0000 Rsvrd2=0000
02:54:29.394777 ST(0)=FPR0={0000'00000000'00000000} t0 +0.0000000000000000000000 * 2 ^ -16383 (*)
02:54:29.394779 ST(1)=FPR1={0000'00000000'00000000} t0 +0.0000000000000000000000 * 2 ^ -16383 (*)
02:54:29.394780 ST(2)=FPR2={0000'00000000'00000000} t0 +0.0000000000000000000000 * 2 ^ -16383 (*)
02:54:29.394780 ST(3)=FPR3={0000'00000000'00000000} t0 +0.0000000000000000000000 * 2 ^ -16383 (*)
02:54:29.394781 ST(4)=FPR4={0000'00000000'00000000} t0 +0.0000000000000000000000 * 2 ^ -16383 (*)
02:54:29.394782 ST(5)=FPR5={0000'00000000'00000000} t0 +0.0000000000000000000000 * 2 ^ -16383 (*)
02:54:29.394783 ST(6)=FPR6={0000'00000000'00000000} t0 +0.0000000000000000000000 * 2 ^ -16383 (*)
02:54:29.394783 ST(7)=FPR7={0000'00000000'00000000} t0 +0.0000000000000000000000 * 2 ^ -16383 (*)
02:54:29.394784 YMM0 =00000000'00000000'00000000'00000000'e831223b'e831223b'e831223b'e831223b
02:54:29.394786 YMM1 =00000000'00000000'00000000'00000000'2d167fb3'2d167fb3'2d167fb3'2d167fb3
02:54:29.394787 YMM2 =00000000'00000000'00000000'00000000'fdcfb77c'fdcfb77c'fdcfb77c'fdcfb77c
02:54:29.394788 YMM3 =00000000'00000000'00000000'00000000'e30916a0'e30916a0'e30916a0'e30916a0
02:54:29.394789 YMM4 =00000000'00000000'00000000'00000000'c320d83c'62aabddf'0a9dccab'4fd1f4ac
02:54:29.394790 YMM5 =00000000'00000000'00000000'00000000'7e81faef'3d2133f5'56942dd7'8e23da73
02:54:29.394791 YMM6 =00000000'00000000'00000000'00000000'f6870344'02ed633d'527171f9'c1d1c74a
02:54:29.394792 YMM7 =00000000'00000000'00000000'00000000'9d41e84e'743b27d9'b808d435'df203e8a
02:54:29.394793 YMM8 =00000000'00000000'00000000'00000000'ce5961d4'47233c0e'71f5bef9'afda0b9b
02:54:29.394794 YMM9 =00000000'00000000'00000000'00000000'7b8ad21e'f25b4187'36cbb8fb'71c4dfa7
02:54:29.394794 YMM10=00000000'00000000'00000000'00000000'49a5ce07'054adff5'e8f652b6'667f1671
02:54:29.394795 YMM11=00000000'00000000'00000000'00000000'396c194c'b7d0cfb2'22939ff9'7c74b290
02:54:29.394796 YMM12=00000000'00000000'00000000'00000000'ed4b9bb2'ed4b9bb2'ed4b9bb2'ed4b9bb2
02:54:29.394797 YMM13=00000000'00000000'00000000'00000000'ea1fe59b'ea1fe59b'ea1fe59b'ea1fe59b
02:54:29.394798 YMM14=00000000'00000000'00000000'00000000'3420e76c'3420e76c'3420e76c'3420e76c
02:54:29.394799 YMM15=00000000'00000000'00000000'00000000'00000000'00000000'00000000'00000000
02:54:29.394800 EFER         =0000000000000d01
02:54:29.394800 PAT          =0407050600070106
02:54:29.394801 STAR         =0023001000000000
02:54:29.394801 CSTAR        =0000000000000000
02:54:29.394801 LSTAR        =ffffffffb1400080
02:54:29.394801 SFMASK       =0000000000257fd5
02:54:29.394802 KERNELGSBASE =0000000000000000
02:54:29.394802 MTRR_CAP          =0000000000000510
02:54:29.394802 MTRR_DEF_TYPE     =0000000000000c00
02:54:29.394803 MTRR_FIX64K_00000 =0606060606060606
02:54:29.394803 MTRR_FIX16K_80000 =0606060606060606
02:54:29.394803 MTRR_FIX16K_A0000 =0000000000000000
02:54:29.394803 MTRR_FIX4K_C0000  =0505050505050505
02:54:29.394804 MTRR_FIX4K_C8000  =0505050505050505
02:54:29.394804 MTRR_FIX4K_D0000  =0505050505050505
02:54:29.394804 MTRR_FIX4K_D8000  =0505050505050505
02:54:29.394804 MTRR_FIX4K_E0000  =0505050505050505
02:54:29.394805 MTRR_FIX4K_E8000  =0505050505050505
02:54:29.394805 MTRR_FIX4K_F0000  =0505050505050505
02:54:29.394805 MTRR_FIX4K_F8000  =0505050505050505
02:54:29.394805 MTRR_PHYSBASE[ 0] =0000000000000006 First=0000000000000000      0 MB [WB]
02:54:29.394806 MTRR_PHYSMASK[ 0] =00003fff80000800 Last =000000007fffffff   2047 MB [2048 MB]
02:54:29.394807 MTRR_PHYSBASE[ 1] =0000000000000000
02:54:29.394808 MTRR_PHYSMASK[ 1] =0000000000000000
02:54:29.394808 MTRR_PHYSBASE[ 2] =0000000000000000
02:54:29.394808 MTRR_PHYSMASK[ 2] =0000000000000000
02:54:29.394808 MTRR_PHYSBASE[ 3] =0000000000000000
02:54:29.394809 MTRR_PHYSMASK[ 3] =0000000000000000
02:54:29.394809 MTRR_PHYSBASE[ 4] =0000000000000000
02:54:29.394809 MTRR_PHYSMASK[ 4] =0000000000000000
02:54:29.394809 MTRR_PHYSBASE[ 5] =0000000000000000
02:54:29.394810 MTRR_PHYSMASK[ 5] =0000000000000000
02:54:29.394810 MTRR_PHYSBASE[ 6] =0000000000000000
02:54:29.394810 MTRR_PHYSMASK[ 6] =0000000000000000
02:54:29.394810 MTRR_PHYSBASE[ 7] =0000000000000000
02:54:29.394811 MTRR_PHYSMASK[ 7] =0000000000000000
02:54:29.394811 MTRR_PHYSBASE[ 8] =0000000000000000
02:54:29.394811 MTRR_PHYSMASK[ 8] =0000000000000000
02:54:29.394812 MTRR_PHYSBASE[ 9] =0000000000000000
02:54:29.394812 MTRR_PHYSMASK[ 9] =0000000000000000
02:54:29.394812 MTRR_PHYSBASE[10] =0000000000000000
02:54:29.394812 MTRR_PHYSMASK[10] =0000000000000000
02:54:29.394813 MTRR_PHYSBASE[11] =0000000000000000
02:54:29.394813 MTRR_PHYSMASK[11] =0000000000000000
02:54:29.394813 MTRR_PHYSBASE[12] =0000000000000000
02:54:29.394813 MTRR_PHYSMASK[12] =0000000000000000
02:54:29.394814 MTRR_PHYSBASE[13] =0000000000000000
02:54:29.394814 MTRR_PHYSMASK[13] =0000000000000000
02:54:29.394814 MTRR_PHYSBASE[14] =0000000000000000
02:54:29.394814 MTRR_PHYSMASK[14] =0000000000000000
02:54:29.394815 MTRR_PHYSBASE[15] =0000000000000000
02:54:29.394815 MTRR_PHYSMASK[15] =0000000000000000
02:54:29.394816 ***
02:54:29.394816 VCPU[0] hardware virtualization state:
02:54:29.394817 fSavedInhibit                = 0x0
02:54:29.394817 In nested-guest hwvirt mode  = false
02:54:29.394817 Hwvirt state disabled.
02:54:29.394818 ***
02:54:29.394819 Guest paging mode (VCPU #0):  AMD64+NX (changed 917199 times), A20 enabled (changed 2 times)
02:54:29.394820 Guest SLAT mode (VCPU #0): Direct
02:54:29.394821 Shadow paging mode (VCPU #0): EPT
02:54:29.394821 Host paging mode:             AMD64+G+NX
02:54:29.394821 ***
02:54:29.394822 Active Timers (pVM=00007074d45cb000)
02:54:29.394822 pTimerR3         offNext  offPrev  offSched Clock               Time             Expire HzHint State                     Description
02:54:29.394825 00007074d84a8180 00000007 ffffffff ffffffff Real            21971031           21971051      0 2-ACTIVE                  VGA Refresh
02:54:29.394827 00007074d84a8380 ffffffff 00000003 ffffffff Real            21971031           21971682      0 2-ACTIVE                  CPU Load Timer
02:54:29.394829 00007074d629f100 00000001 ffffffff ffffffff VrSy      10469283648307     10469299405159     16 2-ACTIVE                  APIC Timer 1
02:54:29.394830 00007074d629f080 00000005 00000002 ffffffff VrSy      10469283649960     10469377443982      6 2-ACTIVE                  APIC Timer 0
02:54:29.394831 00007074d629f280 0000000a 00000001 ffffffff VrSy      10469283651004     10469990000000      0 2-ACTIVE                  MC146818 RTC Second
02:54:29.394832 00007074d629f500 ffffffff 00000005 ffffffff VrSy      10469283652059     10864203189563      0 2-ACTIVE                  ACPI PM
02:54:29.394833 ***
02:54:29.394834 Guest GDT (GCAddr=fffffe11f85bb000 limit=7f):
02:54:29.394945 0008 - 0000ffff 00cf9b00 - base=00000000 limit=ffffffff dpl=0 CodeER Accessed Present Page 32-bit 
02:54:29.394946 0010 - 0000ffff 00af9b00 - base=00000000 limit=ffffffff dpl=0 CodeER Accessed Present Page 16-bit 
02:54:29.394947 0018 - 0000ffff 00cf9300 - base=00000000 limit=ffffffff dpl=0 DataRW Accessed Present Page 32-bit 
02:54:29.394947 0020 - 0000ffff 00cffb00 - base=00000000 limit=ffffffff dpl=3 CodeER Accessed Present Page 32-bit 
02:54:29.394948 0028 - 0000ffff 00cff300 - base=00000000 limit=ffffffff dpl=3 DataRW Accessed Present Page 32-bit 
02:54:29.394949 0030 - 0000ffff 00affb00 - base=00000000 limit=ffffffff dpl=3 CodeER Accessed Present Page 16-bit 
02:54:29.394950 0040 - d0004087 f8008b5b - base=f85bd000 limit=00004087 dpl=0 TSS32Busy Present 16-bit 
02:54:29.394952 0078 - 00000000 0040f500 - base=00000000 limit=00000000 dpl=3 DataDownRO Accessed Present 32-bit 
02:54:29.394952 ************** End of Guest state at power off ***************
02:54:29.399771 PDMR3PowerOff: 4 805 960 ns run time
02:54:29.399778 Changing the VM state from 'POWERING_OFF' to 'OFF'
02:54:29.400499 Changing the VM state from 'OFF' to 'DESTROYING'
02:54:29.400536 ************************* Statistics *************************
02:54:29.400542 /CPUM/MSR-Totals/Reads                         66754 times
02:54:29.400545 /CPUM/MSR-Totals/ReadsRaisingGP                    0 times
02:54:29.400547 /CPUM/MSR-Totals/ReadsUnknown                      2 times
02:54:29.400548 /CPUM/MSR-Totals/Writes                      4102059 times
02:54:29.400550 /CPUM/MSR-Totals/WritesRaisingGP                   0 times
02:54:29.400551 /CPUM/MSR-Totals/WritesToIgnoredBits               2 times
02:54:29.400552 /CPUM/MSR-Totals/WritesUnknown                     0 times
02:54:29.400554 /CPUM/cpu0/GuestFpuLoad                       393826 calls
02:54:29.400555 /CPUM/cpu0/GuestFpuReload                         24 calls
02:54:29.400557 /CPUM/cpu1/GuestFpuLoad                       788012 calls
02:54:29.400559 /CPUM/cpu1/GuestFpuReload                         52 calls
02:54:29.400561 /Devices/8237A/DmaRun                              0 ticks/call (           0 ticks,       0 calls, max         0, min      -1)
02:54:29.400563 /Devices/IDE0/ATA0/Unit0/AtapiDMA                 66 times
02:54:29.400564 /Devices/IDE0/ATA0/Unit0/AtapiPIO              12628 times
02:54:29.400566 /Devices/IDE0/ATA0/Unit0/DMA                       0 times
02:54:29.400567 /Devices/IDE0/ATA0/Unit0/PIO                       0 times
02:54:29.400568 /Devices/IDE0/ATA0/Unit0/ReadBytes         201646080 bytes
02:54:29.400570 /Devices/IDE0/ATA0/Unit0/StatusYields           1345 ticks/call (    11310803 ticks,    8405 calls, max    212488, min     698)
02:54:29.400572 /Devices/IDE0/ATA0/Unit0/WrittenBytes              0 bytes
02:54:29.400573 /Devices/IDE0/ATA0/Unit1/AtapiDMA                  0 times
02:54:29.400574 /Devices/IDE0/ATA0/Unit1/AtapiPIO                  0 times
02:54:29.400576 /Devices/IDE0/ATA0/Unit1/DMA                       0 times
02:54:29.400577 /Devices/IDE0/ATA0/Unit1/PIO                       0 times
02:54:29.400578 /Devices/IDE0/ATA0/Unit1/ReadBytes                 0 bytes
02:54:29.400579 /Devices/IDE0/ATA0/Unit1/StatusYields              0 ticks/call (           0 ticks,       0 calls, max         0, min      -1)
02:54:29.400581 /Devices/IDE0/ATA0/Unit1/WrittenBytes              0 bytes
02:54:29.400583 /Devices/IDE0/ATA1/Unit0/AtapiDMA                  0 times
02:54:29.400584 /Devices/IDE0/ATA1/Unit0/AtapiPIO                  0 times
02:54:29.400585 /Devices/IDE0/ATA1/Unit0/DMA                       0 times
02:54:29.400586 /Devices/IDE0/ATA1/Unit0/PIO                       0 times
02:54:29.400587 /Devices/IDE0/ATA1/Unit0/ReadBytes                 0 bytes
02:54:29.400589 /Devices/IDE0/ATA1/Unit0/StatusYields              0 ticks/call (           0 ticks,       0 calls, max         0, min      -1)
02:54:29.400590 /Devices/IDE0/ATA1/Unit0/WrittenBytes              0 bytes
02:54:29.400591 /Devices/IDE0/ATA1/Unit1/AtapiDMA                  0 times
02:54:29.400592 /Devices/IDE0/ATA1/Unit1/AtapiPIO                  0 times
02:54:29.400594 /Devices/IDE0/ATA1/Unit1/DMA                       0 times
02:54:29.400595 /Devices/IDE0/ATA1/Unit1/PIO                       0 times
02:54:29.400596 /Devices/IDE0/ATA1/Unit1/ReadBytes                 0 bytes
02:54:29.400597 /Devices/IDE0/ATA1/Unit1/StatusYields              0 ticks/call (           0 ticks,       0 calls, max         0, min      -1)
02:54:29.400599 /Devices/IDE0/ATA1/Unit1/WrittenBytes              0 bytes
02:54:29.400600 /Devices/VMMDev/BalloonChunks                      0 count
02:54:29.400602 /Devices/VMMDev/FastIrqAckR3                       0 count
02:54:29.400603 /Devices/VMMDev/FastIrqAckRZ                       0 count
02:54:29.400604 /Devices/VMMDev/HGCM-Kernel/BudgetAvailable 1073741824 bytes
02:54:29.400606 /Devices/VMMDev/HGCM-Kernel/BudgetConfig   1073741824 bytes
02:54:29.400607 /Devices/VMMDev/HGCM-Kernel/BudgetOverruns         0 bytes
02:54:29.400608 /Devices/VMMDev/HGCM-Kernel/MessageHeapUsage         0 bytes/call (           0 bytes,       0 calls, max         0, min      -1)
02:54:29.400616 /Devices/VMMDev/HGCM-Root/BudgetAvailable  1073741824 bytes
02:54:29.400618 /Devices/VMMDev/HGCM-Root/BudgetConfig     1073741824 bytes
02:54:29.400619 /Devices/VMMDev/HGCM-Root/BudgetOverruns           0 bytes
02:54:29.400620 /Devices/VMMDev/HGCM-Root/MessageHeapUsage         0 bytes/call (           0 bytes,       0 calls, max         0, min      -1)
02:54:29.400622 /Devices/VMMDev/HGCM-User/BudgetAvailable  1073741824 bytes
02:54:29.400623 /Devices/VMMDev/HGCM-User/BudgetConfig     1073741824 bytes
02:54:29.400624 /Devices/VMMDev/HGCM-User/BudgetOverruns           0 bytes
02:54:29.400625 /Devices/VMMDev/HGCM-User/MessageHeapUsage         0 bytes/call (           0 bytes,       0 calls, max         0, min      -1)
02:54:29.400627 /Devices/VMMDev/LargeReqBufAllocs                  0 count
02:54:29.400628 /Devices/VMMDev/SlowIrqAck                         0 count
02:54:29.400629 /Devices/apic/0                               364838 times
02:54:29.400631 /Devices/apic/0/Vectors/20                     10613 times
02:54:29.400633 /Devices/apic/0/Vectors/21                       273 times
02:54:29.400634 /Devices/apic/0/Vectors/23                      5299 times
02:54:29.400636 /Devices/apic/0/Vectors/30                        68 times
02:54:29.400640 /Devices/apic/0/Vectors/ec                    242609 times
02:54:29.400642 /Devices/apic/0/Vectors/fb                     97015 times
02:54:29.400643 /Devices/apic/0/Vectors/fd                      8962 times
02:54:29.400645 /Devices/apic/1                               776118 times
02:54:29.400647 /Devices/apic/1/Vectors/22                        19 times
02:54:29.400648 /Devices/apic/1/Vectors/23                       132 times
02:54:29.400650 /Devices/apic/1/Vectors/24                     12965 times
02:54:29.400655 /Devices/apic/1/Vectors/ec                    671511 times
02:54:29.400657 /Devices/apic/1/Vectors/f8                         1 times
02:54:29.400658 /Devices/apic/1/Vectors/fb                     86006 times
02:54:29.400659 /Devices/apic/1/Vectors/fd                      5488 times
02:54:29.400661 /Devices/e1000#0/ReceiveBytes                  13120 bytes
02:54:29.400662 /Devices/e1000#0/TransmitBytes                  7403 bytes
02:54:29.400663 /Devices/e1000#0/iStatIntLost                      0 ns
02:54:29.400665 /Devices/e1000#0/iStatIntLostOne                   0 ns
02:54:29.400666 /Devices/e1000#0/u64ArmedAt                        0 ns
02:54:29.400667 /Devices/e1000#0/uStatDescCtx                     32 ns
02:54:29.400669 /Devices/e1000#0/uStatDescDat                     38 ns
02:54:29.400670 /Devices/e1000#0/uStatDescLeg                     38 ns
02:54:29.400671 /Devices/e1000#0/uStatInt                       5300 ns
02:54:29.400673 /Devices/e1000#0/uStatIntEarly                     0 ns
02:54:29.400674 /Devices/e1000#0/uStatIntICS                    5163 ns
02:54:29.400675 /Devices/e1000#0/uStatIntIMS                       9 ns
02:54:29.400676 /Devices/e1000#0/uStatIntLate                      5 ns
02:54:29.400678 /Devices/e1000#0/uStatIntLower                     1 ns
02:54:29.400679 /Devices/e1000#0/uStatIntMasked                   11 ns
02:54:29.400680 /Devices/e1000#0/uStatIntRDTR                      0 ns
02:54:29.400682 /Devices/e1000#0/uStatIntRXDMT0                    0 ns
02:54:29.400683 /Devices/e1000#0/uStatIntRx                       82 ns
02:54:29.400684 /Devices/e1000#0/uStatIntSkip                     76 ns
02:54:29.400685 /Devices/e1000#0/uStatIntTXQE                      0 ns
02:54:29.400687 /Devices/e1000#0/uStatIntTry                    5387 ns
02:54:29.400688 /Devices/e1000#0/uStatIntTx                       70 ns
02:54:29.400689 /Devices/e1000#0/uStatMaxTxDelay                   0 ns
02:54:29.400690 /Devices/e1000#0/uStatNoIntICR                     0 ns
02:54:29.400692 /Devices/e1000#0/uStatRAD                          0 ns
02:54:29.400693 /Devices/e1000#0/uStatRID                          0 ns
02:54:29.400696 /Devices/e1000#0/uStatRxFrm                       82 ns
02:54:29.400698 /Devices/e1000#0/uStatTAD                          0 ns
02:54:29.400699 /Devices/e1000#0/uStatTID                          0 ns
02:54:29.400700 /Devices/e1000#0/uStatTx1514                      70 ns
02:54:29.400702 /Devices/e1000#0/uStatTx16384                      0 ns
02:54:29.400703 /Devices/e1000#0/uStatTx2962                       0 ns
02:54:29.400704 /Devices/e1000#0/uStatTx32768                      0 ns
02:54:29.400705 /Devices/e1000#0/uStatTx4410                       0 ns
02:54:29.400706 /Devices/e1000#0/uStatTx5858                       0 ns
02:54:29.400708 /Devices/e1000#0/uStatTx7306                       0 ns
02:54:29.400709 /Devices/e1000#0/uStatTx8754                       0 ns
02:54:29.400710 /Devices/e1000#0/uStatTxDelayExp                   0 ns
02:54:29.400711 /Devices/e1000#0/uStatTxDelayed                    0 ns
02:54:29.400713 /Devices/e1000#0/uStatTxFrm                       70 ns
02:54:29.400714 /Devices/e1000#0/uStatTxIDE                        0 ns
02:54:29.400715 /Devices/e1000#0/uStatTxLarge                      0 ns
02:54:29.400716 /Devices/e1000#0/uStatTxNoRS                      38 ns
02:54:29.400718 /Devices/e1000#1/ReceiveBytes                2056679 bytes
02:54:29.400719 /Devices/e1000#1/TransmitBytes                946531 bytes
02:54:29.400720 /Devices/e1000#1/iStatIntLost                      0 ns
02:54:29.400722 /Devices/e1000#1/iStatIntLostOne                   0 ns
02:54:29.400723 /Devices/e1000#1/u64ArmedAt                        0 ns
02:54:29.400724 /Devices/e1000#1/uStatDescCtx                   3826 ns
02:54:29.400726 /Devices/e1000#1/uStatDescDat                   4746 ns
02:54:29.400727 /Devices/e1000#1/uStatDescLeg                     88 ns
02:54:29.400728 /Devices/e1000#1/uStatInt                      13299 ns
02:54:29.400729 /Devices/e1000#1/uStatIntEarly                     0 ns
02:54:29.400731 /Devices/e1000#1/uStatIntICS                    5174 ns
02:54:29.400732 /Devices/e1000#1/uStatIntIMS                    1090 ns
02:54:29.400733 /Devices/e1000#1/uStatIntLate                    796 ns
02:54:29.400734 /Devices/e1000#1/uStatIntLower                   334 ns
02:54:29.400736 /Devices/e1000#1/uStatIntMasked                 1418 ns
02:54:29.400737 /Devices/e1000#1/uStatIntRDTR                      0 ns
02:54:29.400738 /Devices/e1000#1/uStatIntRXDMT0                    0 ns
02:54:29.400739 /Devices/e1000#1/uStatIntRx                     8453 ns
02:54:29.400740 /Devices/e1000#1/uStatIntSkip                   7510 ns
02:54:29.400742 /Devices/e1000#1/uStatIntTXQE                      0 ns
02:54:29.400743 /Devices/e1000#1/uStatIntTry                   22227 ns
02:54:29.400744 /Devices/e1000#1/uStatIntTx                     3914 ns
02:54:29.400745 /Devices/e1000#1/uStatMaxTxDelay                   0 ns
02:54:29.400746 /Devices/e1000#1/uStatNoIntICR                     0 ns
02:54:29.400748 /Devices/e1000#1/uStatRAD                          0 ns
02:54:29.400749 /Devices/e1000#1/uStatRID                          0 ns
02:54:29.400750 /Devices/e1000#1/uStatRxFrm                     8453 ns
02:54:29.400752 /Devices/e1000#1/uStatTAD                          0 ns
02:54:29.400753 /Devices/e1000#1/uStatTID                          0 ns
02:54:29.400754 /Devices/e1000#1/uStatTx1514                    3914 ns
02:54:29.400756 /Devices/e1000#1/uStatTx16384                      0 ns
02:54:29.400757 /Devices/e1000#1/uStatTx2962                       0 ns
02:54:29.400758 /Devices/e1000#1/uStatTx32768                      0 ns
02:54:29.400759 /Devices/e1000#1/uStatTx4410                       0 ns
02:54:29.400761 /Devices/e1000#1/uStatTx5858                       0 ns
02:54:29.400762 /Devices/e1000#1/uStatTx7306                       0 ns
02:54:29.400763 /Devices/e1000#1/uStatTx8754                       0 ns
02:54:29.400764 /Devices/e1000#1/uStatTxDelayExp                   0 ns
02:54:29.400766 /Devices/e1000#1/uStatTxDelayed                    0 ns
02:54:29.400767 /Devices/e1000#1/uStatTxFrm                     3914 ns
02:54:29.400770 /Devices/e1000#1/uStatTxIDE                        0 ns
02:54:29.400771 /Devices/e1000#1/uStatTxLarge                      0 ns
02:54:29.400772 /Devices/e1000#1/uStatTxNoRS                    4746 ns
02:54:29.400775 /Devices/ichac97/Stream0/reg-CR                    0 
02:54:29.400777 /Devices/ichac97/Stream0/reg-SR                    0 
02:54:29.400779 /Devices/ichac97/Stream1/reg-CR                    0 
02:54:29.400780 /Devices/ichac97/Stream1/reg-SR                    0 
02:54:29.400782 /Devices/ichac97/Stream2/reg-CR                    0 
02:54:29.400783 /Devices/ichac97/Stream2/reg-SR                    0 
02:54:29.400785 /Devices/ichac97/UnimplementedNabmReads            0 times
02:54:29.400786 /Devices/ichac97/UnimplementedNabmWrites           0 times
02:54:29.400787 /Devices/ichac97/UnimplementedNamReads             0 times
02:54:29.400788 /Devices/ichac97/UnimplementedNamWrites            0 times
02:54:29.400795 /Devices/mc146818/Irq                              0 times
02:54:29.400797 /Devices/mc146818/IrqClear                         0 times
02:54:29.400798 /Devices/mc146818/PiActive                         0 ticks/call (           0 ticks,       0 calls, max         0, min      -1)
02:54:29.400800 /Devices/mc146818/PieFlip                          0 times
02:54:29.400801 /Devices/mc146818/TimerCB                          0 times
02:54:29.400802 /Devices/vga/HgmsiMdaCgaAccesses                   0 times
02:54:29.400804 /Devices/vga/VMSVGA/Cmd/3dActivateSurface          0 times
02:54:29.400805 /Devices/vga/VMSVGA/Cmd/3dBeginQuery               0 times
02:54:29.400807 /Devices/vga/VMSVGA/Cmd/3dBlitSurfaceToScreenProf         0 ticks/call (           0 ticks,       0 calls, max         0, min      -1)
02:54:29.400808 /Devices/vga/VMSVGA/Cmd/3dClear                    0 times
02:54:29.400809 /Devices/vga/VMSVGA/Cmd/3dContextDefine            0 times
02:54:29.400811 /Devices/vga/VMSVGA/Cmd/3dContextDestroy           0 times
02:54:29.400812 /Devices/vga/VMSVGA/Cmd/3dDeactivateSurface         0 times
02:54:29.400813 /Devices/vga/VMSVGA/Cmd/3dDrawPrimitives           0 times
02:54:29.400814 /Devices/vga/VMSVGA/Cmd/3dEndQuery                 0 times
02:54:29.400815 /Devices/vga/VMSVGA/Cmd/3dGenerateMipmaps          0 times
02:54:29.400816 /Devices/vga/VMSVGA/Cmd/3dPresent                  0 times
02:54:29.400818 /Devices/vga/VMSVGA/Cmd/3dPresentReadBack          0 times
02:54:29.400819 /Devices/vga/VMSVGA/Cmd/3dSetClipPlane             0 times
02:54:29.400820 /Devices/vga/VMSVGA/Cmd/3dSetLightData             0 times
02:54:29.400821 /Devices/vga/VMSVGA/Cmd/3dSetLightEnable           0 times
02:54:29.400822 /Devices/vga/VMSVGA/Cmd/3dSetMaterial              0 times
02:54:29.400823 /Devices/vga/VMSVGA/Cmd/3dSetRenderState           0 times
02:54:29.400824 /Devices/vga/VMSVGA/Cmd/3dSetRenderTarget          0 times
02:54:29.400825 /Devices/vga/VMSVGA/Cmd/3dSetScissorRect           0 times
02:54:29.400827 /Devices/vga/VMSVGA/Cmd/3dSetShader                0 times
02:54:29.400828 /Devices/vga/VMSVGA/Cmd/3dSetShaderConst           0 times
02:54:29.400829 /Devices/vga/VMSVGA/Cmd/3dSetTextureState          0 times
02:54:29.400830 /Devices/vga/VMSVGA/Cmd/3dSetTransform             0 times
02:54:29.400831 /Devices/vga/VMSVGA/Cmd/3dSetViewPort              0 times
02:54:29.400832 /Devices/vga/VMSVGA/Cmd/3dSetZRange                0 times
02:54:29.400833 /Devices/vga/VMSVGA/Cmd/3dShaderDefine             0 times
02:54:29.400834 /Devices/vga/VMSVGA/Cmd/3dShaderDestroy            0 times
02:54:29.400836 /Devices/vga/VMSVGA/Cmd/3dSurfaceCopy              0 times
02:54:29.400837 /Devices/vga/VMSVGA/Cmd/3dSurfaceDefine            0 times
02:54:29.400838 /Devices/vga/VMSVGA/Cmd/3dSurfaceDefineV2          0 times
02:54:29.400839 /Devices/vga/VMSVGA/Cmd/3dSurfaceDestroy           0 times
02:54:29.400840 /Devices/vga/VMSVGA/Cmd/3dSurfaceDma               0 times
02:54:29.400841 /Devices/vga/VMSVGA/Cmd/3dSurfaceScreen            0 times
02:54:29.400842 /Devices/vga/VMSVGA/Cmd/3dSurfaceStretchBlt         0 times
02:54:29.400845 /Devices/vga/VMSVGA/Cmd/3dWaitForQuery             0 times
02:54:29.400846 /Devices/vga/VMSVGA/Cmd/AnnotationCopy             0 times
02:54:29.400847 /Devices/vga/VMSVGA/Cmd/AnnotationFill             0 times
02:54:29.400849 /Devices/vga/VMSVGA/Cmd/BlitGmrFbToScreen          0 times
02:54:29.400850 /Devices/vga/VMSVGA/Cmd/BlitScreentoGmrFb          0 times
02:54:29.400851 /Devices/vga/VMSVGA/Cmd/DefineAlphaCursor          0 times
02:54:29.400858 /Devices/vga/VMSVGA/Cmd/DefineCursor               0 times
02:54:29.400863 /Devices/vga/VMSVGA/Cmd/DefineGmr2                 0 times
02:54:29.400865 /Devices/vga/VMSVGA/Cmd/DefineGmr2/Free            0 times
02:54:29.400866 /Devices/vga/VMSVGA/Cmd/DefineGmr2/Modify          0 times
02:54:29.400867 /Devices/vga/VMSVGA/Cmd/DefineGmrFb                0 times
02:54:29.400868 /Devices/vga/VMSVGA/Cmd/DefineScreen               0 times
02:54:29.400869 /Devices/vga/VMSVGA/Cmd/DestroyScreen              0 times
02:54:29.400870 /Devices/vga/VMSVGA/Cmd/DisplayCursor              0 times
02:54:29.400871 /Devices/vga/VMSVGA/Cmd/Escape                     0 times
02:54:29.400873 /Devices/vga/VMSVGA/Cmd/Fence                      0 times
02:54:29.400874 /Devices/vga/VMSVGA/Cmd/InvalidCmd                 0 times
02:54:29.400875 /Devices/vga/VMSVGA/Cmd/MoveCursor                 0 times
02:54:29.400876 /Devices/vga/VMSVGA/Cmd/RectCopy                   0 times
02:54:29.400877 /Devices/vga/VMSVGA/Cmd/RectFill                   0 times
02:54:29.400879 /Devices/vga/VMSVGA/Cmd/RectRopCopy                0 times
02:54:29.400880 /Devices/vga/VMSVGA/Cmd/RemapGmr2                  0 times
02:54:29.400881 /Devices/vga/VMSVGA/Cmd/RemapGmr2/Modify           0 times
02:54:29.400882 /Devices/vga/VMSVGA/Cmd/Update                     0 times
02:54:29.400883 /Devices/vga/VMSVGA/Cmd/UpdateVerbose              0 times
02:54:29.400885 /Devices/vga/VMSVGA/EmtDelayOnBusyFifo             0 ticks/call (           0 ticks,       0 calls, max         0, min      -1)
02:54:29.400886 /Devices/vga/VMSVGA/FifoCommands                   0 times
02:54:29.400887 /Devices/vga/VMSVGA/FifoCursorFetchAgain           0 times
02:54:29.400889 /Devices/vga/VMSVGA/FifoCursorNoChange             0 times
02:54:29.400890 /Devices/vga/VMSVGA/FifoCursorPosition             0 times
02:54:29.400891 /Devices/vga/VMSVGA/FifoCursorVisiblity            0 times
02:54:29.400892 /Devices/vga/VMSVGA/FifoErrors                     0 times
02:54:29.400894 /Devices/vga/VMSVGA/FifoExtendedSleep      48782107537 ticks/call (33366961555988 ticks,     684 calls, max 49270305274, min    7634)
02:54:29.400896 /Devices/vga/VMSVGA/FifoStalls                     0 ticks/call (           0 ticks,       0 calls, max         0, min      -1)
02:54:29.400897 /Devices/vga/VMSVGA/FifoTodoTimeout                0 times
02:54:29.400898 /Devices/vga/VMSVGA/FifoTodoWoken                  0 times
02:54:29.400900 /Devices/vga/VMSVGA/FifoUnknownCommands            0 times
02:54:29.400901 /Devices/vga/VMSVGA/FifoWatchdogWakeUps            0 times
02:54:29.400903 /Devices/vga/VMSVGA/Reg/BitsPerPixelRead           0 times
02:54:29.400904 /Devices/vga/VMSVGA/Reg/BitsPerPixelWrite          0 times
02:54:29.400906 /Devices/vga/VMSVGA/Reg/BlueMaskRead               0 times
02:54:29.400907 /Devices/vga/VMSVGA/Reg/BusyRead                   0 times
02:54:29.400908 /Devices/vga/VMSVGA/Reg/BusyWrite                  0 times
02:54:29.400909 /Devices/vga/VMSVGA/Reg/BytesPerLineRead           0 times
02:54:29.400910 /Devices/vga/VMSVGA/Reg/CapabilitesRead            0 times
02:54:29.400911 /Devices/vga/VMSVGA/Reg/CmdPrependHighRead         0 times
02:54:29.400913 /Devices/vga/VMSVGA/Reg/CmdPrependHighWrite         0 times
02:54:29.400914 /Devices/vga/VMSVGA/Reg/CmdPrependLowRead          0 times
02:54:29.400915 /Devices/vga/VMSVGA/Reg/CmdPrependLowWrite         0 times
02:54:29.400916 /Devices/vga/VMSVGA/Reg/CommandHighRead            0 times
02:54:29.400917 /Devices/vga/VMSVGA/Reg/CommandHighWrite           0 times
02:54:29.400919 /Devices/vga/VMSVGA/Reg/CommandLowRead             0 times
02:54:29.400923 /Devices/vga/VMSVGA/Reg/CommandLowWrite            0 times
02:54:29.400924 /Devices/vga/VMSVGA/Reg/ConfigDoneRead             0 times
02:54:29.400925 /Devices/vga/VMSVGA/Reg/ConfigDoneWrite            0 times
02:54:29.400926 /Devices/vga/VMSVGA/Reg/CursorIdRead               0 times
02:54:29.400928 /Devices/vga/VMSVGA/Reg/CursorIdWrite              0 times
02:54:29.400929 /Devices/vga/VMSVGA/Reg/CursorMobIdWrite           0 times
02:54:29.400930 /Devices/vga/VMSVGA/Reg/CursorOnRead               0 times
02:54:29.400931 /Devices/vga/VMSVGA/Reg/CursorOnWrite              0 times
02:54:29.400932 /Devices/vga/VMSVGA/Reg/CursorXRead                0 times
02:54:29.400933 /Devices/vga/VMSVGA/Reg/CursorXWrite               0 times
02:54:29.400935 /Devices/vga/VMSVGA/Reg/CursorYRead                0 times
02:54:29.400936 /Devices/vga/VMSVGA/Reg/CursorYWrite               0 times
02:54:29.400937 /Devices/vga/VMSVGA/Reg/DepthRead                  0 times
02:54:29.400938 /Devices/vga/VMSVGA/Reg/DepthWrite                 0 times
02:54:29.400939 /Devices/vga/VMSVGA/Reg/DevCapRead                 0 times
02:54:29.400941 /Devices/vga/VMSVGA/Reg/DevCapWrite                0 times
02:54:29.400942 /Devices/vga/VMSVGA/Reg/DisplayHeightRead          0 times
02:54:29.400943 /Devices/vga/VMSVGA/Reg/DisplayHeightWrite         0 times
02:54:29.400944 /Devices/vga/VMSVGA/Reg/DisplayIdRead              0 times
02:54:29.400945 /Devices/vga/VMSVGA/Reg/DisplayIdWrite             0 times
02:54:29.400946 /Devices/vga/VMSVGA/Reg/DisplayIsPrimaryRead         0 times
02:54:29.400947 /Devices/vga/VMSVGA/Reg/DisplayIsPrimaryWrite         0 times
02:54:29.400949 /Devices/vga/VMSVGA/Reg/DisplayPositionXRead         0 times
02:54:29.400950 /Devices/vga/VMSVGA/Reg/DisplayPositionXWrite         0 times
02:54:29.400951 /Devices/vga/VMSVGA/Reg/DisplayPositionYRead         0 times
02:54:29.400952 /Devices/vga/VMSVGA/Reg/DisplayPositionYWrite         0 times
02:54:29.400953 /Devices/vga/VMSVGA/Reg/DisplayWidthRead           0 times
02:54:29.400954 /Devices/vga/VMSVGA/Reg/DisplayWidthWrite          0 times
02:54:29.400955 /Devices/vga/VMSVGA/Reg/EnableRead                 0 times
02:54:29.400956 /Devices/vga/VMSVGA/Reg/EnableWrite                0 times
02:54:29.400958 /Devices/vga/VMSVGA/Reg/FbOffsetRead               0 times
02:54:29.400959 /Devices/vga/VMSVGA/Reg/FbSizeRead                 0 times
02:54:29.400960 /Devices/vga/VMSVGA/Reg/FbStartRead                0 times
02:54:29.400961 /Devices/vga/VMSVGA/Reg/GBMemSizeRead              0 times
02:54:29.400962 /Devices/vga/VMSVGA/Reg/GmrDescriptorWrite         0 times
02:54:29.400963 /Devices/vga/VMSVGA/Reg/GmrDescriptorWrite/Errors         0 times
02:54:29.400964 /Devices/vga/VMSVGA/Reg/GmrDescriptorWrite/Free         0 times
02:54:29.400966 /Devices/vga/VMSVGA/Reg/GmrIdRead                  0 times
02:54:29.400967 /Devices/vga/VMSVGA/Reg/GmrIdWrite                 0 times
02:54:29.400968 /Devices/vga/VMSVGA/Reg/GmrMaxDescriptorLengthRead         0 times
02:54:29.400969 /Devices/vga/VMSVGA/Reg/GmrMaxIdsRead              0 times
02:54:29.400970 /Devices/vga/VMSVGA/Reg/GmrsMaxPagesRead           0 times
02:54:29.400971 /Devices/vga/VMSVGA/Reg/GreenMaskRead              0 times
02:54:29.400973 /Devices/vga/VMSVGA/Reg/GuestIdRead                0 times
02:54:29.400974 /Devices/vga/VMSVGA/Reg/GuestIdWrite               0 times
02:54:29.400975 /Devices/vga/VMSVGA/Reg/HeightRead                 0 times
02:54:29.400976 /Devices/vga/VMSVGA/Reg/HeightWrite                0 times
02:54:29.400977 /Devices/vga/VMSVGA/Reg/HostBitsPerPixelRead         0 times
02:54:29.400978 /Devices/vga/VMSVGA/Reg/IdRead                     0 times
02:54:29.400980 /Devices/vga/VMSVGA/Reg/IdWrite                    0 times
02:54:29.400981 /Devices/vga/VMSVGA/Reg/IrqMaskRead                0 times
02:54:29.400982 /Devices/vga/VMSVGA/Reg/IrqMaskWrite               0 times
02:54:29.400983 /Devices/vga/VMSVGA/Reg/MaxHeightRead              0 times
02:54:29.400984 /Devices/vga/VMSVGA/Reg/MaxPrimBBMemRead           0 times
02:54:29.400987 /Devices/vga/VMSVGA/Reg/MaxWidthRead               0 times
02:54:29.400989 /Devices/vga/VMSVGA/Reg/MemRegsRead                0 times
02:54:29.400990 /Devices/vga/VMSVGA/Reg/MemSizeRead                0 times
02:54:29.400991 /Devices/vga/VMSVGA/Reg/MemStartRead               0 times
02:54:29.400992 /Devices/vga/VMSVGA/Reg/MemorySizeRead             0 times
02:54:29.400993 /Devices/vga/VMSVGA/Reg/MobMaxSizeRead             0 times
02:54:29.400994 /Devices/vga/VMSVGA/Reg/NumDisplaysRead            0 times
02:54:29.400995 /Devices/vga/VMSVGA/Reg/NumDisplaysWrite           0 times
02:54:29.400996 /Devices/vga/VMSVGA/Reg/NumGuestDisplaysRead         0 times
02:54:29.400998 /Devices/vga/VMSVGA/Reg/NumGuestDisplaysWrite         0 times
02:54:29.400999 /Devices/vga/VMSVGA/Reg/PaletteRead                0 times
02:54:29.401000 /Devices/vga/VMSVGA/Reg/PaletteWrite               0 times
02:54:29.401001 /Devices/vga/VMSVGA/Reg/PitchLockRead              0 times
02:54:29.401002 /Devices/vga/VMSVGA/Reg/PitchLockWrite             0 times
02:54:29.401003 /Devices/vga/VMSVGA/Reg/PseudoColorWrite           0 times
02:54:29.401004 /Devices/vga/VMSVGA/Reg/PsuedoColorRead            0 times
02:54:29.401006 /Devices/vga/VMSVGA/Reg/ReadOnlyWrite              0 times
02:54:29.401007 /Devices/vga/VMSVGA/Reg/RedMaskRead                0 times
02:54:29.401008 /Devices/vga/VMSVGA/Reg/ScratchRead                0 times
02:54:29.401009 /Devices/vga/VMSVGA/Reg/ScratchSizeRead            0 times
02:54:29.401010 /Devices/vga/VMSVGA/Reg/ScratchWrite               0 times
02:54:29.401011 /Devices/vga/VMSVGA/Reg/ScrnTgtMaxHeightRead         0 times
02:54:29.401012 /Devices/vga/VMSVGA/Reg/ScrnTgtMaxWidthRead         0 times
02:54:29.401014 /Devices/vga/VMSVGA/Reg/SyncRead                   0 times
02:54:29.401015 /Devices/vga/VMSVGA/Reg/SyncWrite                  0 times
02:54:29.401016 /Devices/vga/VMSVGA/Reg/TopRead                    0 times
02:54:29.401017 /Devices/vga/VMSVGA/Reg/TopWrite                   0 times
02:54:29.401018 /Devices/vga/VMSVGA/Reg/TracesRead                 0 times
02:54:29.401019 /Devices/vga/VMSVGA/Reg/TracesWrite                0 times
02:54:29.401021 /Devices/vga/VMSVGA/Reg/UnknownRead                0 times
02:54:29.401022 /Devices/vga/VMSVGA/Reg/UnknownWrite               0 times
02:54:29.401023 /Devices/vga/VMSVGA/Reg/VramSizeRead               0 times
02:54:29.401024 /Devices/vga/VMSVGA/Reg/WidthRead                  0 times
02:54:29.401025 /Devices/vga/VMSVGA/Reg/WidthWrite                 0 times
02:54:29.401026 /Devices/vga/VMSVGA/Reg/WriteOnlyRead              0 times
02:54:29.401028 /Drivers/AUDIO-0/TotalStreamsCreated               0 count
02:54:29.401029 /Drivers/AUDIO-1/TotalStreamsCreated               0 count
02:54:29.401030 /Drivers/AUDIO-2/TotalStreamsCreated               0 count
02:54:29.401032 /Drivers/IntNet-0/BadFrames                        0 count
02:54:29.401033 /Drivers/IntNet-0/Bytes/Received             2102411 bytes
02:54:29.401034 /Drivers/IntNet-0/Bytes/Sent                  946531 bytes
02:54:29.401035 /Drivers/IntNet-0/Overflows/Recv                   0 count
02:54:29.401037 /Drivers/IntNet-0/Overflows/Sent                   0 count
02:54:29.401038 /Drivers/IntNet-0/Packets/Lost                     0 count
02:54:29.401039 /Drivers/IntNet-0/Packets/Received              8104 count
02:54:29.401040 /Drivers/IntNet-0/Packets/Received-Gso             0 count
02:54:29.401042 /Drivers/IntNet-0/Packets/Sent                  3914 count
02:54:29.401043 /Drivers/IntNet-0/Packets/Sent-Gso                 0 count
02:54:29.401044 /Drivers/IntNet-0/Packets/Sent-R0                  0 count
02:54:29.401045 /Drivers/IntNet-0/Recv1                            0 ticks/call (           0 ticks,       0 calls, max         0, min      -1)
02:54:29.401047 /Drivers/IntNet-0/Recv2                            0 ticks/call (           0 ticks,       0 calls, max         0, min      -1)
02:54:29.401048 /Drivers/IntNet-0/Reserved                         0 ticks/call (           0 ticks,       0 calls, max         0, min      -1)
02:54:29.401051 /Drivers/IntNet-0/Send1                        51549 ticks/call (   201764231 ticks,    3914 calls, max    246931, min    4288)
02:54:29.401053 /Drivers/IntNet-0/Send2                        49438 ticks/call (   193353899 ticks,    3911 calls, max    244423, min    4760)
02:54:29.401055 /Drivers/IntNet-0/XmitProcessRing                  0 count
02:54:29.401056 /Drivers/IntNet-0/XmitWakeup-R0                    0 count
02:54:29.401057 /Drivers/IntNet-0/XmitWakeup-R3                    0 count
02:54:29.401059 /Drivers/IntNet-0/YieldNok                         0 count
02:54:29.401060 /Drivers/IntNet-0/YieldOk                          0 count
02:54:29.401064 /EM/CPU0/ExitHashing/Used                          0 times
02:54:29.401066 /EM/CPU0/ExitOpt/Exec                              0 ticks/call (           0 ticks,       0 calls, max         0, min      -1)
02:54:29.401067 /EM/CPU0/ExitOpt/ExecInstructions                  0 times
02:54:29.401068 /EM/CPU0/ExitOpt/ExecRetReasonForcedFlag           0 times
02:54:29.401070 /EM/CPU0/ExitOpt/ExecRetReasonHostInterrupt         0 times
02:54:29.401071 /EM/CPU0/ExitOpt/ExecRetReasonLongJump             0 times
02:54:29.401072 /EM/CPU0/ExitOpt/ExecRetReasonMaxDistance          0 times
02:54:29.401073 /EM/CPU0/ExitOpt/ExecRetReasonMaxInstructions         0 times
02:54:29.401074 /EM/CPU0/ExitOpt/ExecRetReasonNormal               0 times
02:54:29.401075 /EM/CPU0/ExitOpt/ExecRetReasonTimer                0 times
02:54:29.401076 /EM/CPU0/ExitOpt/ExecSavedExit                     0 times
02:54:29.401077 /EM/CPU0/ExitOpt/Probe                             0 ticks/call (           0 ticks,       0 calls, max         0, min      -1)
02:54:29.401079 /EM/CPU0/ExitOpt/ProbeInstructions                 0 times
02:54:29.401080 /EM/CPU0/ExitOpt/ProbedExecWithMax                 0 times
02:54:29.401081 /EM/CPU0/ExitOpt/ProbedNormal                      0 times
02:54:29.401082 /EM/CPU0/ExitOpt/ProbedToRing3                     0 times
02:54:29.401086 /EM/CPU1/ExitHashing/Used                          0 times
02:54:29.401088 /EM/CPU1/ExitOpt/Exec                              0 ticks/call (           0 ticks,       0 calls, max         0, min      -1)
02:54:29.401089 /EM/CPU1/ExitOpt/ExecInstructions                  0 times
02:54:29.401091 /EM/CPU1/ExitOpt/ExecRetReasonForcedFlag           0 times
02:54:29.401092 /EM/CPU1/ExitOpt/ExecRetReasonHostInterrupt         0 times
02:54:29.401093 /EM/CPU1/ExitOpt/ExecRetReasonLongJump             0 times
02:54:29.401094 /EM/CPU1/ExitOpt/ExecRetReasonMaxDistance          0 times
02:54:29.401095 /EM/CPU1/ExitOpt/ExecRetReasonMaxInstructions         0 times
02:54:29.401096 /EM/CPU1/ExitOpt/ExecRetReasonNormal               0 times
02:54:29.401097 /EM/CPU1/ExitOpt/ExecRetReasonTimer                0 times
02:54:29.401099 /EM/CPU1/ExitOpt/ExecSavedExit                     0 times
02:54:29.401100 /EM/CPU1/ExitOpt/Probe                             0 ticks/call (           0 ticks,       0 calls, max         0, min      -1)
02:54:29.401101 /EM/CPU1/ExitOpt/ProbeInstructions                 0 times
02:54:29.401102 /EM/CPU1/ExitOpt/ProbedExecWithMax                 0 times
02:54:29.401104 /EM/CPU1/ExitOpt/ProbedNormal                      0 times
02:54:29.401105 /EM/CPU1/ExitOpt/ProbedToRing3                     0 times
02:54:29.401107 /GIM/Hypercalls                                    2 times
02:54:29.401108 /GMM/ChunkTlbHits                                  0 times
02:54:29.401110 /GMM/ChunkTlbMisses                                0 times
02:54:29.401119 /GMM/VM/Allocated/cBasePages                  161319 pages
02:54:29.401121 /GMM/VM/Allocated/cFixedPages                      0 pages
02:54:29.401122 /GMM/VM/Allocated/cShadowPages                     0 pages
02:54:29.401124 /GMM/VM/Reserved/cBasePages                   524391 pages
02:54:29.401125 /GMM/VM/Reserved/cFixedPages                    5636 pages
02:54:29.401126 /GMM/VM/Reserved/cShadowPages                      1 pages
02:54:29.401128 /GMM/VM/cBalloonedPages                            0 pages
02:54:29.401131 /GMM/VM/cMaxBalloonedPages                         0 pages
02:54:29.401132 /GMM/VM/cPrivatePages                         161319 pages
02:54:29.401133 /GMM/VM/cReqActuallyBalloonedPages                 0 pages
02:54:29.401135 /GMM/VM/cReqBalloonedPages                         0 pages
02:54:29.401136 /GMM/VM/cReqDeflatePages                           0 pages
02:54:29.401137 /GMM/VM/cShareableModules                          0 count
02:54:29.401138 /GMM/VM/cSharedPages                               0 pages
02:54:29.401140 /GMM/VM/enmPolicy                                  1 
02:54:29.401141 /GMM/VM/enmPriority                                2 
02:54:29.401143 /GMM/VM/fBallooningEnabled                 false    
02:54:29.401144 /GMM/VM/fMayAllocate                       true     
02:54:29.401145 /GMM/VM/fSharedPagingEnabled               false    
02:54:29.401146 /GMM/cAllocatedPages                          161319 pages
02:54:29.401148 /GMM/cBalloonedPages                               0 pages
02:54:29.401149 /GMM/cChunks                                     318 count
02:54:29.401151 /GMM/cDuplicatePages                               0 pages
02:54:29.401152 /GMM/cFreedChunks                                337 count
02:54:29.401153 /GMM/cLeftBehindSharedPages                        0 pages
02:54:29.401155 /GMM/cMaxPages                             4294967295 pages
02:54:29.401156 /GMM/cOverCommittedPages                           0 pages
02:54:29.401157 /GMM/cReservedPages                           530028 pages
02:54:29.401159 /GMM/cShareableModules                             0 count
02:54:29.401160 /GMM/cSharedPages                                  0 pages
02:54:29.401161 /GMM/idFreeGeneration                            210 
02:54:29.401229 /GVMM/EMTs                                         2 count
02:54:29.401231 /GVMM/HostCPUs                                    24 count
02:54:29.401233 /GVMM/HostCpus/0                                   0 
02:54:29.401234 /GVMM/HostCpus/0/CurTimerHz                        0 Hz
02:54:29.401236 /GVMM/HostCpus/0/DesiredHz                         0 Hz
02:54:29.401237 /GVMM/HostCpus/0/PPTChanges                        0 times
02:54:29.401238 /GVMM/HostCpus/0/PPTStarts                         0 times
02:54:29.401240 /GVMM/HostCpus/0/idxCpuSet                         0 
02:54:29.401241 /GVMM/HostCpus/1                                   1 
02:54:29.401242 /GVMM/HostCpus/1/CurTimerHz                        0 Hz
02:54:29.401243 /GVMM/HostCpus/1/DesiredHz                         0 Hz
02:54:29.401245 /GVMM/HostCpus/1/PPTChanges                        0 times
02:54:29.401246 /GVMM/HostCpus/1/PPTStarts                         0 times
02:54:29.401247 /GVMM/HostCpus/1/idxCpuSet                         1 
02:54:29.401249 /GVMM/HostCpus/10                                 10 
02:54:29.401250 /GVMM/HostCpus/10/CurTimerHz                       0 Hz
02:54:29.401251 /GVMM/HostCpus/10/DesiredHz                        0 Hz
02:54:29.401252 /GVMM/HostCpus/10/PPTChanges                       0 times
02:54:29.401254 /GVMM/HostCpus/10/PPTStarts                        0 times
02:54:29.401255 /GVMM/HostCpus/10/idxCpuSet                       10 
02:54:29.401256 /GVMM/HostCpus/11                                 11 
02:54:29.401257 /GVMM/HostCpus/11/CurTimerHz                       0 Hz
02:54:29.401259 /GVMM/HostCpus/11/DesiredHz                        0 Hz
02:54:29.401260 /GVMM/HostCpus/11/PPTChanges                       0 times
02:54:29.401261 /GVMM/HostCpus/11/PPTStarts                        0 times
02:54:29.401262 /GVMM/HostCpus/11/idxCpuSet                       11 
02:54:29.401264 /GVMM/HostCpus/12                                 12 
02:54:29.401265 /GVMM/HostCpus/12/CurTimerHz                       0 Hz
02:54:29.401266 /GVMM/HostCpus/12/DesiredHz                        0 Hz
02:54:29.401267 /GVMM/HostCpus/12/PPTChanges                       0 times
02:54:29.401269 /GVMM/HostCpus/12/PPTStarts                        0 times
02:54:29.401270 /GVMM/HostCpus/12/idxCpuSet                       12 
02:54:29.401273 /GVMM/HostCpus/13                                 13 
02:54:29.401275 /GVMM/HostCpus/13/CurTimerHz                       0 Hz
02:54:29.401276 /GVMM/HostCpus/13/DesiredHz                        0 Hz
02:54:29.401277 /GVMM/HostCpus/13/PPTChanges                       0 times
02:54:29.401279 /GVMM/HostCpus/13/PPTStarts                        0 times
02:54:29.401280 /GVMM/HostCpus/13/idxCpuSet                       13 
02:54:29.401281 /GVMM/HostCpus/14                                 14 
02:54:29.401282 /GVMM/HostCpus/14/CurTimerHz                       0 Hz
02:54:29.401284 /GVMM/HostCpus/14/DesiredHz                        0 Hz
02:54:29.401285 /GVMM/HostCpus/14/PPTChanges                       0 times
02:54:29.401286 /GVMM/HostCpus/14/PPTStarts                        0 times
02:54:29.401287 /GVMM/HostCpus/14/idxCpuSet                       14 
02:54:29.401289 /GVMM/HostCpus/15                                 15 
02:54:29.401290 /GVMM/HostCpus/15/CurTimerHz                       0 Hz
02:54:29.401291 /GVMM/HostCpus/15/DesiredHz                        0 Hz
02:54:29.401292 /GVMM/HostCpus/15/PPTChanges                       0 times
02:54:29.401294 /GVMM/HostCpus/15/PPTStarts                        0 times
02:54:29.401295 /GVMM/HostCpus/15/idxCpuSet                       15 
02:54:29.401296 /GVMM/HostCpus/16                                 16 
02:54:29.401297 /GVMM/HostCpus/16/CurTimerHz                       0 Hz
02:54:29.401299 /GVMM/HostCpus/16/DesiredHz                        0 Hz
02:54:29.401300 /GVMM/HostCpus/16/PPTChanges                       0 times
02:54:29.401301 /GVMM/HostCpus/16/PPTStarts                        0 times
02:54:29.401302 /GVMM/HostCpus/16/idxCpuSet                       16 
02:54:29.401304 /GVMM/HostCpus/17                                 17 
02:54:29.401305 /GVMM/HostCpus/17/CurTimerHz                       0 Hz
02:54:29.401306 /GVMM/HostCpus/17/DesiredHz                        0 Hz
02:54:29.401307 /GVMM/HostCpus/17/PPTChanges                       0 times
02:54:29.401309 /GVMM/HostCpus/17/PPTStarts                        0 times
02:54:29.401310 /GVMM/HostCpus/17/idxCpuSet                       17 
02:54:29.401311 /GVMM/HostCpus/18                                 18 
02:54:29.401312 /GVMM/HostCpus/18/CurTimerHz                       0 Hz
02:54:29.401314 /GVMM/HostCpus/18/DesiredHz                        0 Hz
02:54:29.401315 /GVMM/HostCpus/18/PPTChanges                       0 times
02:54:29.401316 /GVMM/HostCpus/18/PPTStarts                        0 times
02:54:29.401317 /GVMM/HostCpus/18/idxCpuSet                       18 
02:54:29.401319 /GVMM/HostCpus/19                                 19 
02:54:29.401320 /GVMM/HostCpus/19/CurTimerHz                       0 Hz
02:54:29.401321 /GVMM/HostCpus/19/DesiredHz                        0 Hz
02:54:29.401322 /GVMM/HostCpus/19/PPTChanges                       0 times
02:54:29.401324 /GVMM/HostCpus/19/PPTStarts                        0 times
02:54:29.401325 /GVMM/HostCpus/19/idxCpuSet                       19 
02:54:29.401326 /GVMM/HostCpus/2                                   2 
02:54:29.401328 /GVMM/HostCpus/2/CurTimerHz                        0 Hz
02:54:29.401329 /GVMM/HostCpus/2/DesiredHz                         0 Hz
02:54:29.401330 /GVMM/HostCpus/2/PPTChanges                        0 times
02:54:29.401331 /GVMM/HostCpus/2/PPTStarts                         0 times
02:54:29.401333 /GVMM/HostCpus/2/idxCpuSet                         2 
02:54:29.401334 /GVMM/HostCpus/20                                 20 
02:54:29.401335 /GVMM/HostCpus/20/CurTimerHz                       0 Hz
02:54:29.401336 /GVMM/HostCpus/20/DesiredHz                        0 Hz
02:54:29.401338 /GVMM/HostCpus/20/PPTChanges                       0 times
02:54:29.401339 /GVMM/HostCpus/20/PPTStarts                        0 times
02:54:29.401340 /GVMM/HostCpus/20/idxCpuSet                       20 
02:54:29.401341 /GVMM/HostCpus/21                                 21 
02:54:29.401343 /GVMM/HostCpus/21/CurTimerHz                       0 Hz
02:54:29.401344 /GVMM/HostCpus/21/DesiredHz                        0 Hz
02:54:29.401347 /GVMM/HostCpus/21/PPTChanges                       0 times
02:54:29.401348 /GVMM/HostCpus/21/PPTStarts                        0 times
02:54:29.401349 /GVMM/HostCpus/21/idxCpuSet                       21 
02:54:29.401351 /GVMM/HostCpus/22                                 22 
02:54:29.401352 /GVMM/HostCpus/22/CurTimerHz                       0 Hz
02:54:29.401353 /GVMM/HostCpus/22/DesiredHz                        0 Hz
02:54:29.401354 /GVMM/HostCpus/22/PPTChanges                       0 times
02:54:29.401356 /GVMM/HostCpus/22/PPTStarts                        0 times
02:54:29.401357 /GVMM/HostCpus/22/idxCpuSet                       22 
02:54:29.401358 /GVMM/HostCpus/23                                 23 
02:54:29.401359 /GVMM/HostCpus/23/CurTimerHz                       0 Hz
02:54:29.401361 /GVMM/HostCpus/23/DesiredHz                        0 Hz
02:54:29.401362 /GVMM/HostCpus/23/PPTChanges                       0 times
02:54:29.401363 /GVMM/HostCpus/23/PPTStarts                        0 times
02:54:29.401364 /GVMM/HostCpus/23/idxCpuSet                       23 
02:54:29.401366 /GVMM/HostCpus/3                                   3 
02:54:29.401367 /GVMM/HostCpus/3/CurTimerHz                        0 Hz
02:54:29.401368 /GVMM/HostCpus/3/DesiredHz                         0 Hz
02:54:29.401369 /GVMM/HostCpus/3/PPTChanges                        0 times
02:54:29.401371 /GVMM/HostCpus/3/PPTStarts                         0 times
02:54:29.401372 /GVMM/HostCpus/3/idxCpuSet                         3 
02:54:29.401373 /GVMM/HostCpus/4                                   4 
02:54:29.401374 /GVMM/HostCpus/4/CurTimerHz                        0 Hz
02:54:29.401376 /GVMM/HostCpus/4/DesiredHz                         0 Hz
02:54:29.401377 /GVMM/HostCpus/4/PPTChanges                        0 times
02:54:29.401378 /GVMM/HostCpus/4/PPTStarts                         0 times
02:54:29.401379 /GVMM/HostCpus/4/idxCpuSet                         4 
02:54:29.401381 /GVMM/HostCpus/5                                   5 
02:54:29.401382 /GVMM/HostCpus/5/CurTimerHz                        0 Hz
02:54:29.401383 /GVMM/HostCpus/5/DesiredHz                         0 Hz
02:54:29.401385 /GVMM/HostCpus/5/PPTChanges                        0 times
02:54:29.401386 /GVMM/HostCpus/5/PPTStarts                         0 times
02:54:29.401387 /GVMM/HostCpus/5/idxCpuSet                         5 
02:54:29.401388 /GVMM/HostCpus/6                                   6 
02:54:29.401390 /GVMM/HostCpus/6/CurTimerHz                        0 Hz
02:54:29.401391 /GVMM/HostCpus/6/DesiredHz                         0 Hz
02:54:29.401392 /GVMM/HostCpus/6/PPTChanges                        0 times
02:54:29.401393 /GVMM/HostCpus/6/PPTStarts                         0 times
02:54:29.401395 /GVMM/HostCpus/6/idxCpuSet                         6 
02:54:29.401396 /GVMM/HostCpus/7                                   7 
02:54:29.401397 /GVMM/HostCpus/7/CurTimerHz                        0 Hz
02:54:29.401398 /GVMM/HostCpus/7/DesiredHz                         0 Hz
02:54:29.401400 /GVMM/HostCpus/7/PPTChanges                        0 times
02:54:29.401401 /GVMM/HostCpus/7/PPTStarts                         0 times
02:54:29.401402 /GVMM/HostCpus/7/idxCpuSet                         7 
02:54:29.401403 /GVMM/HostCpus/8                                   8 
02:54:29.401405 /GVMM/HostCpus/8/CurTimerHz                        0 Hz
02:54:29.401406 /GVMM/HostCpus/8/DesiredHz                         0 Hz
02:54:29.401407 /GVMM/HostCpus/8/PPTChanges                        0 times
02:54:29.401408 /GVMM/HostCpus/8/PPTStarts                         0 times
02:54:29.401410 /GVMM/HostCpus/8/idxCpuSet                         8 
02:54:29.401411 /GVMM/HostCpus/9                                   9 
02:54:29.401412 /GVMM/HostCpus/9/CurTimerHz                        0 Hz
02:54:29.401413 /GVMM/HostCpus/9/DesiredHz                         0 Hz
02:54:29.401415 /GVMM/HostCpus/9/PPTChanges                        0 times
02:54:29.401416 /GVMM/HostCpus/9/PPTStarts                         0 times
02:54:29.401419 /GVMM/HostCpus/9/idxCpuSet                         9 
02:54:29.401420 /GVMM/Sum/HaltBlocking                       1161893 calls
02:54:29.401422 /GVMM/Sum/HaltCalls                          1162183 calls
02:54:29.401423 /GVMM/Sum/HaltNotBlocking                        352 calls
02:54:29.401424 /GVMM/Sum/HaltTimeouts                        802182 calls
02:54:29.401426 /GVMM/Sum/HaltWakeUps                              0 calls
02:54:29.401427 /GVMM/Sum/PokeCalls                            63986 calls
02:54:29.401429 /GVMM/Sum/PokeNotBusy                           2121 calls
02:54:29.401430 /GVMM/Sum/PollCalls                                0 calls
02:54:29.401431 /GVMM/Sum/PollHalts                                0 calls
02:54:29.401433 /GVMM/Sum/PollWakeUps                              0 calls
02:54:29.401434 /GVMM/Sum/WakeUpCalls                         359930 calls
02:54:29.401435 /GVMM/Sum/WakeUpNotHalted                       3041 calls
02:54:29.401436 /GVMM/Sum/WakeUpWakeUps                            0 calls
02:54:29.401438 /GVMM/VCpus/0/Start                                0 ticks/call (           0 ticks,       0 calls, max         0, min       0)
02:54:29.401440 /GVMM/VCpus/0/Stop                                 0 ticks/call (           0 ticks,       0 calls, max         0, min       0)
02:54:29.401441 /GVMM/VCpus/0/cWakeUpTimerCanceled                 0 times
02:54:29.401442 /GVMM/VCpus/0/cWakeUpTimerHits                     0 times
02:54:29.401444 /GVMM/VCpus/0/cWakeUpTimerMisses                   0 times
02:54:29.401445 /GVMM/VCpus/0/cWakeUpTimerSameCpu                  0 times
02:54:29.401446 /GVMM/VCpus/1/Start                                0 ticks/call (           0 ticks,       0 calls, max         0, min       0)
02:54:29.401448 /GVMM/VCpus/1/Stop                                 0 ticks/call (           0 ticks,       0 calls, max         0, min       0)
02:54:29.401449 /GVMM/VCpus/1/cWakeUpTimerCanceled                 0 times
02:54:29.401451 /GVMM/VCpus/1/cWakeUpTimerHits                     0 times
02:54:29.401452 /GVMM/VCpus/1/cWakeUpTimerMisses                   0 times
02:54:29.401453 /GVMM/VCpus/1/cWakeUpTimerSameCpu                  0 times
02:54:29.401454 /GVMM/VM/HaltBlocking                        1161893 calls
02:54:29.401456 /GVMM/VM/HaltCalls                           1162183 calls
02:54:29.401457 /GVMM/VM/HaltNotBlocking                         352 calls
02:54:29.401458 /GVMM/VM/HaltTimeouts                         802182 calls
02:54:29.401459 /GVMM/VM/HaltWakeUps                               0 calls
02:54:29.401461 /GVMM/VM/PokeCalls                             63986 calls
02:54:29.401462 /GVMM/VM/PokeNotBusy                            2121 calls
02:54:29.401464 /GVMM/VM/PollCalls                                 0 calls
02:54:29.401465 /GVMM/VM/PollHalts                                 0 calls
02:54:29.401466 /GVMM/VM/PollWakeUps                               0 calls
02:54:29.401467 /GVMM/VM/WakeUpCalls                          359930 calls
02:54:29.401469 /GVMM/VM/WakeUpNotHalted                        3041 calls
02:54:29.401470 /GVMM/VM/WakeUpWakeUps                             0 calls
02:54:29.401471 /GVMM/VMs                                          1 count
02:54:29.401473 /HGCM/FailedPageListLocking                        0 count
02:54:29.401474 /HGCM/LargeCmdAllocs                               0 count
02:54:29.401476 /HGCM/MsgArrival                                   0 ticks/call (           0 ticks,       0 calls, max         0, min      -1)
02:54:29.401477 /HGCM/MsgCompletion                                0 ticks/call (           0 ticks,       0 calls, max         0, min      -1)
02:54:29.401479 /HGCM/MsgTotal                                     0 ticks/call (           0 ticks,       0 calls, max         0, min      -1)
02:54:29.401481 /HM/CPU0/Exit/HostNmiInGC                          4 times
02:54:29.401482 /HM/CPU0/Exit/HostNmiInGCIpi                       0 times
02:54:29.401483 /HM/CPU0/Exit/PreemptTimer                     62152 times
02:54:29.401494 /HM/CPU0/Exit/Trap/Gst/#AC                         0 times
02:54:29.401495 /HM/CPU0/Exit/Trap/Gst/#AC-split-lock              0 times
02:54:29.401497 /HM/CPU0/ImportGuestStateFallback                 95 times
02:54:29.401498 /HM/CPU0/PreemptTimer                          62152 times
02:54:29.401499 /HM/CPU0/PreemptTimer/RecalcingDeadline       305344 times
02:54:29.401501 /HM/CPU0/PreemptTimer/RecalcingDeadlineExpired     10841 times
02:54:29.401502 /HM/CPU0/PreemptTimer/ReusingDeadline        1042925 times
02:54:29.401503 /HM/CPU0/PreemptTimer/ReusingDeadlineExpired     70518 times
02:54:29.401504 /HM/CPU0/ReadToTransientFallback                   0 times
02:54:29.401506 /HM/CPU0/Switch/Preempting                      2507 times
02:54:29.401507 /HM/CPU1/Exit/HostNmiInGC                          4 times
02:54:29.401508 /HM/CPU1/Exit/HostNmiInGCIpi                       0 times
02:54:29.401510 /HM/CPU1/Exit/PreemptTimer                     13545 times
02:54:29.401511 /HM/CPU1/Exit/Trap/Gst/#AC                         0 times
02:54:29.401512 /HM/CPU1/Exit/Trap/Gst/#AC-split-lock              0 times
02:54:29.401513 /HM/CPU1/ImportGuestStateFallback                 99 times
02:54:29.401515 /HM/CPU1/PreemptTimer                          13545 times
02:54:29.401516 /HM/CPU1/PreemptTimer/RecalcingDeadline       332581 times
02:54:29.401517 /HM/CPU1/PreemptTimer/RecalcingDeadlineExpired      4433 times
02:54:29.401519 /HM/CPU1/PreemptTimer/ReusingDeadline         482430 times
02:54:29.401520 /HM/CPU1/PreemptTimer/ReusingDeadlineExpired      8180 times
02:54:29.401521 /HM/CPU1/ReadToTransientFallback                   0 times
02:54:29.401522 /HM/CPU1/Switch/Preempting                      2611 times
02:54:29.401529 /IEM/CPU0/Tlb/Code/InvlPg                          0 
02:54:29.401530 /IEM/CPU0/Tlb/Code/InvlPg/LargeGlobal              0 
02:54:29.401531 /IEM/CPU0/Tlb/Code/InvlPg/LargeNonGlobal           0 
02:54:29.401532 /IEM/CPU0/Tlb/Code/LargePageGlobalCurLoads         0 count
02:54:29.401534 /IEM/CPU0/Tlb/Code/LargePageGlobalFirstTag ffffffffffffffff count
02:54:29.401535 /IEM/CPU0/Tlb/Code/LargePageGlobalLastTag          0 count
02:54:29.401536 /IEM/CPU0/Tlb/Code/LargePageNonGlobalCurLoads         0 count
02:54:29.401537 /IEM/CPU0/Tlb/Code/LargePageNonGlobalFirstTag ffffffffffffffff count
02:54:29.401539 /IEM/CPU0/Tlb/Code/LargePageNonGlobalLastTag         0 count
02:54:29.401540 /IEM/CPU0/Tlb/Code/Misses                          0 count
02:54:29.401541 /IEM/CPU0/Tlb/Code/Misses/GlobalLoads              0 count
02:54:29.401542 /IEM/CPU0/Tlb/Code/PhysicalRevision        fffffffffffce000 
02:54:29.401544 /IEM/CPU0/Tlb/Code/PhysicalRevisionFlushes         0 
02:54:29.401545 /IEM/CPU0/Tlb/Code/PhysicalRevisionRollovers         0 
02:54:29.401546 /IEM/CPU0/Tlb/Code/RevisionGlobal          fffff38000000000 
02:54:29.401547 /IEM/CPU0/Tlb/Code/RevisionGlobalFlushes           0 
02:54:29.401548 /IEM/CPU0/Tlb/Code/RevisionNonGlobal       fffff38000000000 
02:54:29.401550 /IEM/CPU0/Tlb/Code/RevisionNonGlobalFlushes         0 
02:54:29.401551 /IEM/CPU0/Tlb/Code/RevisionRollovers               0 
02:54:29.401552 /IEM/CPU0/Tlb/Code/SlowReads                       0 count
02:54:29.401554 /IEM/CPU0/Tlb/Data/InvlPg                          0 
02:54:29.401555 /IEM/CPU0/Tlb/Data/InvlPg/LargeGlobal              0 
02:54:29.401556 /IEM/CPU0/Tlb/Data/InvlPg/LargeNonGlobal           0 
02:54:29.401557 /IEM/CPU0/Tlb/Data/LargePageGlobalCurLoads         0 count
02:54:29.401558 /IEM/CPU0/Tlb/Data/LargePageGlobalFirstTag ffffffffffffffff count
02:54:29.401560 /IEM/CPU0/Tlb/Data/LargePageGlobalLastTag          0 count
02:54:29.401561 /IEM/CPU0/Tlb/Data/LargePageNonGlobalCurLoads         0 count
02:54:29.401562 /IEM/CPU0/Tlb/Data/LargePageNonGlobalFirstTag ffffffffffffffff count
02:54:29.401563 /IEM/CPU0/Tlb/Data/LargePageNonGlobalLastTag         0 count
02:54:29.401565 /IEM/CPU0/Tlb/Data/Misses                          0 count
02:54:29.401566 /IEM/CPU0/Tlb/Data/Misses/Core                     0 count
02:54:29.401567 /IEM/CPU0/Tlb/Data/Misses/Core/GlobalLoads         0 count
02:54:29.401570 /IEM/CPU0/Tlb/Data/Misses/Safe                     0 count
02:54:29.401572 /IEM/CPU0/Tlb/Data/Misses/Safe/Reads               0 count
02:54:29.401573 /IEM/CPU0/Tlb/Data/Misses/Safe/SubPartHits         0 count
02:54:29.401574 /IEM/CPU0/Tlb/Data/Misses/Safe/SubPartMisses         0 count
02:54:29.401575 /IEM/CPU0/Tlb/Data/Misses/Safe/SubPartMisses/GlobalLoads         0 count
02:54:29.401576 /IEM/CPU0/Tlb/Data/Misses/Safe/Writes              0 count
02:54:29.401577 /IEM/CPU0/Tlb/Data/PhysicalRevision        fffffffffffce000 
02:54:29.401579 /IEM/CPU0/Tlb/Data/PhysicalRevisionFlushes         0 
02:54:29.401580 /IEM/CPU0/Tlb/Data/PhysicalRevisionRollovers         0 
02:54:29.401581 /IEM/CPU0/Tlb/Data/RevisionGlobal          fffff38000000000 
02:54:29.401582 /IEM/CPU0/Tlb/Data/RevisionGlobalFlushes           0 
02:54:29.401583 /IEM/CPU0/Tlb/Data/RevisionNonGlobal       fffff38000000000 
02:54:29.401585 /IEM/CPU0/Tlb/Data/RevisionNonGlobalFlushes         0 
02:54:29.401586 /IEM/CPU0/Tlb/Data/RevisionRollovers               0 
02:54:29.401587 /IEM/CPU0/cInstructions                      2263140 count
02:54:29.401589 /IEM/CPU0/cLongJumps                            6283 bytes
02:54:29.401590 /IEM/CPU0/cMisalignedAtomics                       0 count
02:54:29.401591 /IEM/CPU0/cPendingCommit                           0 count
02:54:29.401593 /IEM/CPU0/cPotentialExits                       6478 count
02:54:29.401594 /IEM/CPU0/cRetAspectNotImplemented                 0 count
02:54:29.401595 /IEM/CPU0/cRetErrStatuses                          0 count
02:54:29.401596 /IEM/CPU0/cRetInfStatuses                       6294 count
02:54:29.401598 /IEM/CPU0/cRetInstrNotImplemented                  0 count
02:54:29.401599 /IEM/CPU1/Exceptions/0d                            2 times
02:54:29.401605 /IEM/CPU1/Tlb/Code/InvlPg                          0 
02:54:29.401607 /IEM/CPU1/Tlb/Code/InvlPg/LargeGlobal              0 
02:54:29.401608 /IEM/CPU1/Tlb/Code/InvlPg/LargeNonGlobal           0 
02:54:29.401609 /IEM/CPU1/Tlb/Code/LargePageGlobalCurLoads         0 count
02:54:29.401610 /IEM/CPU1/Tlb/Code/LargePageGlobalFirstTag ffffffffffffffff count
02:54:29.401612 /IEM/CPU1/Tlb/Code/LargePageGlobalLastTag          0 count
02:54:29.401613 /IEM/CPU1/Tlb/Code/LargePageNonGlobalCurLoads         0 count
02:54:29.401614 /IEM/CPU1/Tlb/Code/LargePageNonGlobalFirstTag ffffffffffffffff count
02:54:29.401615 /IEM/CPU1/Tlb/Code/LargePageNonGlobalLastTag         0 count
02:54:29.401616 /IEM/CPU1/Tlb/Code/Misses                          0 count
02:54:29.401617 /IEM/CPU1/Tlb/Code/Misses/GlobalLoads              0 count
02:54:29.401619 /IEM/CPU1/Tlb/Code/PhysicalRevision        fffffffffffce000 
02:54:29.401620 /IEM/CPU1/Tlb/Code/PhysicalRevisionFlushes         0 
02:54:29.401621 /IEM/CPU1/Tlb/Code/PhysicalRevisionRollovers         0 
02:54:29.401622 /IEM/CPU1/Tlb/Code/RevisionGlobal          fffff38000000000 
02:54:29.401624 /IEM/CPU1/Tlb/Code/RevisionGlobalFlushes           0 
02:54:29.401625 /IEM/CPU1/Tlb/Code/RevisionNonGlobal       fffff38000000000 
02:54:29.401626 /IEM/CPU1/Tlb/Code/RevisionNonGlobalFlushes         0 
02:54:29.401627 /IEM/CPU1/Tlb/Code/RevisionRollovers               0 
02:54:29.401628 /IEM/CPU1/Tlb/Code/SlowReads                       0 count
02:54:29.401630 /IEM/CPU1/Tlb/Data/InvlPg                          0 
02:54:29.401631 /IEM/CPU1/Tlb/Data/InvlPg/LargeGlobal              0 
02:54:29.401632 /IEM/CPU1/Tlb/Data/InvlPg/LargeNonGlobal           0 
02:54:29.401633 /IEM/CPU1/Tlb/Data/LargePageGlobalCurLoads         0 count
02:54:29.401634 /IEM/CPU1/Tlb/Data/LargePageGlobalFirstTag ffffffffffffffff count
02:54:29.401636 /IEM/CPU1/Tlb/Data/LargePageGlobalLastTag          0 count
02:54:29.401637 /IEM/CPU1/Tlb/Data/LargePageNonGlobalCurLoads         0 count
02:54:29.401638 /IEM/CPU1/Tlb/Data/LargePageNonGlobalFirstTag ffffffffffffffff count
02:54:29.401639 /IEM/CPU1/Tlb/Data/LargePageNonGlobalLastTag         0 count
02:54:29.401640 /IEM/CPU1/Tlb/Data/Misses                          0 count
02:54:29.401642 /IEM/CPU1/Tlb/Data/Misses/Core                     0 count
02:54:29.401644 /IEM/CPU1/Tlb/Data/Misses/Core/GlobalLoads         0 count
02:54:29.401646 /IEM/CPU1/Tlb/Data/Misses/Safe                     0 count
02:54:29.401647 /IEM/CPU1/Tlb/Data/Misses/Safe/Reads               0 count
02:54:29.401648 /IEM/CPU1/Tlb/Data/Misses/Safe/SubPartHits         0 count
02:54:29.401649 /IEM/CPU1/Tlb/Data/Misses/Safe/SubPartMisses         0 count
02:54:29.401650 /IEM/CPU1/Tlb/Data/Misses/Safe/SubPartMisses/GlobalLoads         0 count
02:54:29.401651 /IEM/CPU1/Tlb/Data/Misses/Safe/Writes              0 count
02:54:29.401653 /IEM/CPU1/Tlb/Data/PhysicalRevision        fffffffffffce000 
02:54:29.401654 /IEM/CPU1/Tlb/Data/PhysicalRevisionFlushes         0 
02:54:29.401655 /IEM/CPU1/Tlb/Data/PhysicalRevisionRollovers         0 
02:54:29.401656 /IEM/CPU1/Tlb/Data/RevisionGlobal          fffff38000000000 
02:54:29.401657 /IEM/CPU1/Tlb/Data/RevisionGlobalFlushes           0 
02:54:29.401658 /IEM/CPU1/Tlb/Data/RevisionNonGlobal       fffff38000000000 
02:54:29.401660 /IEM/CPU1/Tlb/Data/RevisionNonGlobalFlushes         0 
02:54:29.401661 /IEM/CPU1/Tlb/Data/RevisionRollovers               0 
02:54:29.401662 /IEM/CPU1/cInstructions                      3079001 count
02:54:29.401664 /IEM/CPU1/cLongJumps                             207 bytes
02:54:29.401665 /IEM/CPU1/cMisalignedAtomics                       0 count
02:54:29.401666 /IEM/CPU1/cPendingCommit                           0 count
02:54:29.401667 /IEM/CPU1/cPotentialExits                        210 count
02:54:29.401669 /IEM/CPU1/cRetAspectNotImplemented                 0 count
02:54:29.401670 /IEM/CPU1/cRetErrStatuses                          0 count
02:54:29.401671 /IEM/CPU1/cRetInfStatuses                        212 count
02:54:29.401672 /IEM/CPU1/cRetInstrNotImplemented                  0 count
02:54:29.401674 /IOM/MmioMappingsStale                             0 ticks/call
02:54:29.401675 /IOM/MmioTooDeepRecursion                          0 times
02:54:29.401677 /PDM/BlkCache/cbCached                             0 bytes
02:54:29.401678 /PDM/BlkCache/cbCachedFru                          0 bytes
02:54:29.401679 /PDM/BlkCache/cbCachedMruIn                        0 bytes
02:54:29.401681 /PDM/BlkCache/cbCachedMruOut                       0 bytes
02:54:29.401682 /PDM/BlkCache/cbMax                          5242880 bytes
02:54:29.401683 /PDM/CritSects/00-AbortedEnters                    0 times
02:54:29.401685 /PDM/CritSects/00-EntersWhileAborting              0 times
02:54:29.401686 /PDM/CritSects/00-Non-interruptible-Waits-VINF_SUCCESS         0 times
02:54:29.401687 /PDM/CritSects/00-QueuedLeaves                     0 times
02:54:29.401688 /PDM/CritSects/00-VERR_INTERRUPTED                 0 times
02:54:29.401690 /PDM/CritSects/00-VERR_TIMEOUT                     0 times
02:54:29.401691 /PDM/CritSects/8237A#0Auto/ContentionR3            0 times
02:54:29.401692 /PDM/CritSects/8237A#0Auto/ContentionR3Wait         0 ticks/time (           0 ticks,       0 times, max         0, min      -1)
02:54:29.401694 /PDM/CritSects/8237A#0Auto/ContentionRZLock         0 times
02:54:29.401695 /PDM/CritSects/8237A#0Auto/ContentionRZLockBusy         0 times
02:54:29.401696 /PDM/CritSects/8237A#0Auto/ContentionRZUnlock         0 times
02:54:29.401697 /PDM/CritSects/8237A#0Auto/ContentionRZWait         0 ticks/time (           0 ticks,       0 times, max         0, min      -1)
02:54:29.401698 /PDM/CritSects/AC'97/ContentionR3                  0 times
02:54:29.401700 /PDM/CritSects/AC'97/ContentionR3Wait              0 ticks/time (           0 ticks,       0 times, max         0, min      -1)
02:54:29.401701 /PDM/CritSects/AC'97/ContentionRZLock              0 times
02:54:29.401702 /PDM/CritSects/AC'97/ContentionRZLockBusy          0 times
02:54:29.401703 /PDM/CritSects/AC'97/ContentionRZUnlock            0 times
02:54:29.401704 /PDM/CritSects/AC'97/ContentionRZWait              0 ticks/time (           0 ticks,       0 times, max         0, min      -1)
02:54:29.401706 /PDM/CritSects/AHCI#0/ContentionR3                 0 times
02:54:29.401709 /PDM/CritSects/AHCI#0/ContentionR3Wait             0 ticks/time (           0 ticks,       0 times, max         0, min      -1)
02:54:29.401710 /PDM/CritSects/AHCI#0/ContentionRZLock             0 times
02:54:29.401711 /PDM/CritSects/AHCI#0/ContentionRZLockBusy         0 times
02:54:29.401713 /PDM/CritSects/AHCI#0/ContentionRZUnlock           0 times
02:54:29.401714 /PDM/CritSects/AHCI#0/ContentionRZWait             0 ticks/time (           0 ticks,       0 times, max         0, min      -1)
02:54:29.401715 /PDM/CritSects/ATA#0-Ctl/ContentionR3             37 times
02:54:29.401717 /PDM/CritSects/ATA#0-Ctl/ContentionR3Wait      40395 ticks/time (     1494632 ticks,      37 times, max     84441, min    3106)
02:54:29.401718 /PDM/CritSects/ATA#0-Ctl/ContentionRZLock          6 times
02:54:29.401720 /PDM/CritSects/ATA#0-Ctl/ContentionRZLockBusy         0 times
02:54:29.401721 /PDM/CritSects/ATA#0-Ctl/ContentionRZUnlock         0 times
02:54:29.401722 /PDM/CritSects/ATA#0-Ctl/ContentionRZWait     150410 ticks/time (      902464 ticks,       6 times, max    394815, min   34092)
02:54:29.401724 /PDM/CritSects/ATA#0-Req/ContentionR3              0 times
02:54:29.401725 /PDM/CritSects/ATA#0-Req/ContentionR3Wait          0 ticks/time (           0 ticks,       0 times, max         0, min      -1)
02:54:29.401726 /PDM/CritSects/ATA#0-Req/ContentionRZLock          0 times
02:54:29.401727 /PDM/CritSects/ATA#0-Req/ContentionRZLockBusy         0 times
02:54:29.401728 /PDM/CritSects/ATA#0-Req/ContentionRZUnlock         0 times
02:54:29.401730 /PDM/CritSects/ATA#0-Req/ContentionRZWait          0 ticks/time (           0 ticks,       0 times, max         0, min      -1)
02:54:29.401731 /PDM/CritSects/ATA#1-Ctl/ContentionR3              0 times
02:54:29.401732 /PDM/CritSects/ATA#1-Ctl/ContentionR3Wait          0 ticks/time (           0 ticks,       0 times, max         0, min      -1)
02:54:29.401734 /PDM/CritSects/ATA#1-Ctl/ContentionRZLock          0 times
02:54:29.401735 /PDM/CritSects/ATA#1-Ctl/ContentionRZLockBusy         0 times
02:54:29.401736 /PDM/CritSects/ATA#1-Ctl/ContentionRZUnlock         0 times
02:54:29.401737 /PDM/CritSects/ATA#1-Ctl/ContentionRZWait          0 ticks/time (           0 ticks,       0 times, max         0, min      -1)
02:54:29.401739 /PDM/CritSects/ATA#1-Req/ContentionR3              0 times
02:54:29.401740 /PDM/CritSects/ATA#1-Req/ContentionR3Wait          0 ticks/time (           0 ticks,       0 times, max         0, min      -1)
02:54:29.401741 /PDM/CritSects/ATA#1-Req/ContentionRZLock          0 times
02:54:29.401742 /PDM/CritSects/ATA#1-Req/ContentionRZLockBusy         0 times
02:54:29.401743 /PDM/CritSects/ATA#1-Req/ContentionRZUnlock         0 times
02:54:29.401744 /PDM/CritSects/ATA#1-Req/ContentionRZWait          0 ticks/time (           0 ticks,       0 times, max         0, min      -1)
02:54:29.401746 /PDM/CritSects/E1000#0/ContentionR3                0 times
02:54:29.401747 /PDM/CritSects/E1000#0/ContentionR3Wait            0 ticks/time (           0 ticks,       0 times, max         0, min      -1)
02:54:29.401749 /PDM/CritSects/E1000#0/ContentionRZLock            0 times
02:54:29.401750 /PDM/CritSects/E1000#0/ContentionRZLockBusy         0 times
02:54:29.401751 /PDM/CritSects/E1000#0/ContentionRZUnlock          0 times
02:54:29.401752 /PDM/CritSects/E1000#0/ContentionRZWait            0 ticks/time (           0 ticks,       0 times, max         0, min      -1)
02:54:29.401754 /PDM/CritSects/E1000#0RX/ContentionR3              0 times
02:54:29.401755 /PDM/CritSects/E1000#0RX/ContentionR3Wait          0 ticks/time (           0 ticks,       0 times, max         0, min      -1)
02:54:29.401757 /PDM/CritSects/E1000#0RX/ContentionRZLock          0 times
02:54:29.401758 /PDM/CritSects/E1000#0RX/ContentionRZLockBusy         0 times
02:54:29.401759 /PDM/CritSects/E1000#0RX/ContentionRZUnlock         0 times
02:54:29.401760 /PDM/CritSects/E1000#0RX/ContentionRZWait          0 ticks/time (           0 ticks,       0 times, max         0, min      -1)
02:54:29.401761 /PDM/CritSects/E1000#0TX/ContentionR3              0 times
02:54:29.401764 /PDM/CritSects/E1000#0TX/ContentionR3Wait          0 ticks/time (           0 ticks,       0 times, max         0, min      -1)
02:54:29.401766 /PDM/CritSects/E1000#0TX/ContentionRZLock          0 times
02:54:29.401767 /PDM/CritSects/E1000#0TX/ContentionRZLockBusy         0 times
02:54:29.401768 /PDM/CritSects/E1000#0TX/ContentionRZUnlock         0 times
02:54:29.401769 /PDM/CritSects/E1000#0TX/ContentionRZWait          0 ticks/time (           0 ticks,       0 times, max         0, min      -1)
02:54:29.401770 /PDM/CritSects/E1000#1/ContentionR3              932 times
02:54:29.401772 /PDM/CritSects/E1000#1/ContentionR3Wait        15677 ticks/time (    14611455 ticks,     932 times, max     78502, min    1061)
02:54:29.401773 /PDM/CritSects/E1000#1/ContentionRZLock           11 times
02:54:29.401775 /PDM/CritSects/E1000#1/ContentionRZLockBusy         0 times
02:54:29.401776 /PDM/CritSects/E1000#1/ContentionRZUnlock          0 times
02:54:29.401777 /PDM/CritSects/E1000#1/ContentionRZWait        11303 ticks/time (      124340 ticks,      11 times, max     28078, min     871)
02:54:29.401779 /PDM/CritSects/E1000#1RX/ContentionR3              0 times
02:54:29.401780 /PDM/CritSects/E1000#1RX/ContentionR3Wait          0 ticks/time (           0 ticks,       0 times, max         0, min      -1)
02:54:29.401781 /PDM/CritSects/E1000#1RX/ContentionRZLock          0 times
02:54:29.401782 /PDM/CritSects/E1000#1RX/ContentionRZLockBusy         0 times
02:54:29.401784 /PDM/CritSects/E1000#1RX/ContentionRZUnlock         0 times
02:54:29.401785 /PDM/CritSects/E1000#1RX/ContentionRZWait          0 ticks/time (           0 ticks,       0 times, max         0, min      -1)
02:54:29.401786 /PDM/CritSects/E1000#1TX/ContentionR3              0 times
02:54:29.401787 /PDM/CritSects/E1000#1TX/ContentionR3Wait          0 ticks/time (           0 ticks,       0 times, max         0, min      -1)
02:54:29.401789 /PDM/CritSects/E1000#1TX/ContentionRZLock          0 times
02:54:29.401790 /PDM/CritSects/E1000#1TX/ContentionRZLockBusy         0 times
02:54:29.401791 /PDM/CritSects/E1000#1TX/ContentionRZUnlock         0 times
02:54:29.401792 /PDM/CritSects/E1000#1TX/ContentionRZWait          0 ticks/time (           0 ticks,       0 times, max         0, min      -1)
02:54:29.401794 /PDM/CritSects/GIMDev#0Auto/ContentionR3           0 times
02:54:29.401795 /PDM/CritSects/GIMDev#0Auto/ContentionR3Wait         0 ticks/time (           0 ticks,       0 times, max         0, min      -1)
02:54:29.401796 /PDM/CritSects/GIMDev#0Auto/ContentionRZLock         0 times
02:54:29.401797 /PDM/CritSects/GIMDev#0Auto/ContentionRZLockBusy         0 times
02:54:29.401799 /PDM/CritSects/GIMDev#0Auto/ContentionRZUnlock         0 times
02:54:29.401800 /PDM/CritSects/GIMDev#0Auto/ContentionRZWait         0 ticks/time (           0 ticks,       0 times, max         0, min      -1)
02:54:29.401801 /PDM/CritSects/IntNetXmit_0/ContentionR3           0 times
02:54:29.401803 /PDM/CritSects/IntNetXmit_0/ContentionR3Wait         0 ticks/time (           0 ticks,       0 times, max         0, min      -1)
02:54:29.401804 /PDM/CritSects/IntNetXmit_0/ContentionRZLock         0 times
02:54:29.401805 /PDM/CritSects/IntNetXmit_0/ContentionRZLockBusy         0 times
02:54:29.401806 /PDM/CritSects/IntNetXmit_0/ContentionRZUnlock         0 times
02:54:29.401808 /PDM/CritSects/IntNetXmit_0/ContentionRZWait         0 ticks/time (           0 ticks,       0 times, max         0, min      -1)
02:54:29.401809 /PDM/CritSects/NOP/ContentionR3                    0 times
02:54:29.401810 /PDM/CritSects/NOP/ContentionR3Wait                0 ticks/time (           0 ticks,       0 times, max         0, min      -1)
02:54:29.401812 /PDM/CritSects/NOP/ContentionRZLock                0 times
02:54:29.401813 /PDM/CritSects/NOP/ContentionRZLockBusy            0 times
02:54:29.401814 /PDM/CritSects/NOP/ContentionRZUnlock              0 times
02:54:29.401816 /PDM/CritSects/NOP/ContentionRZWait                0 ticks/time (           0 ticks,       0 times, max         0, min      -1)
02:54:29.401819 /PDM/CritSects/PDM/ContentionR3                    0 times
02:54:29.401820 /PDM/CritSects/PDM/ContentionR3Wait                0 ticks/time (           0 ticks,       0 times, max         0, min      -1)
02:54:29.401822 /PDM/CritSects/PDM/ContentionRZLock                1 times
02:54:29.401823 /PDM/CritSects/PDM/ContentionRZLockBusy            0 times
02:54:29.401824 /PDM/CritSects/PDM/ContentionRZUnlock              0 times
02:54:29.401825 /PDM/CritSects/PDM/ContentionRZWait            39710 ticks/time (       39710 ticks,       1 times, max     39710, min   39710)
02:54:29.401827 /PDM/CritSects/PGM/ContentionR3                  305 times
02:54:29.401828 /PDM/CritSects/PGM/ContentionR3Wait           120804 ticks/time (    36845367 ticks,     305 times, max   1290705, min    1071)
02:54:29.401830 /PDM/CritSects/PGM/ContentionRZLock              149 times
02:54:29.401831 /PDM/CritSects/PGM/ContentionRZLockBusy            0 times
02:54:29.401832 /PDM/CritSects/PGM/ContentionRZUnlock              0 times
02:54:29.401833 /PDM/CritSects/PGM/ContentionRZWait           402150 ticks/time (    59920375 ticks,     149 times, max   1459203, min     638)
02:54:29.401835 /PDM/CritSects/TM VirtualSync Lock/ContentionR3       407 times
02:54:29.401836 /PDM/CritSects/TM VirtualSync Lock/ContentionR3Wait     36109 ticks/time (    14696437 ticks,     407 times, max    350573, min    1349)
02:54:29.401838 /PDM/CritSects/TM VirtualSync Lock/ContentionRZLock        43 times
02:54:29.401839 /PDM/CritSects/TM VirtualSync Lock/ContentionRZLockBusy      9345 times
02:54:29.401840 /PDM/CritSects/TM VirtualSync Lock/ContentionRZUnlock         0 times
02:54:29.401842 /PDM/CritSects/TM VirtualSync Lock/ContentionRZWait    211107 ticks/time (     9077628 ticks,      43 times, max   4196984, min    1518)
02:54:29.401843 /PDM/CritSects/TM real queue timer lock/ContentionR3         0 times
02:54:29.401845 /PDM/CritSects/TM real queue timer lock/ContentionR3Wait         0 ticks/time (           0 ticks,       0 times, max         0, min      -1)
02:54:29.401846 /PDM/CritSects/TM real queue timer lock/ContentionRZLock         0 times
02:54:29.401847 /PDM/CritSects/TM real queue timer lock/ContentionRZLockBusy         0 times
02:54:29.401848 /PDM/CritSects/TM real queue timer lock/ContentionRZUnlock         0 times
02:54:29.401849 /PDM/CritSects/TM real queue timer lock/ContentionRZWait         0 ticks/time (           0 ticks,       0 times, max         0, min      -1)
02:54:29.401851 /PDM/CritSects/TM tsc queue timer lock/ContentionR3         0 times
02:54:29.401870 /PDM/CritSects/TM tsc queue timer lock/ContentionR3Wait         0 ticks/time (           0 ticks,       0 times, max         0, min      -1)
02:54:29.401872 /PDM/CritSects/TM tsc queue timer lock/ContentionRZLock         0 times
02:54:29.401873 /PDM/CritSects/TM tsc queue timer lock/ContentionRZLockBusy         0 times
02:54:29.401874 /PDM/CritSects/TM tsc queue timer lock/ContentionRZUnlock         0 times
02:54:29.401875 /PDM/CritSects/TM tsc queue timer lock/ContentionRZWait         0 ticks/time (           0 ticks,       0 times, max         0, min      -1)
02:54:29.401877 /PDM/CritSects/TM virtual queue timer lock/ContentionR3        13 times
02:54:29.401878 /PDM/CritSects/TM virtual queue timer lock/ContentionR3Wait     20349 ticks/time (      244192 ticks,      12 times, max     49711, min    6524)
02:54:29.401880 /PDM/CritSects/TM virtual queue timer lock/ContentionRZLock         0 times
02:54:29.401881 /PDM/CritSects/TM virtual queue timer lock/ContentionRZLockBusy         0 times
02:54:29.401882 /PDM/CritSects/TM virtual queue timer lock/ContentionRZUnlock         0 times
02:54:29.401883 /PDM/CritSects/TM virtual queue timer lock/ContentionRZWait         0 ticks/time (           0 ticks,       0 times, max         0, min      -1)
02:54:29.401885 /PDM/CritSects/TM virtual_sync queue timer lock/ContentionR3         0 times
02:54:29.401886 /PDM/CritSects/TM virtual_sync queue timer lock/ContentionR3Wait         0 ticks/time (           0 ticks,       0 times, max         0, min      -1)
02:54:29.401889 /PDM/CritSects/TM virtual_sync queue timer lock/ContentionRZLock         0 times
02:54:29.401891 /PDM/CritSects/TM virtual_sync queue timer lock/ContentionRZLockBusy         0 times
02:54:29.401892 /PDM/CritSects/TM virtual_sync queue timer lock/ContentionRZUnlock         0 times
02:54:29.401893 /PDM/CritSects/TM virtual_sync queue timer lock/ContentionRZWait         0 ticks/time (           0 ticks,       0 times, max         0, min      -1)
02:54:29.401895 /PDM/CritSects/VGA#0/ContentionR3                 22 times
02:54:29.401896 /PDM/CritSects/VGA#0/ContentionR3Wait         231276 ticks/time (     5088086 ticks,      22 times, max   1063378, min   11777)
02:54:29.401897 /PDM/CritSects/VGA#0/ContentionRZLock             34 times
02:54:29.401899 /PDM/CritSects/VGA#0/ContentionRZLockBusy          0 times
02:54:29.401900 /PDM/CritSects/VGA#0/ContentionRZUnlock            0 times
02:54:29.401901 /PDM/CritSects/VGA#0/ContentionRZWait          45246 ticks/time (     1538371 ticks,      34 times, max    162145, min   17618)
02:54:29.401903 /PDM/CritSects/VGA#0_IRQ/ContentionR3              0 times
02:54:29.401904 /PDM/CritSects/VGA#0_IRQ/ContentionR3Wait          0 ticks/time (           0 ticks,       0 times, max         0, min      -1)
02:54:29.401905 /PDM/CritSects/VGA#0_IRQ/ContentionRZLock          0 times
02:54:29.401906 /PDM/CritSects/VGA#0_IRQ/ContentionRZLockBusy         0 times
02:54:29.401908 /PDM/CritSects/VGA#0_IRQ/ContentionRZUnlock         0 times
02:54:29.401909 /PDM/CritSects/VGA#0_IRQ/ContentionRZWait          0 ticks/time (           0 ticks,       0 times, max         0, min      -1)
02:54:29.401910 /PDM/CritSects/VMMDev#0/ContentionR3               0 times
02:54:29.401912 /PDM/CritSects/VMMDev#0/ContentionR3Wait           0 ticks/time (           0 ticks,       0 times, max         0, min      -1)
02:54:29.401913 /PDM/CritSects/VMMDev#0/ContentionRZLock           0 times
02:54:29.401914 /PDM/CritSects/VMMDev#0/ContentionRZLockBusy         0 times
02:54:29.401916 /PDM/CritSects/VMMDev#0/ContentionRZUnlock         0 times
02:54:29.401917 /PDM/CritSects/VMMDev#0/ContentionRZWait           0 ticks/time (           0 ticks,       0 times, max         0, min      -1)
02:54:29.401918 /PDM/CritSects/acpi#0/ContentionR3                 0 times
02:54:29.401920 /PDM/CritSects/acpi#0/ContentionR3Wait             0 ticks/time (           0 ticks,       0 times, max         0, min      -1)
02:54:29.401921 /PDM/CritSects/acpi#0/ContentionRZLock             0 times
02:54:29.401922 /PDM/CritSects/acpi#0/ContentionRZLockBusy         0 times
02:54:29.401923 /PDM/CritSects/acpi#0/ContentionRZUnlock           0 times
02:54:29.401925 /PDM/CritSects/acpi#0/ContentionRZWait             0 ticks/time (           0 ticks,       0 times, max         0, min      -1)
02:54:29.401926 /PDM/CritSects/mc146818#0Auto/ContentionR3         0 times
02:54:29.401927 /PDM/CritSects/mc146818#0Auto/ContentionR3Wait         0 ticks/time (           0 ticks,       0 times, max         0, min      -1)
02:54:29.401929 /PDM/CritSects/mc146818#0Auto/ContentionRZLock         0 times
02:54:29.401930 /PDM/CritSects/mc146818#0Auto/ContentionRZLockBusy         0 times
02:54:29.401931 /PDM/CritSects/mc146818#0Auto/ContentionRZUnlock         0 times
02:54:29.401932 /PDM/CritSects/mc146818#0Auto/ContentionRZWait         0 ticks/time (           0 ticks,       0 times, max         0, min      -1)
02:54:29.401934 /PDM/CritSects/pcarch#0Auto/ContentionR3           0 times
02:54:29.401935 /PDM/CritSects/pcarch#0Auto/ContentionR3Wait         0 ticks/time (           0 ticks,       0 times, max         0, min      -1)
02:54:29.401936 /PDM/CritSects/pcarch#0Auto/ContentionRZLock         0 times
02:54:29.401938 /PDM/CritSects/pcarch#0Auto/ContentionRZLockBusy         0 times
02:54:29.401939 /PDM/CritSects/pcarch#0Auto/ContentionRZUnlock         0 times
02:54:29.401940 /PDM/CritSects/pcarch#0Auto/ContentionRZWait         0 ticks/time (           0 ticks,       0 times, max         0, min      -1)
02:54:29.401943 /PDM/CritSects/pcbios#0Auto/ContentionR3           0 times
02:54:29.401944 /PDM/CritSects/pcbios#0Auto/ContentionR3Wait         0 ticks/time (           0 ticks,       0 times, max         0, min      -1)
02:54:29.401945 /PDM/CritSects/pcbios#0Auto/ContentionRZLock         0 times
02:54:29.401947 /PDM/CritSects/pcbios#0Auto/ContentionRZLockBusy         0 times
02:54:29.401948 /PDM/CritSects/pcbios#0Auto/ContentionRZUnlock         0 times
02:54:29.401949 /PDM/CritSects/pcbios#0Auto/ContentionRZWait         0 ticks/time (           0 ticks,       0 times, max         0, min      -1)
02:54:29.401950 /PDM/CritSects/pckbd#0Auto/ContentionR3            0 times
02:54:29.401952 /PDM/CritSects/pckbd#0Auto/ContentionR3Wait         0 ticks/time (           0 ticks,       0 times, max         0, min      -1)
02:54:29.401953 /PDM/CritSects/pckbd#0Auto/ContentionRZLock         0 times
02:54:29.401954 /PDM/CritSects/pckbd#0Auto/ContentionRZLockBusy         0 times
02:54:29.401955 /PDM/CritSects/pckbd#0Auto/ContentionRZUnlock         0 times
02:54:29.401957 /PDM/CritSects/pckbd#0Auto/ContentionRZWait         0 ticks/time (           0 ticks,       0 times, max         0, min      -1)
02:54:29.401958 /PDM/CritSects/pit#0/ContentionR3                  0 times
02:54:29.401959 /PDM/CritSects/pit#0/ContentionR3Wait              0 ticks/time (           0 ticks,       0 times, max         0, min      -1)
02:54:29.401961 /PDM/CritSects/pit#0/ContentionRZLock              0 times
02:54:29.401962 /PDM/CritSects/pit#0/ContentionRZLockBusy          0 times
02:54:29.401963 /PDM/CritSects/pit#0/ContentionRZUnlock            0 times
02:54:29.401964 /PDM/CritSects/pit#0/ContentionRZWait              0 ticks/time (           0 ticks,       0 times, max         0, min      -1)
02:54:29.401966 /PDM/CritSectsRw/00-EnterSharedWhileAborting         0 times
02:54:29.401967 /PDM/CritSectsRw/00-Excl-Non-interruptible-Waits-VINF_SUCCESS         0 times
02:54:29.401968 /PDM/CritSectsRw/00-Excl-VERR_INTERRUPTED          0 times
02:54:29.401969 /PDM/CritSectsRw/00-Excl-VERR_TIMEOUT              0 times
02:54:29.401970 /PDM/CritSectsRw/00-Shared-Non-interruptible-Waits-VINF_SUCCESS         0 times
02:54:29.401972 /PDM/CritSectsRw/00-Shared-VERR_INTERRUPTED         0 times
02:54:29.401973 /PDM/CritSectsRw/00-Shared-VERR_TIMEOUT            0 times
02:54:29.401974 /PDM/CritSectsRw/IOM Lock/ContentionR3EnterExcl         0 times
02:54:29.401975 /PDM/CritSectsRw/IOM Lock/ContentionR3EnterShared         0 times
02:54:29.401976 /PDM/CritSectsRw/IOM Lock/ContentionR3LeaveExcl         0 times
02:54:29.401978 /PDM/CritSectsRw/IOM Lock/ContentionRZEnterExcl         0 times
02:54:29.401979 /PDM/CritSectsRw/IOM Lock/ContentionRZEnterShared         0 times
02:54:29.401980 /PDM/CritSectsRw/IOM Lock/ContentionRZLeaveExcl         0 times
02:54:29.401981 /PDM/CritSectsRw/IOM Lock/ContentionRZLeaveShared         0 times
02:54:29.401982 /PDM/CritSectsRw/IOM Lock/R3EnterExcl            499 times
02:54:29.401983 /PDM/CritSectsRw/IOM Lock/R3EnterShared        25223 times
02:54:29.401984 /PDM/CritSectsRw/IOM Lock/RZEnterExcl              0 times
02:54:29.401986 /PDM/CritSectsRw/IOM Lock/RZEnterShared     17091676 times
02:54:29.401987 /PDM/CritSectsRw/TM real queue alloc lock/ContentionR3EnterExcl         0 times
02:54:29.401988 /PDM/CritSectsRw/TM real queue alloc lock/ContentionR3EnterShared         0 times
02:54:29.401989 /PDM/CritSectsRw/TM real queue alloc lock/ContentionR3LeaveExcl         0 times
02:54:29.401990 /PDM/CritSectsRw/TM real queue alloc lock/ContentionRZEnterExcl         0 times
02:54:29.401991 /PDM/CritSectsRw/TM real queue alloc lock/ContentionRZEnterShared         0 times
02:54:29.401992 /PDM/CritSectsRw/TM real queue alloc lock/ContentionRZLeaveExcl         0 times
02:54:29.401994 /PDM/CritSectsRw/TM real queue alloc lock/ContentionRZLeaveShared         0 times
02:54:29.401995 /PDM/CritSectsRw/TM real queue alloc lock/R3EnterExcl         8 times
02:54:29.401996 /PDM/CritSectsRw/TM real queue alloc lock/R3EnterShared         1 times
02:54:29.401999 /PDM/CritSectsRw/TM real queue alloc lock/RZEnterExcl         0 times
02:54:29.402000 /PDM/CritSectsRw/TM real queue alloc lock/RZEnterShared         0 times
02:54:29.402001 /PDM/CritSectsRw/TM tsc queue alloc lock/ContentionR3EnterExcl         0 times
02:54:29.402002 /PDM/CritSectsRw/TM tsc queue alloc lock/ContentionR3EnterShared         0 times
02:54:29.402003 /PDM/CritSectsRw/TM tsc queue alloc lock/ContentionR3LeaveExcl         0 times
02:54:29.402004 /PDM/CritSectsRw/TM tsc queue alloc lock/ContentionRZEnterExcl         0 times
02:54:29.402005 /PDM/CritSectsRw/TM tsc queue alloc lock/ContentionRZEnterShared         0 times
02:54:29.402007 /PDM/CritSectsRw/TM tsc queue alloc lock/ContentionRZLeaveExcl         0 times
02:54:29.402008 /PDM/CritSectsRw/TM tsc queue alloc lock/ContentionRZLeaveShared         0 times
02:54:29.402009 /PDM/CritSectsRw/TM tsc queue alloc lock/R3EnterExcl         0 times
02:54:29.402010 /PDM/CritSectsRw/TM tsc queue alloc lock/R3EnterShared         1 times
02:54:29.402011 /PDM/CritSectsRw/TM tsc queue alloc lock/RZEnterExcl         0 times
02:54:29.402012 /PDM/CritSectsRw/TM tsc queue alloc lock/RZEnterShared         0 times
02:54:29.402013 /PDM/CritSectsRw/TM virtual queue alloc lock/ContentionR3EnterExcl         0 times
02:54:29.402014 /PDM/CritSectsRw/TM virtual queue alloc lock/ContentionR3EnterShared         0 times
02:54:29.402015 /PDM/CritSectsRw/TM virtual queue alloc lock/ContentionR3LeaveExcl         0 times
02:54:29.402017 /PDM/CritSectsRw/TM virtual queue alloc lock/ContentionRZEnterExcl         0 times
02:54:29.402018 /PDM/CritSectsRw/TM virtual queue alloc lock/ContentionRZEnterShared         0 times
02:54:29.402019 /PDM/CritSectsRw/TM virtual queue alloc lock/ContentionRZLeaveExcl         0 times
02:54:29.402020 /PDM/CritSectsRw/TM virtual queue alloc lock/ContentionRZLeaveShared         0 times
02:54:29.402021 /PDM/CritSectsRw/TM virtual queue alloc lock/R3EnterExcl        11 times
02:54:29.402022 /PDM/CritSectsRw/TM virtual queue alloc lock/R3EnterShared         1 times
02:54:29.402023 /PDM/CritSectsRw/TM virtual queue alloc lock/RZEnterExcl         0 times
02:54:29.402025 /PDM/CritSectsRw/TM virtual queue alloc lock/RZEnterShared         0 times
02:54:29.402026 /PDM/CritSectsRw/TM virtual_sync queue alloc lock/ContentionR3EnterExcl         0 times
02:54:29.402027 /PDM/CritSectsRw/TM virtual_sync queue alloc lock/ContentionR3EnterShared         0 times
02:54:29.402028 /PDM/CritSectsRw/TM virtual_sync queue alloc lock/ContentionR3LeaveExcl         0 times
02:54:29.402029 /PDM/CritSectsRw/TM virtual_sync queue alloc lock/ContentionRZEnterExcl         0 times
02:54:29.402030 /PDM/CritSectsRw/TM virtual_sync queue alloc lock/ContentionRZEnterShared         0 times
02:54:29.402032 /PDM/CritSectsRw/TM virtual_sync queue alloc lock/ContentionRZLeaveExcl         0 times
02:54:29.402033 /PDM/CritSectsRw/TM virtual_sync queue alloc lock/ContentionRZLeaveShared         0 times
02:54:29.402034 /PDM/CritSectsRw/TM virtual_sync queue alloc lock/R3EnterExcl        10 times
02:54:29.402035 /PDM/CritSectsRw/TM virtual_sync queue alloc lock/R3EnterShared         1 times
02:54:29.402036 /PDM/CritSectsRw/TM virtual_sync queue alloc lock/RZEnterExcl         0 times
02:54:29.402037 /PDM/CritSectsRw/TM virtual_sync queue alloc lock/RZEnterShared         0 times
02:54:29.402038 /PDM/Queue/DevHlp/AllocFailures                    0 times
02:54:29.402040 /PDM/Queue/DevHlp/Flush                            0 calls
02:54:29.402041 /PDM/Queue/DevHlp/FlushLeftovers                   0 times
02:54:29.402042 /PDM/Queue/DevHlp/Insert                           0 calls
02:54:29.402044 /PDM/Queue/DevHlp/cItems                          16 count
02:54:29.402045 /PDM/Queue/DevHlp/cbItem                          56 bytes
02:54:29.402046 /PDM/Queue/DevHlp/rcOkay                           0 
02:54:29.402048 /PDM/Queue/Keyboard/AllocFailures                  0 times
02:54:29.402049 /PDM/Queue/Keyboard/Flush                          0 calls
02:54:29.402050 /PDM/Queue/Keyboard/FlushLeftovers                 0 times
02:54:29.402053 /PDM/Queue/Keyboard/Insert                         1 calls
02:54:29.402055 /PDM/Queue/Keyboard/cItems                        64 count
02:54:29.402056 /PDM/Queue/Keyboard/cbItem                        16 bytes
02:54:29.402057 /PDM/Queue/Keyboard/rcOkay                         0 
02:54:29.402059 /PDM/Queue/Mouse/AllocFailures                     0 times
02:54:29.402060 /PDM/Queue/Mouse/Flush                             0 calls
02:54:29.402061 /PDM/Queue/Mouse/FlushLeftovers                    0 times
02:54:29.402063 /PDM/Queue/Mouse/Insert                            0 calls
02:54:29.402064 /PDM/Queue/Mouse/cItems                          128 count
02:54:29.402065 /PDM/Queue/Mouse/cbItem                           32 bytes
02:54:29.402067 /PDM/Queue/Mouse/rcOkay                            0 
02:54:29.402068 /PDM/Tasks/000-E1000-Xmit-retriggered              5 times
02:54:29.402070 /PDM/Tasks/000-E1000-Xmit-runs                    67 times
02:54:29.402071 /PDM/Tasks/001-E1000-Xmit-retriggered             26 times
02:54:29.402072 /PDM/Tasks/001-E1000-Xmit-runs                  3890 times
02:54:29.402073 /PGM/CPU0/R3/Page/MapTlbMisses                    34 times
02:54:29.402075 /PGM/CPU0/R3/RamRange/TlbLocking                  10 times
02:54:29.402076 /PGM/CPU0/R3/RamRange/TlbMisses                   10 times
02:54:29.402077 /PGM/CPU0/RZ/Page/MapTlbMisses                     0 times
02:54:29.402079 /PGM/CPU0/RZ/RamRange/TlbLocking                  18 times
02:54:29.402080 /PGM/CPU0/RZ/RamRange/TlbMisses                   18 times
02:54:29.402081 /PGM/CPU0/cA20Changes                              2 times
02:54:29.402082 /PGM/CPU0/cGuestModeChanges                   917199 times
02:54:29.402084 /PGM/CPU1/R3/Page/MapTlbMisses                    30 times
02:54:29.402085 /PGM/CPU1/R3/RamRange/TlbLocking                   7 times
02:54:29.402086 /PGM/CPU1/R3/RamRange/TlbMisses                    7 times
02:54:29.402088 /PGM/CPU1/RZ/Page/MapTlbMisses                     0 times
02:54:29.402089 /PGM/CPU1/RZ/RamRange/TlbLocking                  11 times
02:54:29.402090 /PGM/CPU1/RZ/RamRange/TlbMisses                   11 times
02:54:29.402091 /PGM/CPU1/cA20Changes                              0 times
02:54:29.402092 /PGM/CPU1/cGuestModeChanges                        3 times
02:54:29.402094 /PGM/ChunkR3Map/Mapped                            81 count
02:54:29.402095 /PGM/ChunkR3Map/Unmapped                           0 count
02:54:29.402097 /PGM/ChunkR3Map/c                                 81 count
02:54:29.402098 /PGM/ChunkR3Map/cMax                       4294967295 count
02:54:29.402100 /PGM/LargePage/Alloc                               0 ns/call (           0 ns,       0 calls, max         0, min      -1)
02:54:29.402102 /PGM/LargePage/AllocFailed                         0 times
02:54:29.402103 /PGM/LargePage/Overflow                            0 times
02:54:29.402104 /PGM/LargePage/Recheck                             0 times
02:54:29.402106 /PGM/LargePage/Refused                             0 times
02:54:29.402107 /PGM/LargePage/Reused                              0 times
02:54:29.402108 /PGM/LargePage/TlbFlush                            0 times
02:54:29.402110 /PGM/LargePage/ZeroEvict                           0 times
02:54:29.402112 /PGM/Mmio2QueryAndResetDirtyBitmap                 0 ticks/call (           0 ticks,       0 calls, max         0, min      -1)
02:54:29.402113 /PGM/Page/cAllPages                           529999 count
02:54:29.402115 /PGM/Page/cBalloonedPages                          0 count
02:54:29.402116 /PGM/Page/cHandyPages                             64 count
02:54:29.402118 /PGM/Page/cLargePages                              0 count
02:54:29.402119 /PGM/Page/cLargePagesDisabled                      0 count
02:54:29.402120 /PGM/Page/cMonitoredPages                          0 count
02:54:29.402122 /PGM/Page/cPrivatePages                       166891 count
02:54:29.402123 /PGM/Page/cPureMmioPages                         100 count
02:54:29.402124 /PGM/Page/cReadLockedPages                         0 count
02:54:29.402128 /PGM/Page/cReusedSharedPages                       0 count
02:54:29.402129 /PGM/Page/cSharedPages                             0 count
02:54:29.402130 /PGM/Page/cWriteLockedPages                        0 count
02:54:29.402131 /PGM/Page/cWrittenToPages                          0 count
02:54:29.402133 /PGM/Page/cZeroPages                          363008 count
02:54:29.402134 /PGM/PhysHandlerTree/ErrorsAllocatorR3             0 times
02:54:29.402136 /PGM/PhysHandlerTree/ErrorsTree                    0 times
02:54:29.402137 /PGM/PhysHandlerTree/Inserts                      73 times
02:54:29.402138 /PGM/PhysHandlerTree/MaxHandlers                6144 times
02:54:29.402139 /PGM/PhysHandlerTree/RebalancingOperations        11 times
02:54:29.402140 /PGM/PhysHandlerTree/Removals                     60 times
02:54:29.402142 /PGM/Pool/Grow                                709565 ticks/call (      709565 ticks,       1 calls, max    709565, min  709565)
02:54:29.402144 /PGM/ShMod/Check                                   0 ticks/call (           0 ticks,       0 calls, max         0, min      -1)
02:54:29.402146 /PROF/CPU0/EM/Capped                               0 ticks/call (           0 ticks,       0 calls, max         0, min      -1)
02:54:29.402148 /PROF/CPU0/EM/ForcedActions                    93855 times
02:54:29.402149 /PROF/CPU0/EM/HMExec                       168646839 ticks/call (27004069299906 ticks,  160122 calls, max 17686866894, min    1729)
02:54:29.402151 /PROF/CPU0/EM/HMExecuteCalled                  67879 times
02:54:29.402152 /PROF/CPU0/EM/Halted                           67055 times
02:54:29.402154 /PROF/CPU0/EM/NEMExec                              0 ticks/call (           0 ticks,       0 calls, max         0, min      -1)
02:54:29.402155 /PROF/CPU0/EM/NEMExecuteCalled                     0 times
02:54:29.402157 /PROF/CPU0/EM/REMTotal                             0 times
02:54:29.402158 /PROF/CPU0/EM/RecordedExits                 24552391 times
02:54:29.402159 /PROF/CPU0/EM/Total                        33367097458840 ticks/call (33367097458840 ticks,       1 calls, max 33367097458840, min 33367097458840)
02:54:29.402162 /PROF/CPU0/VM/Halt/Block                    32368192 ns/call (1996243539402 ns,   61673 calls, max 500030572, min       1)
02:54:29.402164 /PROF/CPU0/VM/Halt/BlockInsomnia            32353026 ns/call (1995243498811 ns,   61671 calls, max 485260168, min       1)
02:54:29.402166 /PROF/CPU0/VM/Halt/BlockOnTime             500020295 ns/call (  1000040591 ns,       2 calls, max 500030572, min 500010019)
02:54:29.402168 /PROF/CPU0/VM/Halt/BlockOverslept                  0 ns/call (           0 ns,       0 calls, max         0, min      -1)
02:54:29.402170 /PROF/CPU0/VM/Halt/R0HaltBlock              38312824 ns/call (8418553611379 ns,  219732 calls, max 500206768, min       2)
02:54:29.402171 /PROF/CPU0/VM/Halt/R0HaltBlockInsomnia      37913246 ns/call (8323549885049 ns,  219542 calls, max 499544740, min       2)
02:54:29.402173 /PROF/CPU0/VM/Halt/R0HaltBlockOnTime       500007187 ns/call ( 83001193134 ns,     166 calls, max 500045345, min 499994683)
02:54:29.402175 /PROF/CPU0/VM/Halt/R0HaltBlockOverslept       112820 ns/call (     2707682 ns,      24 calls, max    214457, min   64393)
02:54:29.402176 /PROF/CPU0/VM/Halt/R0HaltExec                 234345 times
02:54:29.402178 /PROF/CPU0/VM/Halt/R0HaltExec/FromBlock       219053 times
02:54:29.402179 /PROF/CPU0/VM/Halt/R0HaltExec/FromSpin         13125 times
02:54:29.402180 /PROF/CPU0/VM/Halt/R0HaltHistoryCounter       301398 times
02:54:29.402181 /PROF/CPU0/VM/Halt/R0HaltHistorySucceeded         60 times
02:54:29.402182 /PROF/CPU0/VM/Halt/R0HaltHistoryToRing3           29 times
02:54:29.402184 /PROF/CPU0/VM/Halt/R0HaltToR3                  67053 times
02:54:29.402185 /PROF/CPU0/VM/Halt/R0HaltToR3/FromSpin           971 times
02:54:29.402186 /PROF/CPU0/VM/Halt/R0HaltToR3/Other                0 times
02:54:29.402187 /PROF/CPU0/VM/Halt/R0HaltToR3/PendingFF        65403 times
02:54:29.402188 /PROF/CPU0/VM/Halt/R0HaltToR3/PostWaitNoInt       568 times
02:54:29.402191 /PROF/CPU0/VM/Halt/R0HaltToR3/PostWaitPendingFF       111 times
02:54:29.402192 /PROF/CPU0/VM/Halt/R0HaltToR3/SmallDelta           0 times
02:54:29.402193 /PROF/CPU0/VM/Halt/Timers                        626 ns/call (    77784091 ns,  124094 calls, max   1005009, min       1)
02:54:29.402195 /PROF/CPU0/VM/Halt/Yield                           0 ns/call (           0 ns,       0 calls, max         0, min      -1)
02:54:29.402197 /PROF/CPU1/EM/Capped                               0 ticks/call (           0 ticks,       0 calls, max         0, min      -1)
02:54:29.402199 /PROF/CPU1/EM/ForcedActions                   751004 times
02:54:29.402200 /PROF/CPU1/EM/HMExec                        29643445 ticks/call (22105591631020 ticks,  745716 calls, max 1127405217, min    2988)
02:54:29.402202 /PROF/CPU1/EM/HMExecuteCalled                 695411 times
02:54:29.402204 /PROF/CPU1/EM/Halted                          686119 times
02:54:29.402205 /PROF/CPU1/EM/NEMExec                              0 ticks/call (           0 ticks,       0 calls, max         0, min      -1)
02:54:29.402206 /PROF/CPU1/EM/NEMExecuteCalled                     0 times
02:54:29.402208 /PROF/CPU1/EM/REMTotal                             0 times
02:54:29.402209 /PROF/CPU1/EM/RecordedExits                  6932820 times
02:54:29.402210 /PROF/CPU1/EM/Total                        33367097460100 ticks/call (33367097460100 ticks,       1 calls, max 33367097460100, min 33367097460100)
02:54:29.402213 /PROF/CPU1/VM/Halt/Block                    12886323 ns/call (3523004966971 ns,  273391 calls, max 498548174, min       1)
02:54:29.402214 /PROF/CPU1/VM/Halt/BlockInsomnia             3457177 ns/call (165730176235 ns,   47938 calls, max 498548174, min       1)
02:54:29.402216 /PROF/CPU1/VM/Halt/BlockOnTime              14317258 ns/call (2870839384201 ns,  200516 calls, max 496780819, min       1)
02:54:29.402218 /PROF/CPU1/VM/Halt/BlockOverslept             314552 ns/call (  7843993279 ns,   24937 calls, max   2916353, min   50004)
02:54:29.402220 /PROF/CPU1/VM/Halt/R0HaltBlock              11330034 ns/call (6882395687143 ns,  607447 calls, max 353712288, min       2)
02:54:29.402221 /PROF/CPU1/VM/Halt/R0HaltBlockInsomnia       8152827 ns/call (309008468262 ns,   37902 calls, max 249306245, min       2)
02:54:29.402223 /PROF/CPU1/VM/Halt/R0HaltBlockOnTime        10560349 ns/call (5677117258603 ns,  537588 calls, max 353712288, min       2)
02:54:29.402225 /PROF/CPU1/VM/Halt/R0HaltBlockOverslept       107779 ns/call (  3444309579 ns,   31957 calls, max   4358287, min   50002)
02:54:29.402226 /PROF/CPU1/VM/Halt/R0HaltExec                  42737 times
02:54:29.402227 /PROF/CPU1/VM/Halt/R0HaltExec/FromBlock        38225 times
02:54:29.402229 /PROF/CPU1/VM/Halt/R0HaltExec/FromSpin          3224 times
02:54:29.402230 /PROF/CPU1/VM/Halt/R0HaltHistoryCounter       727739 times
02:54:29.402231 /PROF/CPU1/VM/Halt/R0HaltHistorySucceeded          6 times
02:54:29.402232 /PROF/CPU1/VM/Halt/R0HaltHistoryToRing3          184 times
02:54:29.402233 /PROF/CPU1/VM/Halt/R0HaltToR3                 685002 times
02:54:29.402235 /PROF/CPU1/VM/Halt/R0HaltToR3/FromSpin             4 times
02:54:29.402236 /PROF/CPU1/VM/Halt/R0HaltToR3/Other                1 times
02:54:29.402237 /PROF/CPU1/VM/Halt/R0HaltToR3/PendingFF       113869 times
02:54:29.402238 /PROF/CPU1/VM/Halt/R0HaltToR3/PostWaitNoInt    560863 times
02:54:29.402239 /PROF/CPU1/VM/Halt/R0HaltToR3/PostWaitPendingFF      8359 times
02:54:29.402241 /PROF/CPU1/VM/Halt/R0HaltToR3/SmallDelta        1906 times
02:54:29.402242 /PROF/CPU1/VM/Halt/Timers                      10206 ns/call (  9634555434 ns,  943996 calls, max   1137227, min       2)
02:54:29.402244 /PROF/CPU1/VM/Halt/Yield                        1155 ns/call (       61238 ns,      53 calls, max      9103, min       1)
02:54:29.402245 /Public/NetAdapter/0/BytesReceived             13120 bytes
02:54:29.402247 /Public/NetAdapter/0/BytesTransmitted           7403 bytes
02:54:29.402248 /Public/NetAdapter/0/e1000                         0 
02:54:29.402249 /Public/NetAdapter/1/BytesReceived           2056679 bytes
02:54:29.402252 /Public/NetAdapter/1/BytesTransmitted         946531 bytes
02:54:29.402253 /Public/NetAdapter/1/e1000                         1 
02:54:29.402255 /Public/Storage/AHCI0/Port0/BytesRead        6358016 bytes
02:54:29.402256 /Public/Storage/AHCI0/Port0/QueryBufAttempts         0 count
02:54:29.402257 /Public/Storage/AHCI0/Port0/QueryBufSuccess         0 count
02:54:29.402259 /Public/Storage/AHCI0/Port0/ReqsFlush              1 count
02:54:29.402260 /Public/Storage/AHCI0/Port0/ReqsRead             128 count
02:54:29.402261 /Public/Storage/AHCI0/Port0/ReqsSubmitted        129 count
02:54:29.402262 /Public/Storage/AHCI0/Port0/ReqsSucceeded        129 count
02:54:29.402264 /Public/Storage/PIIX3IDE0/Port0/BytesRead  201646080 bytes
02:54:29.402265 /Public/Storage/PIIX3IDE0/Port0/QueryBufAttempts         0 count
02:54:29.402266 /Public/Storage/PIIX3IDE0/Port0/QueryBufSuccess         0 count
02:54:29.402268 /Public/Storage/PIIX3IDE0/Port0/ReqsRead        7444 count
02:54:29.402269 /Public/Storage/PIIX3IDE0/Port0/ReqsSubmitted      7444 count
02:54:29.402270 /Public/Storage/PIIX3IDE0/Port0/ReqsSucceeded      7444 count
02:54:29.402271 /SELM/LoadHidSel/GstReadErrors                     0 times
02:54:29.402272 /SELM/LoadHidSel/NoGoodGuest                       0 times
02:54:29.402274 /TM/CPU/00/cNsExecuting                    33693251180 ns
02:54:29.402275 /TM/CPU/00/cNsHalted                       1996402715601 ns
02:54:29.402277 /TM/CPU/00/cNsOther                        8439193106101 ns
02:54:29.402278 /TM/CPU/00/cNsTotal                        10469289072882 ns
02:54:29.402280 /TM/CPU/00/cPeriodsExecuting                24552391 count
02:54:29.402281 /TM/CPU/00/cPeriodsHalted                      62421 count
02:54:29.402282 /TM/CPU/00/pctExecuting                            0 %
02:54:29.402284 /TM/CPU/00/pctHalted                              44 %
02:54:29.402285 /TM/CPU/00/pctOther                               54 %
02:54:29.402287 /TM/CPU/01/cNsExecuting                    35721971514 ns
02:54:29.402288 /TM/CPU/01/cNsHalted                       3533242036430 ns
02:54:29.402289 /TM/CPU/01/cNsOther                        6900325053540 ns
02:54:29.402291 /TM/CPU/01/cNsTotal                        10469289061484 ns
02:54:29.402292 /TM/CPU/01/cPeriodsExecuting                 6932818 count
02:54:29.402294 /TM/CPU/01/cPeriodsHalted                     667984 count
02:54:29.402295 /TM/CPU/01/pctExecuting                            0 %
02:54:29.402296 /TM/CPU/01/pctHalted                              17 %
02:54:29.402297 /TM/CPU/01/pctOther                               81 %
02:54:29.402299 /TM/CPU/pctExecuting                               0 %
02:54:29.402300 /TM/CPU/pctHalted                                 31 %
02:54:29.402301 /TM/CPU/pctOther                                  68 %
02:54:29.402303 /TM/MaxHzHint                                      0 Hz
02:54:29.402304 /TM/MaxHzHint/real                                 0 Hz
02:54:29.402306 /TM/MaxHzHint/tsc                                  0 Hz
02:54:29.402307 /TM/MaxHzHint/virtual                              0 Hz
02:54:29.402308 /TM/MaxHzHint/virtual_sync                         0 Hz
02:54:29.402310 /TM/PIT/Handler                                    0 ticks/call (           0 ticks,       0 calls, max         0, min      -1)
02:54:29.402311 /TM/PIT/Irq                                        0 times
02:54:29.402313 /TM/R3/1nsSteps                                96289 times
02:54:29.402314 /TM/TSC/offCPU0                            36927139003499 ticks
02:54:29.402316 /TM/TSC/offCPU1                            36927139003499 ticks
02:54:29.402317 /TM/VirtualSync/CurrentOffset                 440615 ns
02:54:29.402319 /TRPM/ForwardRaw/IRQ/20                          619 times
02:54:29.402320 /TRPM/ForwardRaw/IRQ/21                            3 times
02:54:29.402321 /TRPM/ForwardRaw/IRQ/23                           59 times
02:54:29.402323 /TRPM/ForwardRaw/IRQ/24                         2080 times
02:54:29.402324 /TRPM/ForwardRaw/IRQ/30                            2 times
02:54:29.402332 /TRPM/ForwardRaw/IRQ/EC                       710998 times
02:54:29.402334 /TRPM/ForwardRaw/IRQ/FB                        48449 times
02:54:29.402335 /TRPM/ForwardRaw/IRQ/FD                         1037 times
02:54:29.402337 /TRPM/ForwardRaw/TRAP/08                           8 times
02:54:29.402339 /VMM/EmtHashCollisions/Emt00                       0 times
02:54:29.402340 /VMM/EmtHashCollisions/Emt01                       0 times
02:54:29.402341 /VMM/LogFlush/00-Flushes                           0 times
02:54:29.402343 /VMM/LogFlush/00-NoWakups                          0 times
02:54:29.402344 /VMM/LogFlush/CPU0/Rel/cbBuf                    4096 bytes
02:54:29.402346 /VMM/LogFlush/CPU1/Rel/cbBuf                    4096 bytes
02:54:29.402348 ********************* End of statistics **********************
02:54:29.402854 E1000#0: Interrupt attempts: 5387
02:54:29.402854 E1000#0: Interrupts raised : 5300
02:54:29.402854 E1000#0: Interrupts lowered: 1
02:54:29.402854 E1000#0: ICR outside ISR   : 0
02:54:29.402854 E1000#0: IMS raised ints   : 9
02:54:29.402854 E1000#0: Interrupts skipped: 76
02:54:29.402854 E1000#0: Masked interrupts : 11
02:54:29.402854 E1000#0: Early interrupts  : 0
02:54:29.402854 E1000#0: Late interrupts   : 5
02:54:29.402854 E1000#0: Lost interrupts   : 0
02:54:29.402854 E1000#0: Interrupts by RX  : 82
02:54:29.402854 E1000#0: Interrupts by TX  : 70
02:54:29.402854 E1000#0: Interrupts by ICS : 5163
02:54:29.402854 E1000#0: Interrupts by RDTR: 0
02:54:29.402854 E1000#0: Interrupts by RDMT: 0
02:54:29.402854 E1000#0: Interrupts by TXQE: 0
02:54:29.402854 E1000#0: TX int delay asked: 0
02:54:29.402854 E1000#0: TX delayed:         0
02:54:29.402854 E1000#0: TX delay expired:   0
02:54:29.402854 E1000#0: TX no report asked: 38
02:54:29.402854 E1000#0: TX abs timer expd : 0
02:54:29.402854 E1000#0: TX int timer expd : 0
02:54:29.402854 E1000#0: RX abs timer expd : 0
02:54:29.402854 E1000#0: RX int timer expd : 0
02:54:29.402854 E1000#0: TX CTX descriptors: 32
02:54:29.402854 E1000#0: TX DAT descriptors: 38
02:54:29.402854 E1000#0: TX LEG descriptors: 38
02:54:29.402854 E1000#0: Received frames   : 82
02:54:29.402854 E1000#0: Transmitted frames: 70
02:54:29.402854 E1000#0: TX frames up to 1514: 70
02:54:29.402854 E1000#0: TX frames up to 2962: 0
02:54:29.402854 E1000#0: TX frames up to 4410: 0
02:54:29.402854 E1000#0: TX frames up to 5858: 0
02:54:29.402854 E1000#0: TX frames up to 7306: 0
02:54:29.402854 E1000#0: TX frames up to 8754: 0
02:54:29.402854 E1000#0: TX frames up to 16384: 0
02:54:29.402854 E1000#0: TX frames up to 32768: 0
02:54:29.402854 E1000#0: Larger TX frames    : 0
02:54:29.402854 E1000#0: Max TX Delay        : 0
02:54:29.402854 E1000#1: Interrupt attempts: 22227
02:54:29.402854 E1000#1: Interrupts raised : 13299
02:54:29.402854 E1000#1: Interrupts lowered: 334
02:54:29.402854 E1000#1: ICR outside ISR   : 0
02:54:29.402854 E1000#1: IMS raised ints   : 1090
02:54:29.402854 E1000#1: Interrupts skipped: 7510
02:54:29.402854 E1000#1: Masked interrupts : 1418
02:54:29.402854 E1000#1: Early interrupts  : 0
02:54:29.402854 E1000#1: Late interrupts   : 796
02:54:29.402854 E1000#1: Lost interrupts   : 0
02:54:29.402854 E1000#1: Interrupts by RX  : 8453
02:54:29.402854 E1000#1: Interrupts by TX  : 3914
02:54:29.402854 E1000#1: Interrupts by ICS : 5174
02:54:29.402854 E1000#1: Interrupts by RDTR: 0
02:54:29.402854 E1000#1: Interrupts by RDMT: 0
02:54:29.402854 E1000#1: Interrupts by TXQE: 0
02:54:29.402854 E1000#1: TX int delay asked: 0
02:54:29.402854 E1000#1: TX delayed:         0
02:54:29.402854 E1000#1: TX delay expired:   0
02:54:29.402854 E1000#1: TX no report asked: 4746
02:54:29.402854 E1000#1: TX abs timer expd : 0
02:54:29.402854 E1000#1: TX int timer expd : 0
02:54:29.402854 E1000#1: RX abs timer expd : 0
02:54:29.402854 E1000#1: RX int timer expd : 0
02:54:29.402854 E1000#1: TX CTX descriptors: 3826
02:54:29.402854 E1000#1: TX DAT descriptors: 4746
02:54:29.402854 E1000#1: TX LEG descriptors: 88
02:54:29.402854 E1000#1: Received frames   : 8453
02:54:29.402854 E1000#1: Transmitted frames: 3914
02:54:29.402854 E1000#1: TX frames up to 1514: 3914
02:54:29.402854 E1000#1: TX frames up to 2962: 0
02:54:29.402854 E1000#1: TX frames up to 4410: 0
02:54:29.402854 E1000#1: TX frames up to 5858: 0
02:54:29.402854 E1000#1: TX frames up to 7306: 0
02:54:29.402854 E1000#1: TX frames up to 8754: 0
02:54:29.402854 E1000#1: TX frames up to 16384: 0
02:54:29.402854 E1000#1: TX frames up to 32768: 0
02:54:29.402854 E1000#1: Larger TX frames    : 0
02:54:29.402854 E1000#1: Max TX Delay        : 0
02:54:29.432293 GIM: KVM: Resetting MSRs
02:54:29.432873 vmmR3LogFlusher: Terminating (VERR_OBJECT_DESTROYED)
02:54:29.432873 Changing the VM state from 'DESTROYING' to 'TERMINATED'
02:54:29.432873 Console: Machine state changed to 'PoweredOff'
02:54:29.432873 VBoxHeadless: processEventQueue: VERR_INTERRUPTED, termination requested
02:54:29.458052 VBoxHeadless: exiting
